Microsoft (R) Macro Assembler Version 6.14.8444		    08/10/26 06:13:38
patch.asm						     Page 1 - 1


				    INCLUDE ..\__scripts\macros.inc
			      C ; BIOS Hacking helper macros
			      C 
			      C FAR_JMP     MACRO SEGMENT, OFFSET
			      C             DB 0EAh
			      C             dw OFFSET
			      C             dw SEGMENT
			      C             ENDM
			      C 
			      C FAR_CALL    MACRO SEGMENT, OFFSET
			      C             DB 09Ah
			      C             DW OFFSET
			      C             DW SEGMENT
			      C             ENDM
			      C 
			      C POSTCODE MACRO CODE
			      C             push ax
			      C             mov al, CODE
			      C             out 80h, al
			      C             pop ax
			      C             ENDM
			      C 
			      C MESSAGE MACRO MODULE, TEXT
			      C ;    ECHO ----------------------------------------
			      C     ECHO [ MODULE ] TEXT
			      C ;    ECHO ----------------------------------------
			      C     ENDM
			      C 
			      C PATCH_CODE_START MACRO
			      C     SEG_15 SEGMENT USE16 PARA PUBLIC 'CODE'
			      C     ENDM
			      C 
			      C PATCH_CODE_END MACRO
			      C     SEG_15 ENDS
			      C     ENDM
			      C 
			      C STRINGIFY MACRO arg
			      C     LOCAL foo
			      C     foo CATSTR <'>,arg,<'>
			      C     EXITM foo
			      C ENDM
			      C 
			      C IODELAY macro
			      C     jmp short $+2
			      C     jmp short $+2
			      C     endm
			      C 
 0007			      C AwardChipsetRegisters struc ; (sizeof=0x7, mappedto_1)
 0000  00		      C ItemType            db ?
 0001  00		      C Index               db ?
 0002  00		      C PCIDeviceFuncDev    db ?
 0003  0000		      C RegMask             dw ?
 0005  0000		      C Value               dw ?
			      C AwardChipsetRegisters ends
			      C 
 0019			      C MenuItem            struc ; (sizeof=0x19, mappedto_17)
 0000  0000		      C ItemStatus          dw ?
 0002  0000		      C ItemName            dw ?                    ; offset
 0004  0000		      C ChipsetReg          dw ?
 0006  0000		      C ChipsetRegMask      dw ?
 0008  00		      C CMOSLoc             db ?
 0009  0000		      C CMOSMask            dw ?
 000B  0000		      C FirstItemString     dw ?                    ; offset
 000D  0000		      C MinVal              dw ?
 000F  0000		      C MaxVal              dw ?
 0011  00		      C ItemX               db ?
 0012  00		      C ItemY               db ?
 0013  0000		      C PowerOnDefault      dw ?
 0015  0000		      C SetupDefault        dw ?
 0017  0000		      C HelpString          dw ?                    ; offset
			      C MenuItem            ends
			      C 
 0006			      C MenuHeader      struc ; (sizeof=0x6, mappedto_11)                                                                                                     ; XREF: BIOS_F:PageOffset/r
			      C                                                                                                                                                       ; BIOS_F:112F/r ...
 0000  0000		      C PageStart       dw ?                                                                                                                                  ; offset (000F0000)
 0002  0000		      C PageEnd         dw ?                                                                                                                                  ; offset (000F0000)
 0004  0000		      C StartupString   dw ?                                                                                                                                  ; offset (000F0000)
			      C MenuHeader      ends
			      C 
			      C LBL MACRO NAME, OFF
			      C     ORG OFF
			      C NAME:
			      C     ENDM
			      C 
			      C SEGLBL MACRO NAME, SEG_LBL, CS_LBL, OFF
			      C SEG_LBL SEGMENT USE16 PARA PUBLIC 'CODE'
			      C     ASSUME CS:CS_LBL
			      C     ORG offset OFF
			      C NAME:
			      C SEG_LBL ENDS
			      C     ENDM
			      C 
			      C ;;;;;;;;;;;;;;;;;;;;;;;;;;;;;;;;;;;;;;;;;;;;;;;;;;;;;;;;;;;;;;;
			      C ; AWARD BIOS Menu stuff
			      C ;;;;;;;;;;;;;;;;;;;;;;;;;;;;;;;;;;;;;;;;;;;;;;;;;;;;;;;;;;;;;;;
 = 0008			      C ITEM_Disabled EQU 1000b
			      C 
			      C UNHIDE_OPTION MACRO where
			      C     PATCH_CODE_START
			      C 
			      C     ORG offset where
			      C     dw &where&_FLAGS AND (NOT ITEM_Disabled)
			      C 
			      C     PATCH_CODE_END
			      C     ENDM
			      C 
			      C ;;;;;;;;;;;;;;;;;;;;;;;;;;;;;;;;;;;;;;;;;;;;;;;;;;;;;;;;;;;;;;;
			      C ; AWARD BIOS String stuff
			      C ;;;;;;;;;;;;;;;;;;;;;;;;;;;;;;;;;;;;;;;;;;;;;;;;;;;;;;;;;;;;;;;
			      C 
 = 0000			      C V_DONE          EQU 0
 = 0001			      C V_DONE1         EQU 1
 = 0002			      C V_BORDER        EQU 2
 = 0003			      C V_CLEAR         EQU 3
 = 0004			      C V_STRSHOW       EQU 4
 = 0005			      C V_POS           EQU 5
 = 0006			      C V_HILITE        EQU 6
 = 0007			      C V_REVERSE       EQU 7
 = 0008			      C V_NORMAL        EQU 8
 = 0009			      C V_BLINK         EQU 9
 = 000A			      C V_WARN          EQU 0Ah
 = 000B			      C V_NEWLINE       EQU 0Bh
 = 000C			      C V_ADDX          EQU 0Ch
 = 000D			      C V_SUBX          EQU 0Dh
 = 000E			      C V_ADDY          EQU 0Eh
 = 000F			      C V_SUBY          EQU 0Fh
 = 0010			      C V_CALLROUTINE   EQU 10h
			      C 
 = 0080			      C BP_TextAttr     EQU 080h
			      C 
 0005			      C S_StrShow       struc ; (sizeof=0x5, mappedto_4)                                ; XREF: BIOS_F:62D9/r
			      C                                                                                 ; BIOS_F:62E5/r ...
 0000  04		      C field_0         db V_STRSHOW
 0001  00		      C x               db ?
 0002  00		      C y               db ?
 0003  0000		      C string          dw ?                                                            ; offset
			      C S_StrShow       ends
			      C 
 0003			      C S_CallRoutine   struc
 0000  10		      C field_0         db V_CALLROUTINE        ; enum stringcodes
 0001  0000		      C routine         dw ?                    ; offset (000F0000)
			      C S_CallRoutine   ends
			      C 
 0003			      C S_SetPos        struc
 0000  05		      C field_0         db V_POS
 0001  00		      C x               db ?
 0002  00		      C y               db ?
			      C S_SetPos        ends
			      C 
 0006			      C CPU_Support_Entry_486 struc
 0000  00		      C CMOS_PROC_ID_3D db ?
 0001  00		      C CMOS_DATA_3F    db ?
 0002  0000		      C ResetID_FROM    dw ?
 0004  0000		      C ResetID_TO      dw ?
			      C CPU_Support_Entry_486 ends
			      C 
			      C 
			      C ; A conditional NEAR JUMP, 386+
			      C 
			      C _JNZ    macro WHERE
			      C     db 0fh, 085h
			      C     dw (offset WHERE)-$-2
			      C     endm
			      C 
			      C _JZ    macro WHERE
			      C     db 0fh, 084h
			      C     dw (offset WHERE)-$-2
			      C     endm
			      C 
			      C _JA     macro WHERE
			      C     db 0fh, 087h
			      C     dw (offset WHERE)-$-2
			      C     endm
			      C 
			      C 
			      C ; Misc Constants
 = 0060			      C KBC_DataPort            EQU 60h ; Keyboard controller data port
 = 0040			      C Bios_RAM_Segment        EQU 40h ; BIOS internal RAM segment
			      C 
 = 000E			      C RAM_ExtData_Segment_ID  EQU 0Eh ; 40:0E Offset in BIOS RAM that contains the extended data segment identifier
 = 0010			      C RAM_Bios_Hardware       EQU 10h ; 40:10 Installed hardware
			      C 
			      C 
			      C ; Common Code Caves
 = 0000			      C CODECAVE_ROMCopyright0 = 0
 = E000			      C CODECAVE_ROMCopyright1 = 0E000h
			      C 
			      C ; Always use 286 except for special instructions
			      C .286
			      C .MODEL SMALL
			      C 
				    include baserom.inc
 0000			      C G_15 SEGMENT USE16 AT 0f000h
 0000			      C G_15 ENDS
 0000			      C SEG_15 SEGMENT USE16 PARA PUBLIC 'CODE'
			      C  ASSUME CS:G_15
			      C  ORG 0h
 0000  28 28 63 63 29 29      C  DB 028h,028h,063h,063h,029h,029h,020h,043h
       20 43
 0008  43 4F 4F 50 50 59      C  DB 043h,04fh,04fh,050h,050h,059h,059h,052h
       59 52
 0010  52 49 49 47 47 48      C  DB 052h,049h,049h,047h,047h,048h,048h,054h
       48 54
 0018  54 20 31 31 39 39      C  DB 054h,020h,031h,031h,039h,039h,038h,038h
       38 38
 0020  34 34 2C 2C 31 31      C  DB 034h,034h,02ch,02ch,031h,031h,039h,039h
       39 39
 0028  38 38 39 39 41 41      C  DB 038h,038h,039h,039h,041h,041h,077h,077h
       77 77
 0030  61 61 72 72 64 64      C  DB 061h,061h,072h,072h,064h,064h,020h,053h
       20 53
 0038  53 6F 6F 66 66 74      C  DB 053h,06fh,06fh,066h,066h,074h,074h,077h
       74 77
 0040  77 61 61 72 72 65      C  DB 077h,061h,061h,072h,072h,065h,065h,020h
       65 20
 0048  49 49 6E 6E 63 63      C  DB 049h,049h,06eh,06eh,063h,063h,02eh,02eh
       2E 2E
 0050  41 41 4C 4C 4C 4C      C  DB 041h,041h,04ch,04ch,04ch,04ch,020h,052h
       20 52
 0058  52 49 49 47 47 48      C  DB 052h,049h,049h,047h,047h,048h,048h,054h
       48 54
 0060  54 53 53 20 52 52      C  DB 054h,053h,053h,020h,052h,052h,045h,045h
       45 45
 0068  53 53 45 45 52 52      C  DB 053h,053h,045h,045h,052h,052h,056h,056h
       56 56
 0070  45 45 44 44 28 63      C  DB 045h,045h,044h,044h,028h,063h,029h,020h
       29 20
 0078  43 4F 50 59 52 49      C  DB 043h,04fh,050h,059h,052h,049h,047h,048h
       47 48
 0080  54 20 31 39 38 34      C  DB 054h,020h,031h,039h,038h,034h,02ch,031h
       2C 31
 0088  39 38 39 20 41 77      C  DB 039h,038h,039h,020h,041h,077h,061h,072h
       61 72
 0090  64 20 53 6F 66 74      C  DB 064h,020h,053h,06fh,066h,074h,077h,061h
       77 61
 0098  72 65 20 49 6E 63      C  DB 072h,065h,020h,049h,06eh,063h,02eh,041h
       2E 41
 00A0  4C 4C 20 52 49 47      C  DB 04ch,04ch,020h,052h,049h,047h,048h,054h
       48 54
 00A8  53 20 52 45 53 45      C  DB 053h,020h,052h,045h,053h,045h,052h,056h
       52 56
 00B0  45 44 FF FF B0 FE      C  DB 045h,044h,0ffh,0ffh,0b0h,0feh,0e6h,064h
       E6 64
 00B8  FA F4 EB FC FA 8B      C  DB 0fah,0f4h,0ebh,0fch,0fah,08bh,0c5h,0bah
       C5 BA
 00C0  80 00 EE EB F7 8C      C  DB 080h,000h,0eeh,0ebh,0f7h,08ch,0c8h,08eh
       C8 8E
 00C8  D0 BC CF 00 E9 DB      C  DB 0d0h,0bch,0cfh,000h,0e9h,0dbh,080h,0d1h
       80 D1
 00D0  00 32 C0 BC D9 00      C  DB 000h,032h,0c0h,0bch,0d9h,000h,0e9h,0b7h
       E9 B7
 00D8  D7 DB 00 0F 20 C0      C  DB 0d7h,0dbh,000h,00fh,020h,0c0h,025h,0fbh
       25 FB
 00E0  FF 0F 22 C0 8C C8      C  DB 0ffh,00fh,022h,0c0h,08ch,0c8h,08eh,0d0h
       8E D0
 00E8  B0 C0 BA 80 00 EE      C  DB 0b0h,0c0h,0bah,080h,000h,0eeh,0bch,0f4h
       BC F4
 00F0  00 E9 08 A3 F6 00      C  DB 000h,0e9h,008h,0a3h,0f6h,000h,0bfh,084h
       BF 84
 00F8  01 BD 03 00 EB 1C      C  DB 001h,0bdh,003h,000h,0ebh,01ch,090h,08bh
       90 8B
 0100  CD B8 00 00 8E D0      C  DB 0cdh,0b8h,000h,000h,08eh,0d0h,0bch,000h
       BC 00
 0108  10 E8 53 00 BF 92      C  DB 010h,0e8h,053h,000h,0bfh,092h,001h,0e8h
       01 E8
 0110  32 00 B0 E0 BA 80      C  DB 032h,000h,0b0h,0e0h,0bah,080h,000h,0eeh
       00 EE
 0118  EB A2 8C C8 8E D0      C  DB 0ebh,0a2h,08ch,0c8h,08eh,0d0h,08bh,0c5h
       8B C5
 0120  BA 80 00 EE 2E 8B      C  DB 0bah,080h,000h,0eeh,02eh,08bh,005h,047h
       05 47
 0128  47 0B C0 74 12 8E      C  DB 047h,00bh,0c0h,074h,012h,08eh,0e7h,0bch
       E7 BC
 0130  34 01 FF E0 36 01      C  DB 034h,001h,0ffh,0e0h,036h,001h,08ch,0e7h
       8C E7
 0138  0F 82 05 00 45 EB      C  DB 00fh,082h,005h,000h,045h,0ebh,0dfh,0ebh
       DF EB
 0140  BE E9 78 FF 8A C1      C  DB 0beh,0e9h,078h,0ffh,08ah,0c1h,0bah,080h
       BA 80
 0148  00 EE 2E 8B 05 47      C  DB 000h,0eeh,02eh,08bh,005h,047h,047h,00bh
       47 0B
 0150  C0 74 0B 57 51 FF      C  DB 0c0h,074h,00bh,057h,051h,0ffh,0d0h,059h
       D0 59
 0158  5F 72 03 41 EB E6      C  DB 05fh,072h,003h,041h,0ebh,0e6h,0c3h,05bh
       C3 5B
 0160  81 EC 00 02 8B EC      C  DB 081h,0ech,000h,002h,08bh,0ech,01eh,050h
       1E 50
 0168  B8 00 00 8E D8 89      C  DB 0b8h,000h,000h,08eh,0d8h,089h,02eh,0a1h
       2E A1
 0170  04 58 1F 53 C3 9F      C  DB 004h,058h,01fh,053h,0c3h,09fh,08ah,0ech
       8A EC
 0178  5B 8B E5 81 C4 00      C  DB 05bh,08bh,0e5h,081h,0c4h,000h,002h,053h
       02 53
 0180  8A E5 9E C3 60 06      C  DB 08ah,0e5h,09eh,0c3h,060h,006h,0a4h,006h
       A4 06
 0188  A8 06 5C 07 60 07      C  DB 0a8h,006h,05ch,007h,060h,007h,0ach,007h
       AC 07
 0190  00 00 D8 08 E4 08      C  DB 000h,000h,0d8h,008h,0e4h,008h,054h,009h
       54 09
 0198  F8 09 40 0A D9 0D      C  DB 0f8h,009h,040h,00ah,0d9h,00dh,0f4h,011h
       F4 11
 01A0  72 12 B4 12 1E 13      C  DB 072h,012h,0b4h,012h,01eh,013h,020h,013h
       20 13
 01A8  22 13 6E 13 7F 13      C  DB 022h,013h,06eh,013h,07fh,013h,09ch,013h
       9C 13
 01B0  9E 13 18 14 1A 14      C  DB 09eh,013h,018h,014h,01ah,014h,01ah,014h
       1A 14
 01B8  1A 14 1A 14 1C 14      C  DB 01ah,014h,01ah,014h,01ch,014h,000h,000h
       00 00
 01C0  00 00 3C 14 DB 15      C  DB 000h,000h,03ch,014h,0dbh,015h,09fh,017h
       9F 17
 01C8  A4 17 A4 17 A4 17      C  DB 0a4h,017h,0a4h,017h,0a4h,017h,0a4h,017h
       A4 17
 01D0  A4 17 A4 17 A6 17      C  DB 0a4h,017h,0a4h,017h,0a6h,017h,0a6h,017h
       A6 17
 01D8  A6 17 A8 17 B4 17      C  DB 0a6h,017h,0a8h,017h,0b4h,017h,0e6h,017h
       E6 17
 01E0  F6 17 F8 17 FA 17      C  DB 0f6h,017h,0f8h,017h,0fah,017h,044h,018h
       44 18
 01E8  50 18 50 18 52 18      C  DB 050h,018h,050h,018h,052h,018h,0aeh,018h
       AE 18
 01F0  B0 18 D0 18 D0 18      C  DB 0b0h,018h,0d0h,018h,0d0h,018h,0d0h,018h
       D0 18
 01F8  D0 18 D0 18 D0 18      C  DB 0d0h,018h,0d0h,018h,0d0h,018h,0d2h,018h
       D2 18
 0200  A3 1A 33 1B 4A 1B      C  DB 0a3h,01ah,033h,01bh,04ah,01bh,056h,01bh
       56 1B
 0208  A4 1B 38 1C 38 1C      C  DB 0a4h,01bh,038h,01ch,038h,01ch,038h,01ch
       38 1C
 0210  38 1C 38 1C 38 1C      C  DB 038h,01ch,038h,01ch,038h,01ch,038h,01ch
       38 1C
 0218  38 1C 38 1C 38 1C      C  DB 038h,01ch,038h,01ch,038h,01ch,038h,01ch
       38 1C
 0220  38 1C 3A 1C 94 1C      C  DB 038h,01ch,03ah,01ch,094h,01ch,0d0h,01ch
       D0 1C
 0228  2C 1E 00 00 B8 00      C  DB 02ch,01eh,000h,000h,0b8h,000h,000h,08eh
       00 8E
 0230  D8 FA C7 06 78 00      C  DB 0d8h,0fah,0c7h,006h,078h,000h,0c7h,0efh
       C7 EF
 0238  8C 0E 7A 00 FB 8B      C  DB 08ch,00eh,07ah,000h,0fbh,08bh,0d0h,08eh
       D0 8E
 0240  C0 BB 00 7C B9 01      C  DB 0c0h,0bbh,000h,07ch,0b9h,001h,000h,0beh
       00 BE
 0248  3A 59 E8 0B 1B 0A      C  DB 03ah,059h,0e8h,00bh,01bh,00ah,0c0h,074h
       C0 74
 0250  02 B2 80 E8 0C 00      C  DB 002h,0b2h,080h,0e8h,00ch,000h,073h,067h
       73 67
 0258  80 F2 80 E8 04 00      C  DB 080h,0f2h,080h,0e8h,004h,000h,073h,05fh
       73 5F
 0260  EB 30 BE 03 00 33      C  DB 0ebh,030h,0beh,003h,000h,033h,0ffh,00ah
       FF 0A
 0268  D2 79 0A 47 B0 0E      C  DB 0d2h,079h,00ah,047h,0b0h,00eh,0e8h,019h
       E8 19
 0270  E7 A8 08 75 15 33      C  DB 0e7h,0a8h,008h,075h,015h,033h,0c0h,0cdh
       C0 CD
 0278  13 72 0C B8 01 02      C  DB 013h,072h,00ch,0b8h,001h,002h,0cdh,013h
       CD 13
 0280  73 0A 80 FC 80 74      C  DB 073h,00ah,080h,0fch,080h,074h,003h,04eh
       03 4E
 0288  75 EB F9 C3 E8 35      C  DB 075h,0ebh,0f9h,0c3h,0e8h,035h,000h,072h
       00 72
 0290  F6 C3 81 3E 60 00      C  DB 0f6h,0c3h,081h,03eh,060h,000h,0d4h,0e3h
       D4 E3
 0298  75 08 8C C8 39 06      C  DB 075h,008h,08ch,0c8h,039h,006h,062h,000h
       62 00
 02A0  74 02 CD 18 BE 91      C  DB 074h,002h,0cdh,018h,0beh,091h,0eah,0e8h
       EA E8
 02A8  62 EB 32 E4 CD 16      C  DB 062h,0ebh,032h,0e4h,0cdh,016h,080h,0fch
       80 FC
 02B0  1C 75 F7 A0 49 04      C  DB 01ch,075h,0f7h,0a0h,049h,004h,032h,0e4h
       32 E4
 02B8  CD 10 33 C0 E9 7E      C  DB 0cdh,010h,033h,0c0h,0e9h,07eh,0ffh,0eah
       FF EA
 02C0  00 7C 00 00 53 51      C  DB 000h,07ch,000h,000h,053h,051h,00bh,0ffh
       0B FF
 02C8  74 0A A1 FE 7D 3D      C  DB 074h,00ah,0a1h,0feh,07dh,03dh,055h,0aah
       55 AA
 02D0  74 1A EB 17 A1 00      C  DB 074h,01ah,0ebh,017h,0a1h,000h,07ch,03ch
       7C 3C
 02D8  05 76 10 B9 08 00      C  DB 005h,076h,010h,0b9h,008h,000h,033h,0dbh
       33 DB
 02E0  43 43 3B 87 00 7C      C  DB 043h,043h,03bh,087h,000h,07ch,0e1h,0f8h
       E1 F8
 02E8  F8 75 01 F9 59 5B      C  DB 0f8h,075h,001h,0f9h,059h,05bh,0c3h,090h
       C3 90
 02F0  1E 52 8E DB 33 F6      C  DB 01eh,052h,08eh,0dbh,033h,0f6h,0ebh,000h
       EB 00
 02F8  8B 04 90 90 90 90      C  DB 08bh,004h,090h,090h,090h,090h,090h,090h
       90 90
 0300  90 90 90 90 90 90      C  DB 090h,090h,090h,090h,090h,090h,090h,090h
       90 90
 0308  90 90 90 90 3D 55      C  DB 090h,090h,090h,090h,03dh,055h,0aah,075h
       AA 75
 0310  42 8A 4C 02 C1 E1      C  DB 042h,08ah,04ch,002h,0c1h,0e1h,009h,051h
       09 51
 0318  32 E4 FC AC 02 E0      C  DB 032h,0e4h,0fch,0ach,002h,0e0h,0e2h,0fah
       E2 FA
 0320  58 75 30 C1 E8 04      C  DB 058h,075h,030h,0c1h,0e8h,004h,00fh,085h
       0F 85
 0328  02 00 B4 10 03 D8      C  DB 002h,000h,0b4h,010h,003h,0d8h,033h,0c0h
       33 C0
 0330  8E C0 BF 67 04 26      C  DB 08eh,0c0h,0bfh,067h,004h,026h,0c7h,005h
       C7 05
 0338  03 00 26 8C 5D 02      C  DB 003h,000h,026h,08ch,05dh,002h,08bh,0c4h
       8B C4
 0340  3D 00 04 0F 86 03      C  DB 03dh,000h,004h,00fh,086h,003h,000h,0bch
       00 BC
 0348  00 04 50 53 26 FF      C  DB 000h,004h,050h,053h,026h,0ffh,01dh,05bh
       1D 5B
 0350  5C EB 04 81 C3 80      C  DB 05ch,0ebh,004h,081h,0c3h,080h,000h,05ah
       00 5A
 0358  3B DA 0F 83 02 00      C  DB 03bh,0dah,00fh,083h,002h,000h,0ebh,091h
       EB 91
 0360  1F C3 B4 4A 19 F0      C  DB 01fh,0c3h,0b4h,04ah,019h,0f0h,001h,07ch
       01 7C
 0368  4B 29 F0 00 44 4C      C  DB 04bh,029h,0f0h,000h,044h,04ch,039h,0f0h
       39 F0
 0370  03 0C 4D 49 F0 02      C  DB 003h,00ch,04dh,049h,0f0h,002h,0c6h,086h
       C6 86
 0378  B3 01 2E 8D 1E 62      C  DB 0b3h,001h,02eh,08dh,01eh,062h,003h,053h
       03 53
 0380  26 8B 1F E8 FC 50      C  DB 026h,08bh,01fh,0e8h,0fch,050h,05fh,057h
       5F 57
 0388  2E 8A 45 04 2E 8B      C  DB 02eh,08ah,045h,004h,02eh,08bh,07dh,002h
       7D 02
 0390  75 3C 8A 02 8A 66      C  DB 075h,03ch,08ah,002h,08ah,066h,012h,081h
       12 81
 0398  FB B4 4A 75 05 C0      C  DB 0fbh,0b4h,04ah,075h,005h,0c0h,0ech,004h
       EC 04
 03A0  EB 09 81 FB 7C 4B      C  DB 0ebh,009h,081h,0fbh,07ch,04bh,075h,00ah
       75 0A
 03A8  80 E4 0F 80 FC 0F      C  DB 080h,0e4h,00fh,080h,0fch,00fh,074h,002h
       74 02
 03B0  8A C4 0A C0 75 02      C  DB 08ah,0c4h,00ah,0c0h,075h,002h,0b0h,00fh
       B0 0F
 03B8  FE C8 32 E4 C1 E0      C  DB 0feh,0c8h,032h,0e4h,0c1h,0e0h,004h,08dh
       04 8D
 03C0  36 01 E4 03 F0 0E      C  DB 036h,001h,0e4h,003h,0f0h,00eh,01fh,0b9h
       1F B9
 03C8  10 00 F3 A4 EB 05      C  DB 010h,000h,0f3h,0a4h,0ebh,005h,032h,0e4h
       32 E4
 03D0  E8 2B 72 5B 83 C3      C  DB 0e8h,02bh,072h,05bh,083h,0c3h,005h,081h
       05 81
 03D8  FB 76 03 75 A2 C3      C  DB 0fbh,076h,003h,075h,0a2h,0c3h,01eh,056h
       1E 56
 03E0  06 1F BE 00 E0 33      C  DB 006h,01fh,0beh,000h,0e0h,033h,0c0h,002h
       C0 02
 03E8  04 46 83 FE EE 75      C  DB 004h,046h,083h,0feh,0eeh,075h,0f8h,0f6h
       F8 F6
 03F0  D0 FE C0 88 04 BE      C  DB 0d0h,0feh,0c0h,088h,004h,0beh,000h,000h
       00 00
 03F8  33 C0 02 04 46 83      C  DB 033h,0c0h,002h,004h,046h,083h,0feh,0ffh
       FE FF
 0400  75 F8 F6 D0 FE C0      C  DB 075h,0f8h,0f6h,0d0h,0feh,0c0h,088h,004h
       88 04
 0408  5E 1F C3 8A D8 B8      C  DB 05eh,01fh,0c3h,08ah,0d8h,0b8h,000h,000h
       00 00
 0410  8E D8 B0 C2 E6 22      C  DB 08eh,0d8h,0b0h,0c2h,0e6h,022h,00ah,0dbh
       0A DB
 0418  74 07 A0 EA 04 E6      C  DB 074h,007h,0a0h,0eah,004h,0e6h,023h,0ebh
       23 EB
 0420  05 E4 23 A2 EA 04      C  DB 005h,0e4h,023h,0a2h,0eah,004h,0c3h,000h
       C3 00
 0428  66 C1 E4 10 8C C8      C  DB 066h,0c1h,0e4h,010h,08ch,0c8h,08eh,0d8h
       8E D8
 0430  BB 5E 5E 81 FB 37      C  DB 0bbh,05eh,05eh,081h,0fbh,037h,05fh,074h
       5F 74
 0438  2D 8B 4F 01 BC 42      C  DB 02dh,08bh,04fh,001h,0bch,042h,004h,0e9h
       04 E9
 0440  86 00 44 04 BC 49      C  DB 086h,000h,044h,004h,0bch,049h,004h,0ffh
       04 FF
 0448  E0 4B 04 8B 57 03      C  DB 0e0h,04bh,004h,08bh,057h,003h,0f7h,0d2h
       F7 D2
 0450  23 C2 8B 57 05 23      C  DB 023h,0c2h,08bh,057h,005h,023h,057h,003h
       57 03
 0458  0B C2 BC 5F 04 FF      C  DB 00bh,0c2h,0bch,05fh,004h,0ffh,0e7h,061h
       E7 61
 0460  04 83 C3 07 EB CD      C  DB 004h,083h,0c3h,007h,0ebh,0cdh,0beh,001h
       BE 01
 0468  28 AD 3D FF FF 74      C  DB 028h,0adh,03dh,0ffh,0ffh,074h,054h,08bh
       54 8B
 0470  D8 AD 8B F8 AD 3B      C  DB 0d8h,0adh,08bh,0f8h,0adh,03bh,0dfh,073h
       DF 73
 0478  F0 F7 07 10 00 74      C  DB 0f0h,0f7h,007h,010h,000h,074h,00ah,0bch
       0A BC
 0480  85 04 E9 EF 62 87      C  DB 085h,004h,0e9h,0efh,062h,087h,004h,072h
       04 72
 0488  35 8B 4F 04 83 F9      C  DB 035h,08bh,04fh,004h,083h,0f9h,0ffh,074h
       FF 74
 0490  2D 66 C1 E7 10 BC      C  DB 02dh,066h,0c1h,0e7h,010h,0bch,09bh,004h
       9B 04
 0498  EB 2E 90 9D 04 BC      C  DB 0ebh,02eh,090h,09dh,004h,0bch,0a2h,004h
       A2 04
 04A0  FF E0 A4 04 8B 57      C  DB 0ffh,0e0h,0a4h,004h,08bh,057h,006h,0f7h
       06 F7
 04A8  D2 23 C2 8B 57 13      C  DB 0d2h,023h,0c2h,08bh,057h,013h,023h,057h
       23 57
 04B0  06 0B C2 BC B8 04      C  DB 006h,00bh,0c2h,0bch,0b8h,004h,0ffh,0e7h
       FF E7
 04B8  BA 04 66 C1 EF 10      C  DB 0bah,004h,066h,0c1h,0efh,010h,083h,0c3h
       83 C3
 04C0  19 EB B2 66 C1 EC      C  DB 019h,0ebh,0b2h,066h,0c1h,0ech,010h,0c3h
       10 C3
 04C8  B8 D4 9A BF E0 9A      C  DB 0b8h,0d4h,09ah,0bfh,0e0h,09ah,0f6h,007h
       F6 07
 04D0  20 74 06 B8 E3 99      C  DB 020h,074h,006h,0b8h,0e3h,099h,0bfh,0eeh
       BF EE
 04D8  99 C3 87 DB 60 1E      C  DB 099h,0c3h,087h,0dbh,060h,01eh,006h,00eh
       06 0E
 04E0  1F BE 01 28 F7 C7      C  DB 01fh,0beh,001h,028h,0f7h,0c7h,002h,000h
       02 00
 04E8  74 03 BE 19 28 AD      C  DB 074h,003h,0beh,019h,028h,0adh,03dh,0ffh
       3D FF
 04F0  FF 0F 84 8C 00 8B      C  DB 0ffh,00fh,084h,08ch,000h,08bh,0d8h,0adh
       D8 AD
 04F8  8E C0 AD F7 C7 02      C  DB 08eh,0c0h,0adh,0f7h,0c7h,002h,000h,075h
       00 75
 0500  06 81 FB 22 68 74      C  DB 006h,081h,0fbh,022h,068h,074h,0e6h,0ebh
       E6 EB
 0508  69 F7 C7 01 00 74      C  DB 069h,0f7h,0c7h,001h,000h,074h,00eh,0f7h
       0E F7
 0510  07 08 00 75 5A F7      C  DB 007h,008h,000h,075h,05ah,0f7h,007h,000h
       07 00
 0518  20 74 54 EB 20 F7      C  DB 020h,074h,054h,0ebh,020h,0f7h,007h,008h
       07 08
 0520  20 75 4C F7 07 00      C  DB 020h,075h,04ch,0f7h,007h,000h,040h,074h
       40 74
 0528  14 56 53 F7 07 20      C  DB 014h,056h,053h,0f7h,007h,020h,000h,074h
       00 74
 0530  05 E8 58 88 EB 03      C  DB 005h,0e8h,058h,088h,0ebh,003h,0e8h,06fh
       E8 6F
 0538  A1 5B 5E 75 32 8B      C  DB 0a1h,05bh,05eh,075h,032h,08bh,04fh,004h
       4F 04
 0540  83 F9 FF 74 2A 60      C  DB 083h,0f9h,0ffh,074h,02ah,060h,051h,08ah
       51 8A
 0548  47 08 32 E4 8B F0      C  DB 047h,008h,032h,0e4h,08bh,0f0h,08bh,002h
       8B 02
 0550  8B 77 09 8B 7F 06      C  DB 08bh,077h,009h,08bh,07fh,006h,0e8h,0dah
       E8 DA
 0558  2E 8B D0 59 52 E8      C  DB 02eh,08bh,0d0h,059h,052h,0e8h,068h,0ffh
       68 FF
 0560  FF D0 5A 8B 5F 06      C  DB 0ffh,0d0h,05ah,08bh,05fh,006h,0f7h,0d3h
       F7 D3
 0568  23 C3 0B C2 FF D7      C  DB 023h,0c3h,00bh,0c2h,0ffh,0d7h,061h,083h
       61 83
 0570  C3 19 8C C0 3B D8      C  DB 0c3h,019h,08ch,0c0h,03bh,0d8h,072h,091h
       72 91
 0578  F7 C7 02 00 75 03      C  DB 0f7h,0c7h,002h,000h,075h,003h,0e9h,06ch
       E9 6C
 0580  FF 07 1F 61 F8 C3      C  DB 0ffh,007h,01fh,061h,0f8h,0c3h,060h,01eh
       60 1E
 0588  E8 01 88 75 03 EB      C  DB 0e8h,001h,088h,075h,003h,0ebh,079h,090h
       79 90
 0590  BF E1 67 2E 8A 0D      C  DB 0bfh,0e1h,067h,02eh,08ah,00dh,032h,0edh
       32 ED
 0598  EB 4C 87 DB 60 1E      C  DB 0ebh,04ch,087h,0dbh,060h,01eh,0b8h,000h
       B8 00
 05A0  00 8E D8 8A 1E D9      C  DB 000h,08eh,0d8h,08ah,01eh,0d9h,004h,080h
       04 80
 05A8  E3 F0 32 FF F6 46      C  DB 0e3h,0f0h,032h,0ffh,0f6h,046h,03fh,0c0h
       3F C0
 05B0  74 0A 80 FB 30 73      C  DB 074h,00ah,080h,0fbh,030h,073h,002h,0b3h
       02 B3
 05B8  30 80 EB 20 C0 EB      C  DB 030h,080h,0ebh,020h,0c0h,0ebh,004h,0feh
       04 FE
 05C0  CB D0 E3 BE 14 60      C  DB 0cbh,0d0h,0e3h,0beh,014h,060h,02eh,0ach
       2E AC
 05C8  0F B6 C8 0B C9 74      C  DB 00fh,0b6h,0c8h,00bh,0c9h,074h,039h,0bfh
       39 BF
 05D0  0C 06 8A 46 3D 24      C  DB 00ch,006h,08ah,046h,03dh,024h,07eh,032h
       7E 32
 05D8  E4 03 F8 2E 8B 35      C  DB 0e4h,003h,0f8h,02eh,08bh,035h,0e8h,095h
       E8 95
 05E0  61 03 F3 2E 8B 34      C  DB 061h,003h,0f3h,02eh,08bh,034h,051h,02eh
       51 2E
 05E8  8B 4C 01 E8 DA FE      C  DB 08bh,04ch,001h,0e8h,0dah,0feh,0ffh,0d0h
       FF D0
 05F0  2E 8B 54 03 2E 8B      C  DB 02eh,08bh,054h,003h,02eh,08bh,05ch,005h
       5C 05
 05F8  23 DA F7 D2 23 C2      C  DB 023h,0dah,0f7h,0d2h,023h,0c2h,00bh,0c3h
       0B C3
 0600  FF D7 83 C6 07 59      C  DB 0ffh,0d7h,083h,0c6h,007h,059h,0e2h,0deh
       E2 DE
 0608  1F 61 F8 C3 15 60      C  DB 01fh,061h,0f8h,0c3h,015h,060h,015h,060h
       15 60
 0610  15 60 15 60 15 60      C  DB 015h,060h,015h,060h,015h,060h,021h,060h
       21 60
 0618  15 60 15 60 15 60      C  DB 015h,060h,015h,060h,015h,060h,021h,060h
       21 60
 0620  21 60 15 60 21 60      C  DB 021h,060h,015h,060h,021h,060h,015h,060h
       15 60
 0628  15 60 15 60 21 60      C  DB 015h,060h,015h,060h,021h,060h,027h,060h
       27 60
 0630  15 60 21 60 21 60      C  DB 015h,060h,021h,060h,021h,060h,027h,060h
       27 60
 0638  15 60 21 60 15 60      C  DB 015h,060h,021h,060h,015h,060h,015h,060h
       15 60
 0640  15 60 15 60 21 60      C  DB 015h,060h,015h,060h,021h,060h,021h,060h
       21 60
 0648  21 60 27 60 15 60      C  DB 021h,060h,027h,060h,015h,060h,021h,060h
       21 60
 0650  27 60 21 60 15 60      C  DB 027h,060h,021h,060h,015h,060h,021h,060h
       21 60
 0658  00 00 00 00 00 00      C  DB 000h,000h,000h,000h,000h,000h,000h,000h
       00 00
 0660  8E EC B8 8B 02 BC      C  DB 08eh,0ech,0b8h,08bh,002h,0bch,06bh,006h
       6B 06
 0668  E9 30 E3 6D 06 B8      C  DB 0e9h,030h,0e3h,06dh,006h,0b8h,08ah,026h
       8A 26
 0670  BC 76 06 E9 25 E3      C  DB 0bch,076h,006h,0e9h,025h,0e3h,078h,006h
       78 06
 0678  8C C8 8E D8 BE 59      C  DB 08ch,0c8h,08eh,0d8h,0beh,059h,0f2h,0b9h
       F2 B9
 0680  24 00 FC AD 8B D0      C  DB 024h,000h,0fch,0adh,08bh,0d0h,0ach,0eeh
       AC EE
 0688  EB 00 EB 00 E2 F5      C  DB 0ebh,000h,0ebh,000h,0e2h,0f5h,0b9h,00fh
       B9 0F
 0690  00 BA 81 00 33 C0      C  DB 000h,0bah,081h,000h,033h,0c0h,0ebh,000h
       EB 00
 0698  EB 00 EE 42 E2 F8      C  DB 0ebh,000h,0eeh,042h,0e2h,0f8h,08ch,0ech
       8C EC
 06A0  F8 C3 87 DB F8 C3      C  DB 0f8h,0c3h,087h,0dbh,0f8h,0c3h,087h,0dbh
       87 DB
 06A8  BA C0 03 32 C0 EE      C  DB 0bah,0c0h,003h,032h,0c0h,0eeh,0e7h,0e1h
       E7 E1
 06B0  EE 8E EC B0 BF BC      C  DB 0eeh,08eh,0ech,0b0h,0bfh,0bch,0bbh,006h
       BB 06
 06B8  E9 CF E2 BD 06 8A      C  DB 0e9h,0cfh,0e2h,0bdh,006h,08ah,0e0h,0e4h
       E0 E4
 06C0  64 80 CC 02 A8 04      C  DB 064h,080h,0cch,002h,0a8h,004h,075h,003h
       75 03
 06C8  80 E4 FD B0 BF 80      C  DB 080h,0e4h,0fdh,0b0h,0bfh,080h,0e4h,0fbh
       E4 FB
 06D0  BC D6 06 E9 C5 E2      C  DB 0bch,0d6h,006h,0e9h,0c5h,0e2h,0d8h,006h
       D8 06
 06D8  B8 8E 00 BC E1 06      C  DB 0b8h,08eh,000h,0bch,0e1h,006h,0e9h,0bah
       E9 BA
 06E0  E2 E3 06 33 C9 E4      C  DB 0e2h,0e3h,006h,033h,0c9h,0e4h,064h,0e7h
       64 E7
 06E8  E1 A8 03 74 0C A8      C  DB 0e1h,0a8h,003h,074h,00ch,0a8h,001h,074h
       01 74
 06F0  04 E4 60 E7 E1 E2      C  DB 004h,0e4h,060h,0e7h,0e1h,0e2h,0eeh,0ebh
       EE EB
 06F8  5F B3 0A B0 AA E6      C  DB 05fh,0b3h,00ah,0b0h,0aah,0e6h,064h,0e7h
       64 E7
 0700  E1 BC 07 07 E9 5D      C  DB 0e1h,0bch,007h,007h,0e9h,05dh,0c3h,009h
       C3 09
 0708  07 75 4D BC 11 07      C  DB 007h,075h,04dh,0bch,011h,007h,0e9h,03fh
       E9 3F
 0710  C3 13 07 74 43 E4      C  DB 0c3h,013h,007h,074h,043h,0e4h,060h,0e7h
       60 E7
 0718  E1 3C 55 74 04 FE      C  DB 0e1h,03ch,055h,074h,004h,0feh,0cbh,075h
       CB 75
 0720  DA B9 00 80 E2 FE      C  DB 0dah,0b9h,000h,080h,0e2h,0feh,0b0h,060h
       B0 60
 0728  E6 64 E7 E1 BC 32      C  DB 0e6h,064h,0e7h,0e1h,0bch,032h,007h,0e9h
       07 E9
 0730  32 C3 34 07 75 22      C  DB 032h,0c3h,034h,007h,075h,022h,0b0h,045h
       B0 45
 0738  E6 60 E7 E1 BC 42      C  DB 0e6h,060h,0e7h,0e1h,0bch,042h,007h,0e9h
       07 E9
 0740  22 C3 44 07 75 12      C  DB 022h,0c3h,044h,007h,075h,012h,0b0h,0aeh
       B0 AE
 0748  E6 64 E7 E1 BC 52      C  DB 0e6h,064h,0e7h,0e1h,0bch,052h,007h,0e9h
       07 E9
 0750  12 C3 54 07 F8 8C      C  DB 012h,0c3h,054h,007h,0f8h,08ch,0ech,0c3h
       EC C3
 0758  F9 EB FA 90 F8 C3      C  DB 0f9h,0ebh,0fah,090h,0f8h,0c3h,087h,0dbh
       87 DB
 0760  8E EC B4 01 8A DC      C  DB 08eh,0ech,0b4h,001h,08ah,0dch,0b0h,08fh
       B0 8F
 0768  BC 6E 07 E9 2D E2      C  DB 0bch,06eh,007h,0e9h,02dh,0e2h,070h,007h
       70 07
 0770  E4 80 B0 8F BC 7A      C  DB 0e4h,080h,0b0h,08fh,0bch,07ah,007h,0e9h
       07 E9
 0778  10 E2 7C 07 3A C3      C  DB 010h,0e2h,07ch,007h,03ah,0c3h,075h,027h
       75 27
 0780  0A DB 74 06 D0 E3      C  DB 00ah,0dbh,074h,006h,0d0h,0e3h,08ah,0e3h
       8A E3
 0788  EB DC B0 8D BC 92      C  DB 0ebh,0dch,0b0h,08dh,0bch,092h,007h,0e9h
       07 E9
 0790  F8 E1 94 07 24 80      C  DB 0f8h,0e1h,094h,007h,024h,080h,075h,00bh
       75 0B
 0798  B8 8E 80 BC A1 07      C  DB 0b8h,08eh,080h,0bch,0a1h,007h,0e9h,0fah
       E9 FA
 07A0  E1 A3 07 8C EC F8      C  DB 0e1h,0a3h,007h,08ch,0ech,0f8h,0c3h,08ch
       C3 8C
 07A8  EC F9 C3 90 FA FC      C  DB 0ech,0f9h,0c3h,090h,0fah,0fch,08eh,0ech
       8E EC
 07B0  B0 BE BA 80 00 EE      C  DB 0b0h,0beh,0bah,080h,000h,0eeh,0bch,0bch
       BC BC
 07B8  07 E9 6C FC BE 07      C  DB 007h,0e9h,06ch,0fch,0beh,007h,0b0h,0c1h
       B0 C1
 07C0  BA 80 00 EE BC CA      C  DB 0bah,080h,000h,0eeh,0bch,0cah,007h,0e9h
       07 E9
 07C8  3A 93 CC 07 B8 00      C  DB 03ah,093h,0cch,007h,0b8h,000h,000h,08eh
       00 8E
 07D0  D8 8B 1E 72 04 33      C  DB 0d8h,08bh,01eh,072h,004h,033h,0ffh,08eh
       FF 8E
 07D8  C7 B9 00 40 66 B8      C  DB 0c7h,0b9h,000h,040h,066h,0b8h,0c3h,0c3h
       C3 C3
 07E0  3C 3C F3 66 AB B9      C  DB 03ch,03ch,0f3h,066h,0abh,0b9h,000h,040h
       00 40
 07E8  33 FF F3 66 AF 0F      C  DB 033h,0ffh,0f3h,066h,0afh,00fh,085h,0c2h
       85 C2
 07F0  00 89 1E 72 04 B0      C  DB 000h,089h,01eh,072h,004h,0b0h,0c5h,0bah
       C5 BA
 07F8  80 00 EE BC 01 08      C  DB 080h,000h,0eeh,0bch,001h,008h,0e9h,09fh
       E9 9F
 0800  9B 03 08 B0 08 BA      C  DB 09bh,003h,008h,0b0h,008h,0bah,080h,000h
       80 00
 0808  EE B8 00 00 8E D8      C  DB 0eeh,0b8h,000h,000h,08eh,0d8h,0b0h,0bfh
       B0 BF
 0810  8A E0 BC 18 08 E9      C  DB 08ah,0e0h,0bch,018h,008h,0e9h,072h,0e1h
       72 E1
 0818  1A 08 A8 02 75 06      C  DB 01ah,008h,0a8h,002h,075h,006h,0c7h,006h
       C7 06
 0820  72 04 00 00 24 FD      C  DB 072h,004h,000h,000h,024h,0fdh,086h,0c4h
       86 C4
 0828  BC 2E 08 E9 6D E1      C  DB 0bch,02eh,008h,0e9h,06dh,0e1h,030h,008h
       30 08
 0830  8B 36 72 04 89 36      C  DB 08bh,036h,072h,004h,089h,036h,072h,004h
       72 04
 0838  E4 61 0C 0C E7 E1      C  DB 0e4h,061h,00ch,00ch,0e7h,0e1h,0e6h,061h
       E6 61
 0840  33 DB 87 DB 33 FF      C  DB 033h,0dbh,087h,0dbh,033h,0ffh,08eh,0c3h
       8E C3
 0848  B9 00 40 66 33 C0      C  DB 0b9h,000h,040h,066h,033h,0c0h,0f3h,066h
       F3 66
 0850  AB 81 C3 00 10 81      C  DB 0abh,081h,0c3h,000h,010h,081h,0fbh,000h
       FB 00
 0858  40 75 E9 33 FF 8E      C  DB 040h,075h,0e9h,033h,0ffh,08eh,0c7h,0bbh
       C7 BB
 0860  01 00 87 DB 26 C7      C  DB 001h,000h,087h,0dbh,026h,0c7h,005h,000h
       05 00
 0868  00 26 89 1D BB 5A      C  DB 000h,026h,089h,01dh,0bbh,05ah,05ah,026h
       5A 26
 0870  8B 1D 26 C7 05 FF      C  DB 08bh,01dh,026h,0c7h,005h,0ffh,0ffh,026h
       FF 26
 0878  89 1D BB 5A 5A 26      C  DB 089h,01dh,0bbh,05ah,05ah,026h,08bh,01dh
       8B 1D
 0880  8E C7 81 C3 00 01      C  DB 08eh,0c7h,081h,0c3h,000h,001h,081h,0fbh
       81 FB
 0888  01 02 75 D8 66 B8      C  DB 001h,002h,075h,0d8h,066h,0b8h,055h,0aah
       55 AA
 0890  55 AA 66 33 DB 33      C  DB 055h,0aah,066h,033h,0dbh,033h,0d2h,08eh
       D2 8E
 0898  C2 B9 00 40 66 AB      C  DB 0c2h,0b9h,000h,040h,066h,0abh,026h,066h
       26 66
 08A0  89 1D 26 66 39 45      C  DB 089h,01dh,026h,066h,039h,045h,0fch,075h
       FC 75
 08A8  0A 26 66 89 5D FC      C  DB 00ah,026h,066h,089h,05dh,0fch,0e2h,0ech
       E2 EC
 08B0  F8 EB 10 B3 01 BC      C  DB 0f8h,0ebh,010h,0b3h,001h,0bch,0bbh,008h
       BB 08
 08B8  E9 D1 E5 BD 08 33      C  DB 0e9h,0d1h,0e5h,0bdh,008h,033h,0c9h,0e2h
       C9 E2
 08C0  FE EB F0 9F C7 06      C  DB 0feh,0ebh,0f0h,09fh,0c7h,006h,015h,004h
       15 04
 08C8  08 00 80 26 15 04      C  DB 008h,000h,080h,026h,015h,004h,0feh,089h
       FE 89
 08D0  36 72 04 9E 8C EC      C  DB 036h,072h,004h,09eh,08ch,0ech,0c3h,090h
       C3 90
 08D8  E8 BA 77 E8 6A 9B      C  DB 0e8h,0bah,077h,0e8h,06ah,09bh,032h,0c0h
       32 C0
 08E0  E6 92 F8 C3 FA 8C      C  DB 0e6h,092h,0f8h,0c3h,0fah,08ch,0c8h,08eh
       C8 8E
 08E8  D8 FC 33 FF 8E C7      C  DB 0d8h,0fch,033h,0ffh,08eh,0c7h,066h,0c1h
       66 C1
 08F0  E0 10 B8 53 FF 66      C  DB 0e0h,010h,0b8h,053h,0ffh,066h,0b9h,078h
       B9 78
 08F8  00 00 00 F3 66 AB      C  DB 000h,000h,000h,0f3h,066h,0abh,0b9h,020h
       B9 20
 0900  00 8C C8 BE E3 FE      C  DB 000h,08ch,0c8h,0beh,0e3h,0feh,033h,0ffh
       33 FF
 0908  A5 AB E2 FC 83 7C      C  DB 0a5h,0abh,0e2h,0fch,083h,07ch,0feh,000h
       FE 00
 0910  75 06 26 C7 45 FE      C  DB 075h,006h,026h,0c7h,045h,0feh,000h,000h
       00 00
 0918  B9 08 00 BE 23 FF      C  DB 0b9h,008h,000h,0beh,023h,0ffh,0bfh,0c0h
       BF C0
 0920  01 87 DB 90 A5 AB      C  DB 001h,087h,0dbh,090h,0a5h,0abh,0e2h,0fch
       E2 FC
 0928  BF 80 01 B9 08 00      C  DB 0bfh,080h,001h,0b9h,008h,000h,066h,033h
       66 33
 0930  C0 F3 66 AB E8 D4      C  DB 0c0h,0f3h,066h,0abh,0e8h,0d4h,079h,0e8h
       79 E8
 0938  36 70 F8 C3 80 59      C  DB 036h,070h,0f8h,0c3h,080h,059h,082h,059h
       82 59
 0940  84 23 87 31 88 12      C  DB 084h,023h,087h,031h,088h,012h,089h,099h
       89 99
 0948  B2 20 00 00 00 01      C  DB 0b2h,020h,000h,000h,000h,001h,001h,094h
       01 94
 0950  19 87 DB 90 FA BE      C  DB 019h,087h,0dbh,090h,0fah,0beh,03ch,009h
       3C 09
 0958  BF 4A 09 81 FE 4A      C  DB 0bfh,04ah,009h,081h,0feh,04ah,009h,074h
       09 74
 0960  30 E8 83 00 72 25      C  DB 030h,0e8h,083h,000h,072h,025h,02eh,08bh
       2E 8B
 0968  04 E8 1E E0 3A C4      C  DB 004h,0e8h,01eh,0e0h,03ah,0c4h,077h,00dh
       77 0D
 0970  2E 8A 1D 3A C3 72      C  DB 02eh,08ah,01dh,03ah,0c3h,072h,006h,024h
       06 24
 0978  0F 3C 09 76 0E E8      C  DB 00fh,03ch,009h,076h,00eh,0e8h,067h,000h
       67 00
 0980  72 09 2E 8A 04 2E      C  DB 072h,009h,02eh,08ah,004h,02eh,08ah,025h
       8A 25
 0988  E8 10 E0 83 C6 02      C  DB 0e8h,010h,0e0h,083h,0c6h,002h,047h,0ebh
       47 EB
 0990  CA 87 DB 90 C6 86      C  DB 0cah,087h,0dbh,090h,0c6h,086h,02dh,001h
       2D 01
 0998  AA E8 F0 24 80 66      C  DB 0aah,0e8h,0f0h,024h,080h,066h,03dh,0feh
       3D FE
 09A0  B0 01 87 DB E8 A9      C  DB 0b0h,001h,087h,0dbh,0e8h,0a9h,075h,0b8h
       75 B8
 09A8  00 00 8E D8 8A 46      C  DB 000h,000h,08eh,0d8h,08ah,046h,03dh,0a2h
       3D A2
 09B0  D8 04 BE D0 59 E8      C  DB 0d8h,004h,0beh,0d0h,059h,0e8h,0c0h,013h
       C0 13
 09B8  0A C0 74 05 80 0E      C  DB 00ah,0c0h,074h,005h,080h,00eh,0cch,004h
       CC 04
 09C0  10 F6 46 10 0F 74      C  DB 010h,0f6h,046h,010h,00fh,074h,013h,080h
       13 80
 09C8  4E 14 40 BE 53 59      C  DB 04eh,014h,040h,0beh,053h,059h,0e8h,0a7h
       E8 A7
 09D0  13 0A C0 74 05 80      C  DB 013h,00ah,0c0h,074h,005h,080h,00eh,0cch
       0E CC
 09D8  04 20 87 DB BF 03      C  DB 004h,020h,087h,0dbh,0bfh,003h,000h,0e8h
       00 E8
 09E0  FA FA E8 0F 9A F8      C  DB 0fah,0fah,0e8h,00fh,09ah,0f8h,0c3h,033h
       C3 33
 09E8  C9 B0 8A E8 9C DF      C  DB 0c9h,0b0h,08ah,0e8h,09ch,0dfh,0a8h,080h
       A8 80
 09F0  74 04 E2 F5 F9 C3      C  DB 074h,004h,0e2h,0f5h,0f9h,0c3h,0f8h,0c3h
       F8 C3
 09F8  2E A0 7B E0 2E 02      C  DB 02eh,0a0h,07bh,0e0h,02eh,002h,006h,00fh
       06 0F
 0A00  E1 2E 02 06 EE FF      C  DB 0e1h,02eh,002h,006h,0eeh,0ffh,02eh,002h
       2E 02
 0A08  06 EF FF 0A C0 74      C  DB 006h,0efh,0ffh,00ah,0c0h,074h,008h,080h
       08 80
 0A10  4E 3F 01 80 4E 0E      C  DB 04eh,03fh,001h,080h,04eh,00eh,020h,0b8h
       20 B8
 0A18  00 00 8E D8 FA C7      C  DB 000h,000h,08eh,0d8h,0fah,0c7h,006h,01ah
       06 1A
 0A20  04 1E 00 C7 06 1C      C  DB 004h,01eh,000h,0c7h,006h,01ch,004h,01eh
       04 1E
 0A28  00 C7 06 80 04 1E      C  DB 000h,0c7h,006h,080h,004h,01eh,000h,0c7h
       00 C7
 0A30  06 82 04 3E 00 33      C  DB 006h,082h,004h,03eh,000h,033h,0c0h,0a3h
       C0 A3
 0A38  17 04 A2 16 04 FB      C  DB 017h,004h,0a2h,016h,004h,0fbh,0f8h,0c3h
       F8 C3
 0A40  B0 BF BA 80 00 EE      C  DB 0b0h,0bfh,0bah,080h,000h,0eeh,0bfh,001h
       BF 01
 0A48  00 E8 90 FA B0 0D      C  DB 000h,0e8h,090h,0fah,0b0h,00dh,0bah,080h
       BA 80
 0A50  00 EE E8 87 9B E8      C  DB 000h,0eeh,0e8h,087h,09bh,0e8h,01ch,014h
       1C 14
 0A58  E8 D4 22 E8 8A 9B      C  DB 0e8h,0d4h,022h,0e8h,08ah,09bh,0b8h,000h
       B8 00
 0A60  00 8E C0 8A 46 3F      C  DB 000h,08eh,0c0h,08ah,046h,03fh,0c0h,0e8h
       C0 E8
 0A68  06 26 80 26 D9 04      C  DB 006h,026h,080h,026h,0d9h,004h,0f0h,026h
       F0 26
 0A70  08 06 D9 04 E8 11      C  DB 008h,006h,0d9h,004h,0e8h,011h,09ah,0b8h
       9A B8
 0A78  00 00 8E C0 26 83      C  DB 000h,000h,08eh,0c0h,026h,083h,00eh,010h
       0E 10
 0A80  04 30 B8 07 00 CD      C  DB 004h,030h,0b8h,007h,000h,0cdh,010h,0bah
       10 BA
 0A88  B8 03 B0 29 EE 06      C  DB 0b8h,003h,0b0h,029h,0eeh,006h,0b8h,000h
       B8 00
 0A90  B0 8E C0 33 FF B9      C  DB 0b0h,08eh,0c0h,033h,0ffh,0b9h,000h,080h
       00 80
 0A98  B8 20 07 F3 AB 07      C  DB 0b8h,020h,007h,0f3h,0abh,007h,026h,083h
       26 83
 0AA0  26 10 04 CF 8A 46      C  DB 026h,010h,004h,0cfh,08ah,046h,014h,024h
       14 24
 0AA8  30 C0 E8 04 3C 03      C  DB 030h,0c0h,0e8h,004h,03ch,003h,074h,062h
       74 62
 0AB0  E8 1F 02 75 77 80      C  DB 0e8h,01fh,002h,075h,077h,080h,066h,014h
       66 14
 0AB8  CF 26 C7 06 40 00      C  DB 0cfh,026h,0c7h,006h,040h,000h,053h,0ffh
       53 FF
 0AC0  2E F6 06 EC FF 10      C  DB 02eh,0f6h,006h,0ech,0ffh,010h,074h,006h
       74 06
 0AC8  8B D3 81 C2 00 08      C  DB 08bh,0d3h,081h,0c2h,000h,008h,055h,026h
       55 26
 0AD0  FF 36 72 04 06 26      C  DB 0ffh,036h,072h,004h,006h,026h,0c7h,006h
       C7 06
 0AD8  72 04 00 00 E8 11      C  DB 072h,004h,000h,000h,0e8h,011h,0f8h,007h
       F8 07
 0AE0  26 8F 06 72 04 5D      C  DB 026h,08fh,006h,072h,004h,05dh,0b8h,003h
       B8 03
 0AE8  00 EB 77 FE C8 75      C  DB 000h,0ebh,077h,0feh,0c8h,075h,004h,0b4h
       04 B4
 0AF0  10 EB 06 FE C8 75      C  DB 010h,0ebh,006h,0feh,0c8h,075h,01bh,0b4h
       1B B4
 0AF8  20 E8 47 02 F6 C5      C  DB 020h,0e8h,047h,002h,0f6h,0c5h,002h,074h
       02 74
 0B00  2B 26 08 26 10 04      C  DB 02bh,026h,008h,026h,010h,004h,0e8h,089h
       E8 89
 0B08  02 A8 40 B8 03 00      C  DB 002h,0a8h,040h,0b8h,003h,000h,075h,067h
       75 67
 0B10  EB 50 E8 2E 02 F6      C  DB 0ebh,050h,0e8h,02eh,002h,0f6h,0c5h,001h
       C5 01
 0B18  74 12 26 80 0E 10      C  DB 074h,012h,026h,080h,00eh,010h,004h,030h
       04 30
 0B20  E8 6F 02 A8 40 B8      C  DB 0e8h,06fh,002h,0a8h,040h,0b8h,007h,000h
       07 00
 0B28  74 4D EB 36 26 80      C  DB 074h,04dh,0ebh,036h,026h,080h,026h,010h
       26 10
 0B30  04 CF 80 66 14 CF      C  DB 004h,0cfh,080h,066h,014h,0cfh,0e8h,099h
       E8 99
 0B38  01 75 03 E9 7B FF      C  DB 001h,075h,003h,0e9h,07bh,0ffh,0e8h,002h
       E8 02
 0B40  02 86 CD 83 E1 03      C  DB 002h,086h,0cdh,083h,0e1h,003h,0e3h,035h
       E3 35
 0B48  E2 06 80 4E 14 30      C  DB 0e2h,006h,080h,04eh,014h,030h,0ebh,0cah
       EB CA
 0B50  E2 07 B4 20 08 66      C  DB 0e2h,007h,0b4h,020h,008h,066h,014h,0ebh
       14 EB
 0B58  A8 E8 36 02 A8 40      C  DB 0a8h,0e8h,036h,002h,0a8h,040h,074h,0f2h
       74 F2
 0B60  EB E8 CD 10 B8 00      C  DB 0ebh,0e8h,0cdh,010h,0b8h,000h,000h,08eh
       00 8E
 0B68  C0 26 66 8B 36 40      C  DB 0c0h,026h,066h,08bh,036h,040h,000h,026h
       00 26
 0B70  66 89 36 A3 04 F8      C  DB 066h,089h,036h,0a3h,004h,0f8h,0c3h,080h
       C3 80
 0B78  4E 0E 24 EB E5 26      C  DB 04eh,00eh,024h,0ebh,0e5h,026h,0c7h,006h
       C7 06
 0B80  40 00 53 FF BA 02      C  DB 040h,000h,053h,0ffh,0bah,002h,001h,0e8h
       01 E8
 0B88  D6 E2 B8 03 00 EB      C  DB 0d6h,0e2h,0b8h,003h,000h,0ebh,0d3h,050h
       D3 50
 0B90  53 B8 07 10 CD 10      C  DB 053h,0b8h,007h,010h,0cdh,010h,08ah,0dfh
       8A DF
 0B98  32 FF B8 15 10 CD      C  DB 032h,0ffh,0b8h,015h,010h,0cdh,010h,05bh
       10 5B
 0BA0  58 C3 50 53 B8 07      C  DB 058h,0c3h,050h,053h,0b8h,007h,010h,0cdh
       10 CD
 0BA8  10 8A DF 32 FF B8      C  DB 010h,08ah,0dfh,032h,0ffh,0b8h,010h,010h
       10 10
 0BB0  CD 10 5B 58 C3 F6      C  DB 0cdh,010h,05bh,058h,0c3h,0f6h,046h,014h
       46 14
 0BB8  30 74 01 C3 50 53      C  DB 030h,074h,001h,0c3h,050h,053h,051h,052h
       51 52
 0BC0  8C DB 66 C1 E3 10      C  DB 08ch,0dbh,066h,0c1h,0e3h,010h,0b8h,000h
       B8 00
 0BC8  00 8E D8 A0 49 04      C  DB 000h,08eh,0d8h,0a0h,049h,004h,066h,0c1h
       66 C1
 0BD0  E0 10 C6 06 49 04      C  DB 0e0h,010h,0c6h,006h,049h,004h,010h,055h
       10 55
 0BD8  83 EC 06 8B EC B3      C  DB 083h,0ech,006h,08bh,0ech,0b3h,00eh,090h
       0E 90
 0BE0  90 E8 AB FF 88 76      C  DB 090h,0e8h,0abh,0ffh,088h,076h,000h,088h
       00 88
 0BE8  6E 01 88 4E 02 B3      C  DB 06eh,001h,088h,04eh,002h,0b3h,00ah,090h
       0A 90
 0BF0  90 E8 9B FF 88 76      C  DB 090h,0e8h,09bh,0ffh,088h,076h,003h,088h
       03 88
 0BF8  6E 04 88 4E 05 B0      C  DB 06eh,004h,088h,04eh,005h,0b0h,011h,0b2h
       11 B2
 0C00  10 52 B2 01 E8 61      C  DB 010h,052h,0b2h,001h,0e8h,061h,000h,0b2h
       00 B2
 0C08  10 E8 5C 00 5A FE      C  DB 010h,0e8h,05ch,000h,05ah,0feh,0cah,074h
       CA 74
 0C10  04 0A C0 75 EC 66      C  DB 004h,00ah,0c0h,075h,0ech,066h,0c1h,0e8h
       C1 E8
 0C18  10 A2 49 04 66 C1      C  DB 010h,0a2h,049h,004h,066h,0c1h,0ebh,010h
       EB 10
 0C20  8E DB B0 20 B6 01      C  DB 08eh,0dbh,0b0h,020h,0b6h,001h,090h,090h
       90 90
 0C28  B2 3C 90 90 B9 11      C  DB 0b2h,03ch,090h,090h,0b9h,011h,000h,051h
       00 51
 0C30  E8 80 00 FE C2 59      C  DB 0e8h,080h,000h,0feh,0c2h,059h,0e2h,0f7h
       E2 F7
 0C38  FE C6 80 FE 07 72      C  DB 0feh,0c6h,080h,0feh,007h,072h,0e9h,08ah
       E9 8A
 0C40  76 00 8A 6E 01 8A      C  DB 076h,000h,08ah,06eh,001h,08ah,04eh,002h
       4E 02
 0C48  B3 0E 90 90 E8 53      C  DB 0b3h,00eh,090h,090h,0e8h,053h,0ffh,08ah
       FF 8A
 0C50  76 03 8A 6E 04 8A      C  DB 076h,003h,08ah,06eh,004h,08ah,04eh,005h
       4E 05
 0C58  B3 0A 90 90 E8 43      C  DB 0b3h,00ah,090h,090h,0e8h,043h,0ffh,083h
       FF 83
 0C60  C4 06 5D 5A 59 5B      C  DB 0c4h,006h,05dh,05ah,059h,05bh,058h,0c3h
       58 C3
 0C68  84 C2 74 46 B3 0E      C  DB 084h,0c2h,074h,046h,0b3h,00eh,090h,090h
       90 90
 0C70  80 FA 01 74 04 B3      C  DB 080h,0fah,001h,074h,004h,0b3h,00ah,090h
       0A 90
 0C78  90 8A E2 50 E8 10      C  DB 090h,08ah,0e2h,050h,0e8h,010h,0ffh,058h
       FF 58
 0C80  8A D4 F6 D2 22 C2      C  DB 08ah,0d4h,0f6h,0d2h,022h,0c2h,0f6h,0d2h
       F6 D2
 0C88  0A C9 74 09 0A C2      C  DB 00ah,0c9h,074h,009h,00ah,0c2h,080h,0e9h
       80 E9
 0C90  04 73 02 32 C9 0A      C  DB 004h,073h,002h,032h,0c9h,00ah,0edh,074h
       ED 74
 0C98  09 0A C2 80 ED 04      C  DB 009h,00ah,0c2h,080h,0edh,004h,073h,002h
       73 02
 0CA0  32 ED 0A F6 74 09      C  DB 032h,0edh,00ah,0f6h,074h,009h,00ah,0c2h
       0A C2
 0CA8  80 EE 04 73 02 32      C  DB 080h,0eeh,004h,073h,002h,032h,0f6h,0e8h
       F6 E8
 0CB0  F0 FE C3 B4 02 32      C  DB 0f0h,0feh,0c3h,0b4h,002h,032h,0ffh,050h
       FF 50
 0CB8  CD 10 58 B4 09 B9      C  DB 0cdh,010h,058h,0b4h,009h,0b9h,001h,000h
       01 00
 0CC0  B3 0E 90 90 80 FE      C  DB 0b3h,00eh,090h,090h,080h,0feh,006h,075h
       06 75
 0CC8  04 B3 0A 90 90 50      C  DB 004h,0b3h,00ah,090h,090h,050h,0cdh,010h
       CD 10
 0CD0  58 C3 06 B9 55 AA      C  DB 058h,0c3h,006h,0b9h,055h,0aah,02eh,0f6h
       2E F6
 0CD8  06 EC FF 10 74 03      C  DB 006h,0ech,0ffh,010h,074h,003h,0e8h,013h
       E8 13
 0CE0  98 2E F6 06 EC FF      C  DB 098h,02eh,0f6h,006h,0ech,0ffh,020h,074h
       20 74
 0CE8  03 E8 F0 97 BB 00      C  DB 003h,0e8h,0f0h,097h,0bbh,000h,0c0h,0bah
       C0 BA
 0CF0  00 C8 E8 32 00 74      C  DB 000h,0c8h,0e8h,032h,000h,074h,04ah,02eh
       4A 2E
 0CF8  F6 06 EC FF 20 74      C  DB 0f6h,006h,0ech,0ffh,020h,074h,00eh,0e8h
       0E E8
 0D00  E6 97 BB 00 C0 BA      C  DB 0e6h,097h,0bbh,000h,0c0h,0bah,000h,0c8h
       00 C8
 0D08  E8 1C 00 EB 34 2E      C  DB 0e8h,01ch,000h,0ebh,034h,02eh,0f6h,006h
       F6 06
 0D10  EC FF 10 75 04 0B      C  DB 0ech,0ffh,010h,075h,004h,00bh,0dbh,0ebh
       DB EB
 0D18  28 E8 E4 97 BB 00      C  DB 028h,0e8h,0e4h,097h,0bbh,000h,0e0h,0bah
       E0 BA
 0D20  00 E8 E8 02 00 EB      C  DB 000h,0e8h,0e8h,002h,000h,0ebh,01ah,006h
       1A 06
 0D28  33 F6 8E C3 26 8B      C  DB 033h,0f6h,08eh,0c3h,026h,08bh,004h,0ebh
       04 EB
 0D30  00 EB 00 3B C1 74      C  DB 000h,0ebh,000h,03bh,0c1h,074h,00ah,081h
       0A 81
 0D38  C3 80 00 3B DA 72      C  DB 0c3h,080h,000h,03bh,0dah,072h,0ebh,00bh
       EB 0B
 0D40  DB 07 C3 50 53 06      C  DB 0dbh,007h,0c3h,050h,053h,006h,0bah,0d4h
       BA D4
 0D48  03 B8 00 B8 BB A0      C  DB 003h,0b8h,000h,0b8h,0bbh,0a0h,00fh,0b9h
       0F B9
 0D50  02 00 8E C0 26 C7      C  DB 002h,000h,08eh,0c0h,026h,0c7h,007h,0a5h
       07 A5
 0D58  A5 26 C7 47 02 00      C  DB 0a5h,026h,0c7h,047h,002h,000h,000h,026h
       00 26
 0D60  81 3F A5 A5 26 C7      C  DB 081h,03fh,0a5h,0a5h,026h,0c7h,007h,020h
       07 20
 0D68  07 75 18 B0 0F EE      C  DB 007h,075h,018h,0b0h,00fh,0eeh,042h,0e7h
       42 E7
 0D70  E1 EC 86 C4 B0 A5      C  DB 0e1h,0ech,086h,0c4h,0b0h,0a5h,0eeh,0e7h
       EE E7
 0D78  E1 EC 3C A5 86 C4      C  DB 0e1h,0ech,03ch,0a5h,086h,0c4h,0eeh,075h
       EE 75
 0D80  02 0A E9 B8 00 B0      C  DB 002h,00ah,0e9h,0b8h,000h,0b0h,0b2h,0b4h
       B2 B4
 0D88  B7 14 FE C9 75 C4      C  DB 0b7h,014h,0feh,0c9h,075h,0c4h,007h,05bh
       07 5B
 0D90  58 C3 FA 33 C9 BB      C  DB 058h,0c3h,0fah,033h,0c9h,0bbh,00fh,0ffh
       0F FF
 0D98  E7 E1 E4 64 A8 01      C  DB 0e7h,0e1h,0e4h,064h,0a8h,001h,074h,008h
       74 08
 0DA0  E7 E1 E4 60 E2 F2      C  DB 0e7h,0e1h,0e4h,060h,0e2h,0f2h,0ebh,018h
       EB 18
 0DA8  B0 C0 E8 8F BC E8      C  DB 0b0h,0c0h,0e8h,08fh,0bch,0e8h,0a0h,0bch
       A0 BC
 0DB0  E4 60 3A C7 74 0B      C  DB 0e4h,060h,03ah,0c7h,074h,00bh,08ah,0f8h
       8A F8
 0DB8  33 C9 E2 FE FE CB      C  DB 033h,0c9h,0e2h,0feh,0feh,0cbh,075h,0e8h
       75 E8
 0DC0  F9 FB C3 2C 20 41      C  DB 0f9h,0fbh,0c3h,02ch,020h,041h,06eh,020h
       6E 20
 0DC8  45 6E 65 72 67 79      C  DB 045h,06eh,065h,072h,067h,079h,020h,053h
       20 53
 0DD0  74 61 72 20 41 6C      C  DB 074h,061h,072h,020h,041h,06ch,06ch,079h
       6C 79
 0DD8  00 B8 00 00 8E D8      C  DB 000h,0b8h,000h,000h,08eh,0d8h,081h,03eh
       81 3E
 0DE0  72 04 34 12 74 48      C  DB 072h,004h,034h,012h,074h,048h,08ah,046h
       8A 46
 0DE8  14 24 30 C0 E8 04      C  DB 014h,024h,030h,0c0h,0e8h,004h,074h,039h
       74 39
 0DF0  E8 50 FF 0A ED 0F      C  DB 0e8h,050h,0ffh,00ah,0edh,00fh,084h,0a3h
       84 A3
 0DF8  00 F6 C5 01 74 0E      C  DB 000h,0f6h,0c5h,001h,074h,00eh,0b8h,000h
       B8 00
 0E00  B0 BA B8 03 E8 A2      C  DB 0b0h,0bah,0b8h,003h,0e8h,0a2h,002h,073h
       02 73
 0E08  03 80 E5 02 F6 C5      C  DB 003h,080h,0e5h,002h,0f6h,0c5h,002h,074h
       02 74
 0E10  0B B8 00 B8 BA D8      C  DB 00bh,0b8h,000h,0b8h,0bah,0d8h,003h,0e8h
       03 E8
 0E18  8F 02 73 0D F6 C5      C  DB 08fh,002h,073h,00dh,0f6h,0c5h,001h,075h
       01 75
 0E20  08 BA 02 01 E8 39      C  DB 008h,0bah,002h,001h,0e8h,039h,0e0h,0ebh
       E0 EB
 0E28  79 B3 01 E8 5E E0      C  DB 079h,0b3h,001h,0e8h,05eh,0e0h,0e8h,094h
       E8 94
 0E30  8C E8 5D 19 B8 00      C  DB 08ch,0e8h,05dh,019h,0b8h,000h,0f0h,08eh
       F0 8E
 0E38  D8 E8 A8 00 BA 00      C  DB 0d8h,0e8h,0a8h,000h,0bah,000h,018h,0e8h
       18 E8
 0E40  D6 18 BE 71 EC E8      C  DB 0d6h,018h,0beh,071h,0ech,0e8h,099h,002h
       99 02
 0E48  BA 00 01 F6 86 9E      C  DB 0bah,000h,001h,0f6h,086h,09eh,000h,001h
       00 01
 0E50  74 02 B2 03 52 E8      C  DB 074h,002h,0b2h,003h,052h,0e8h,0c0h,018h
       C0 18
 0E58  BE 61 E0 E8 83 02      C  DB 0beh,061h,0e0h,0e8h,083h,002h,0beh,0c3h
       BE C3
 0E60  0D E8 7D 02 5A FE      C  DB 00dh,0e8h,07dh,002h,05ah,0feh,0c6h,0e8h
       C6 E8
 0E68  AE 18 BE 91 E0 E8      C  DB 0aeh,018h,0beh,091h,0e0h,0e8h,071h,002h
       71 02
 0E70  E8 5D 19 E8 5A 19      C  DB 0e8h,05dh,019h,0e8h,05ah,019h,0beh,0c1h
       BE C1
 0E78  E0 E8 65 02 E8 51      C  DB 0e0h,0e8h,065h,002h,0e8h,051h,019h,0e8h
       19 E8
 0E80  E5 12 74 18 E8 49      C  DB 0e5h,012h,074h,018h,0e8h,049h,019h,0e8h
       19 E8
 0E88  22 73 E8 54 02 E8      C  DB 022h,073h,0e8h,054h,002h,0e8h,042h,000h
       42 00
 0E90  BE 5A EB E8 4B 02      C  DB 0beh,05ah,0ebh,0e8h,04bh,002h,0e8h,0e5h
       E8 E5
 0E98  14 E8 34 19 BE F0      C  DB 014h,0e8h,034h,019h,0beh,0f0h,0eeh,0e8h
       EE E8
 0EA0  47 02 80 66 3F FE      C  DB 047h,002h,080h,066h,03fh,0feh,0b8h,000h
       B8 00
 0EA8  00 8E D8 81 3E 72      C  DB 000h,08eh,0d8h,081h,03eh,072h,004h,034h
       04 34
 0EB0  12 74 1A 8C C8 8E      C  DB 012h,074h,01ah,08ch,0c8h,08eh,0d8h,0beh
       D8 BE
 0EB8  00 00 33 C0 02 04      C  DB 000h,000h,033h,0c0h,002h,004h,046h,075h
       46 75
 0EC0  FB 0A C0 74 08 80      C  DB 0fbh,00ah,0c0h,074h,008h,080h,04eh,03fh
       4E 3F
 0EC8  01 80 4E 0E 20 E8      C  DB 001h,080h,04eh,00eh,020h,0e8h,0d9h,0e6h
       D9 E6
 0ED0  F8 C3 F6 46 3F 10      C  DB 0f8h,0c3h,0f6h,046h,03fh,010h,074h,00ah
       74 0A
 0ED8  B0 2D E8 E6 29 B0      C  DB 0b0h,02dh,0e8h,0e6h,029h,0b0h,053h,0e8h
       53 E8
 0EE0  E1 29 C3 90 F6 46      C  DB 0e1h,029h,0c3h,090h,0f6h,046h,014h,030h
       14 30
 0EE8  74 01 C3 06 1E 60      C  DB 074h,001h,0c3h,006h,01eh,060h,0b8h,030h
       B8 30
 0EF0  11 B7 02 55 CD 10      C  DB 011h,0b7h,002h,055h,0cdh,010h,08bh,0ddh
       8B DD
 0EF8  5D 8C C0 89 86 B0      C  DB 05dh,08ch,0c0h,089h,086h,0b0h,001h,089h
       01 89
 0F00  9E AE 01 FC B8 00      C  DB 09eh,0aeh,001h,0fch,0b8h,000h,0f0h,08eh
       F0 8E
 0F08  D8 B8 00 10 8E C0      C  DB 0d8h,0b8h,000h,010h,08eh,0c0h,08dh,036h
       8D 36
 0F10  44 7B 33 FF 8B 0C      C  DB 044h,07bh,033h,0ffh,08bh,00ch,083h,0c1h
       83 C1
 0F18  07 C1 E9 03 51 32      C  DB 007h,0c1h,0e9h,003h,051h,032h,0c0h,0b2h
       C0 B2
 0F20  00 0A D2 74 05 AA      C  DB 000h,00ah,0d2h,074h,005h,0aah,0feh,0cah
       FE CA
 0F28  EB F7 83 C7 20 83      C  DB 0ebh,0f7h,083h,0c7h,020h,083h,0efh,000h
       EF 00
 0F30  E2 ED 59 BF 00 00      C  DB 0e2h,0edh,059h,0bfh,000h,000h,08bh,054h
       8B 54
 0F38  02 83 C6 04 32 E4      C  DB 002h,083h,0c6h,004h,032h,0e4h,051h,00ah
       51 0A
 0F40  E4 74 08 FE CC AA      C  DB 0e4h,074h,008h,0feh,0cch,0aah,083h,0c7h
       83 C7
 0F48  1F EB 0C AC 0A C0      C  DB 01fh,0ebh,00ch,0ach,00ah,0c0h,075h,0f5h
       75 F5
 0F50  AC 8A E0 32 C0 EB      C  DB 0ach,08ah,0e0h,032h,0c0h,0ebh,0e8h,0e2h
       E8 E2
 0F58  E6 59 50 8B C7 24      C  DB 0e6h,059h,050h,08bh,0c7h,024h,01fh,03ch
       1F 3C
 0F60  0D 72 05 83 EF 0D      C  DB 00dh,072h,005h,083h,0efh,00dh,0ebh,008h
       EB 08
 0F68  8B C1 C1 E0 05 2B      C  DB 08bh,0c1h,0c1h,0e0h,005h,02bh,0f8h,047h
       F8 47
 0F70  58 4A 75 CA 32 C0      C  DB 058h,04ah,075h,0cah,032h,0c0h,08bh,0d7h
       8B D7
 0F78  80 E2 1F 80 FA 0D      C  DB 080h,0e2h,01fh,080h,0fah,00dh,073h,012h
       73 12
 0F80  51 AA 83 C7 1F E2      C  DB 051h,0aah,083h,0c7h,01fh,0e2h,0fah,059h
       FA 59
 0F88  8B D1 C1 E2 05 2B      C  DB 08bh,0d1h,0c1h,0e2h,005h,02bh,0fah,047h
       FA 47
 0F90  EB E4 BF 40 0F 8D      C  DB 0ebh,0e4h,0bfh,040h,00fh,08dh,036h,0d1h
       36 D1
 0F98  7E B3 05 B9 0D 00      C  DB 07eh,0b3h,005h,0b9h,00dh,000h,0f3h,0a4h
       F3 A4
 0FA0  83 C7 20 83 EF 0D      C  DB 083h,0c7h,020h,083h,0efh,00dh,0feh,0cbh
       FE CB
 0FA8  75 F1 B8 01 12 B3      C  DB 075h,0f1h,0b8h,001h,012h,0b3h,030h,0cdh
       30 CD
 0FB0  10 B8 03 00 CD 10      C  DB 010h,0b8h,003h,000h,0cdh,010h,0bah,0c4h
       BA C4
 0FB8  03 B0 02 E8 D5 00      C  DB 003h,0b0h,002h,0e8h,0d5h,000h,050h,0b4h
       50 B4
 0FC0  04 E8 DA 00 B0 04      C  DB 004h,0e8h,0dah,000h,0b0h,004h,0e8h,0cah
       E8 CA
 0FC8  00 50 B4 07 E8 CF      C  DB 000h,050h,0b4h,007h,0e8h,0cfh,000h,0bah
       00 BA
 0FD0  CE 03 B0 05 E8 BC      C  DB 0ceh,003h,0b0h,005h,0e8h,0bch,000h,050h
       00 50
 0FD8  B4 00 E8 C1 00 B0      C  DB 0b4h,000h,0e8h,0c1h,000h,0b0h,006h,0e8h
       06 E8
 0FE0  B1 00 50 B4 04 E8      C  DB 0b1h,000h,050h,0b4h,004h,0e8h,0b6h,000h
       B6 00
 0FE8  B0 04 E8 A6 00 50      C  DB 0b0h,004h,0e8h,0a6h,000h,050h,0b4h,002h
       B4 02
 0FF0  E8 AB 00 06 1F BF      C  DB 0e8h,0abh,000h,006h,01fh,0bfh,000h,010h
       00 10
 0FF8  B8 00 A0 8E C0 33      C  DB 0b8h,000h,0a0h,08eh,0c0h,033h,0f6h,0b9h
       F6 B9
 1000  00 10 FC F3 A5 BF      C  DB 000h,010h,0fch,0f3h,0a5h,0bfh,040h,01fh
       40 1F
 1008  26 8B 1D BA CE 03      C  DB 026h,08bh,01dh,0bah,0ceh,003h,058h,0e8h
       58 E8
 1010  8C 00 58 E8 88 00      C  DB 08ch,000h,058h,0e8h,088h,000h,058h,0e8h
       58 E8
 1018  84 00 BA C4 03 58      C  DB 084h,000h,0bah,0c4h,003h,058h,0e8h,07dh
       E8 7D
 1020  00 58 E8 79 00 BE      C  DB 000h,058h,0e8h,079h,000h,0beh,040h,00fh
       40 0F
 1028  39 1C 74 14 1E 07      C  DB 039h,01ch,074h,014h,01eh,007h,055h,0b8h
       55 B8
 1030  00 11 BB 00 20 B9      C  DB 000h,011h,0bbh,000h,020h,0b9h,080h,000h
       80 00
 1038  BA 80 00 33 ED CD      C  DB 0bah,080h,000h,033h,0edh,0cdh,010h,05dh
       10 5D
 1040  B0 80 B6 01 B2 3C      C  DB 0b0h,080h,0b6h,001h,0b2h,03ch,0b9h,011h
       B9 11
 1048  00 51 E8 66 FC FE      C  DB 000h,051h,0e8h,066h,0fch,0feh,0c0h,0feh
       C0 FE
 1050  C2 59 E2 F5 FE C6      C  DB 0c2h,059h,0e2h,0f5h,0feh,0c6h,080h,0feh
       80 FE
 1058  07 72 E9 8A 9E 80      C  DB 007h,072h,0e9h,08ah,09eh,080h,000h,053h
       00 53
 1060  C6 86 80 00 09 BA      C  DB 0c6h,086h,080h,000h,009h,0bah,001h,001h
       01 01
 1068  E8 AD 16 B0 FA E8      C  DB 0e8h,0adh,016h,0b0h,0fah,0e8h,053h,028h
       53 28
 1070  FE C0 E8 4E 28 BA      C  DB 0feh,0c0h,0e8h,04eh,028h,0bah,000h,002h
       00 02
 1078  E8 9D 16 B0 FC E8      C  DB 0e8h,09dh,016h,0b0h,0fch,0e8h,043h,028h
       43 28
 1080  FE C0 E8 3E 28 FE      C  DB 0feh,0c0h,0e8h,03eh,028h,0feh,0c0h,0e8h
       C0 E8
 1088  39 28 5B 88 9E 80      C  DB 039h,028h,05bh,088h,09eh,080h,000h,061h
       00 61
 1090  1F 07 C3 EE 86 E0      C  DB 01fh,007h,0c3h,0eeh,086h,0e0h,0feh,0c2h
       FE C2
 1098  EC 86 E0 FE CA C3      C  DB 0ech,086h,0e0h,0feh,0cah,0c3h,0eeh,0feh
       EE FE
 10A0  C2 86 E0 EE FE CA      C  DB 0c2h,086h,0e0h,0eeh,0feh,0cah,086h,0e0h
       86 E0
 10A8  C3 51 8E C0 B0 21      C  DB 0c3h,051h,08eh,0c0h,0b0h,021h,0eeh,0b9h
       EE B9
 10B0  00 08 8C C0 3D 00      C  DB 000h,008h,08ch,0c0h,03dh,000h,0b0h,074h
       B0 74
 10B8  03 B9 00 20 8B D9      C  DB 003h,0b9h,000h,020h,08bh,0d9h,0b8h,0a5h
       B8 A5
 10C0  A5 33 FF F3 AB 8B      C  DB 0a5h,033h,0ffh,0f3h,0abh,08bh,0cbh,0d1h
       CB D1
 10C8  E1 33 FF F3 AE 75      C  DB 0e1h,033h,0ffh,0f3h,0aeh,075h,00fh,033h
       0F 33
 10D0  FF 8B CB B8 20 07      C  DB 0ffh,08bh,0cbh,0b8h,020h,007h,0f3h,0abh
       F3 AB
 10D8  B0 29 EE F8 59 C3      C  DB 0b0h,029h,0eeh,0f8h,059h,0c3h,0f9h,0ebh
       F9 EB
 10E0  FB 1E 0E 1F E8 AF      C  DB 0fbh,01eh,00eh,01fh,0e8h,0afh,025h,01fh
       25 1F
 10E8  C3 FF B6 81 00 E8      C  DB 0c3h,0ffh,0b6h,081h,000h,0e8h,0f1h,0ffh
       F1 FF
 10F0  8F 86 81 00 60 B4      C  DB 08fh,086h,081h,000h,060h,0b4h,002h,032h
       02 32
 10F8  FF 8B 96 81 00 CD      C  DB 0ffh,08bh,096h,081h,000h,0cdh,010h,061h
       10 61
 1100  C3 20 00 00 F0 00      C  DB 0c3h,020h,000h,000h,0f0h,000h,000h,000h
       00 00
 1108  04 00 F4 00 00 00      C  DB 004h,000h,0f4h,000h,000h,000h,000h,000h
       00 00
 1110  00 00 00 00 00 FF      C  DB 000h,000h,000h,000h,000h,0ffh,0ffh,000h
       FF 00
 1118  00 0F 9F 00 00 FF      C  DB 000h,00fh,09fh,000h,000h,0ffh,0ffh,000h
       FF 00
 1120  00 00 93 00 00 FF      C  DB 000h,000h,093h,000h,000h,0ffh,0ffh,000h
       FF 00
 1128  00 01 93 00 00 90      C  DB 000h,001h,093h,000h,000h,090h,000h,004h
       00 04
 1130  00 00 00 00 66 60      C  DB 000h,000h,000h,000h,066h,060h,0e8h,0cfh
       E8 CF
 1138  E5 72 65 0E 1F B9      C  DB 0e5h,072h,065h,00eh,01fh,0b9h,040h,000h
       40 00
 1140  BE 0D 11 33 C0 8E      C  DB 0beh,00dh,011h,033h,0c0h,08eh,0c0h,0bfh
       C0 BF
 1148  00 F0 F3 A5 BF 00      C  DB 000h,0f0h,0f3h,0a5h,0bfh,000h,0f4h,0b9h
       F4 B9
 1150  80 00 BE A3 11 33      C  DB 080h,000h,0beh,0a3h,011h,033h,0c0h,026h
       C0 26
 1158  89 35 26 C7 45 02      C  DB 089h,035h,026h,0c7h,045h,002h,008h,000h
       08 00
 1160  26 C7 45 04 00 8F      C  DB 026h,0c7h,045h,004h,000h,08fh,026h,089h
       26 89
 1168  45 06 83 C7 08 E2      C  DB 045h,006h,083h,0c7h,008h,0e2h,0e8h,0beh
       E8 BE
 1170  07 11 0F 01 1C BE      C  DB 007h,011h,00fh,001h,01ch,0beh,001h,011h
       01 11
 1178  0F 01 14 0F 20 C0      C  DB 00fh,001h,014h,00fh,020h,0c0h,00ch,001h
       0C 01
 1180  0F 22 C0 EA 88 11      C  DB 00fh,022h,0c0h,0eah,088h,011h,008h,000h
       08 00
 1188  B8 10 00 8E D8 8E      C  DB 0b8h,010h,000h,08eh,0d8h,08eh,0d0h,08eh
       D0 8E
 1190  E8 8E E0 B8 18 00      C  DB 0e8h,08eh,0e0h,0b8h,018h,000h,08eh,0c0h
       8E C0
 1198  0F 20 C0 A8 01 75      C  DB 00fh,020h,0c0h,0a8h,001h,075h,001h,0f9h
       01 F9
 11A0  66 61 C3 66 50 52      C  DB 066h,061h,0c3h,066h,050h,052h,0b0h,0b0h
       B0 B0
 11A8  BA 80 00 EE 0F 20      C  DB 0bah,080h,000h,0eeh,00fh,020h,0c0h,066h
       C0 66
 11B0  25 FF FF FF 7F 0F      C  DB 025h,0ffh,0ffh,0ffh,07fh,00fh,022h,0c0h
       22 C0
 11B8  5A 66 58 CF 66 50      C  DB 05ah,066h,058h,0cfh,066h,050h,066h,056h
       66 56
 11C0  8C D8 8E C0 8E E8      C  DB 08ch,0d8h,08eh,0c0h,08eh,0e8h,08eh,0e0h
       8E E0
 11C8  FA 0F 20 C0 66 25      C  DB 0fah,00fh,020h,0c0h,066h,025h,0feh,0ffh
       FE FF
 11D0  FF 7F 0F 22 C0 EA      C  DB 0ffh,07fh,00fh,022h,0c0h,0eah,0dah,011h
       DA 11
 11D8  00 F0 8C C8 8E D8      C  DB 000h,0f0h,08ch,0c8h,08eh,0d8h,0beh,02eh
       BE 2E
 11E0  11 0F 01 1C 33 C0      C  DB 011h,00fh,001h,01ch,033h,0c0h,08eh,0d8h
       8E D8
 11E8  8E C0 8E D0 E8 69      C  DB 08eh,0c0h,08eh,0d0h,0e8h,069h,0e5h,066h
       E5 66
 11F0  5E 66 58 C3 2E F6      C  DB 05eh,066h,058h,0c3h,02eh,0f6h,006h,0ech
       06 EC
 11F8  FF 80 74 09 B0 A7      C  DB 0ffh,080h,074h,009h,0b0h,0a7h,0e6h,064h
       E6 64
 1200  E7 E1 E8 5F B8 B2      C  DB 0e7h,0e1h,0e8h,05fh,0b8h,0b2h,00fh,0b0h
       0F B0
 1208  AD E8 30 B8 E8 55      C  DB 0adh,0e8h,030h,0b8h,0e8h,055h,0b8h,0e4h
       B8 E4
 1210  60 E7 E1 B0 FF E6      C  DB 060h,0e7h,0e1h,0b0h,0ffh,0e6h,060h,0e7h
       60 E7
 1218  E1 E8 48 B8 75 37      C  DB 0e1h,0e8h,048h,0b8h,075h,037h,0e8h,02fh
       E8 2F
 1220  B8 74 32 33 DB B9      C  DB 0b8h,074h,032h,033h,0dbh,0b9h,000h,002h
       00 02
 1228  E8 E0 12 E4 60 E7      C  DB 0e8h,0e0h,012h,0e4h,060h,0e7h,0e1h,03ch
       E1 3C
 1230  FA 74 06 FE CA 75      C  DB 0fah,074h,006h,0feh,0cah,075h,0d0h,0ebh
       D0 EB
 1238  1C B9 0A 00 51 33      C  DB 01ch,0b9h,00ah,000h,051h,033h,0dbh,0b9h
       DB B9
 1240  00 02 E8 C6 12 59      C  DB 000h,002h,0e8h,0c6h,012h,059h,0e8h,007h
       E8 07
 1248  B8 E1 F1 E4 60 E7      C  DB 0b8h,0e1h,0f1h,0e4h,060h,0e7h,0e1h,03ch
       E1 3C
 1250  AA 75 E0 EB 11 B8      C  DB 0aah,075h,0e0h,0ebh,011h,0b8h,000h,000h
       00 00
 1258  8E D8 81 3E 72 04      C  DB 08eh,0d8h,081h,03eh,072h,004h,034h,012h
       34 12
 1260  74 04 80 4E 0E 22      C  DB 074h,004h,080h,04eh,00eh,022h,0b0h,0aeh
       B0 AE
 1268  E8 D1 B7 E8 F6 B7      C  DB 0e8h,0d1h,0b7h,0e8h,0f6h,0b7h,033h,0d2h
       33 D2
 1270  EB 03 BA C0 00 56      C  DB 0ebh,003h,0bah,0c0h,000h,056h,0b0h,0aah
       B0 AA
 1278  8A E0 EE E7 E1 EE      C  DB 08ah,0e0h,0eeh,0e7h,0e1h,0eeh,0e7h,0e1h
       E7 E1
 1280  E4 80 E7 E1 EC E7      C  DB 0e4h,080h,0e7h,0e1h,0ech,0e7h,0e1h,03ah
       E1 3A
 1288  C4 75 23 E4 80 E7      C  DB 0c4h,075h,023h,0e4h,080h,0e7h,0e1h,0ech
       E1 EC
 1290  E7 E1 3A C4 75 18      C  DB 0e7h,0e1h,03ah,0c4h,075h,018h,00ah,0c0h
       0A C0
 1298  74 17 3C AA 74 08      C  DB 074h,017h,03ch,0aah,074h,008h,03ch,055h
       3C 55
 12A0  74 08 32 C0 EB D2      C  DB 074h,008h,032h,0c0h,0ebh,0d2h,0b0h,055h
       B0 55
 12A8  EB CE B0 FF EB CA      C  DB 0ebh,0ceh,0b0h,0ffh,0ebh,0cah,05eh,0f9h
       5E F9
 12B0  C3 5E F8 C3 56 B8      C  DB 0c3h,05eh,0f8h,0c3h,056h,0b8h,000h,000h
       00 00
 12B8  8E D8 81 3E 72 04      C  DB 08eh,0d8h,081h,03eh,072h,004h,034h,012h
       34 12
 12C0  74 59 BA 81 00 8B      C  DB 074h,059h,0bah,081h,000h,08bh,0c2h,0eeh
       C2 EE
 12C8  E7 E1 3D 8E 00 74      C  DB 0e7h,0e1h,03dh,08eh,000h,074h,003h,042h
       03 42
 12D0  EB F3 EC E7 E1 3A      C  DB 0ebh,0f3h,0ech,0e7h,0e1h,03ah,0c2h,075h
       C2 75
 12D8  3F 81 FA 81 00 74      C  DB 03fh,081h,0fah,081h,000h,074h,003h,04ah
       03 4A
 12E0  EB F0 B0 AA 8A E0      C  DB 0ebh,0f0h,0b0h,0aah,08ah,0e0h,0eeh,0e7h
       EE E7
 12E8  E1 E4 80 E7 E1 EC      C  DB 0e1h,0e4h,080h,0e7h,0e1h,0ech,0e7h,0e1h
       E7 E1
 12F0  3A C4 75 24 81 FA      C  DB 03ah,0c4h,075h,024h,081h,0fah,08eh,000h
       8E 00
 12F8  74 03 42 EB E7 BA      C  DB 074h,003h,042h,0ebh,0e7h,0bah,081h,000h
       81 00
 1300  0A C0 74 17 3C AA      C  DB 00ah,0c0h,074h,017h,03ch,0aah,074h,008h
       74 08
 1308  3C 55 74 08 32 C0      C  DB 03ch,055h,074h,008h,032h,0c0h,0ebh,0d4h
       EB D4
 1310  B0 55 EB D0 B0 FF      C  DB 0b0h,055h,0ebh,0d0h,0b0h,0ffh,0ebh,0cch
       EB CC
 1318  5E F9 C3 5E F8 C3      C  DB 05eh,0f9h,0c3h,05eh,0f8h,0c3h,0f8h,0c3h
       F8 C3
 1320  F8 C3 B0 02 E8 12      C  DB 0f8h,0c3h,0b0h,002h,0e8h,012h,000h,0b0h
       00 B0
 1328  B6 E6 43 E7 E1 B8      C  DB 0b6h,0e6h,043h,0e7h,0e1h,0b8h,000h,005h
       00 05
 1330  E6 42 E7 E1 8A C4      C  DB 0e6h,042h,0e7h,0e1h,08ah,0c4h,0e6h,042h
       E6 42
 1338  C3 56 B5 FF BA 40      C  DB 0c3h,056h,0b5h,0ffh,0bah,040h,000h,002h
       00 02
 1340  D0 C0 E0 06 8A E0      C  DB 0d0h,0c0h,0e0h,006h,08ah,0e0h,00ch,010h
       0C 10
 1348  E6 43 E7 E1 8A C5      C  DB 0e6h,043h,0e7h,0e1h,08ah,0c5h,0eeh,0e7h
       EE E7
 1350  E1 8A C4 E6 43 E7      C  DB 0e1h,08ah,0c4h,0e6h,043h,0e7h,0e1h,0ech
       E1 EC
 1358  E7 E1 3A C5 75 0A      C  DB 0e7h,0e1h,03ah,0c5h,075h,00ah,00ah,0c0h
       0A C0
 1360  74 09 32 ED 8A C4      C  DB 074h,009h,032h,0edh,08ah,0c4h,0ebh,0deh
       EB DE
 1368  5E F9 C3 5E F8 C3      C  DB 05eh,0f9h,0c3h,05eh,0f8h,0c3h,0b8h,000h
       B8 00
 1370  00 8E D8 81 3E 72      C  DB 000h,08eh,0d8h,081h,03eh,072h,004h,034h
       04 34
 1378  12 74 16 33 C0 EB      C  DB 012h,074h,016h,033h,0c0h,0ebh,011h,0fah
       11 FA
 1380  B8 00 00 8E D8 81      C  DB 0b8h,000h,000h,08eh,0d8h,081h,03eh,072h
       3E 72
 1388  04 34 12 74 04 B8      C  DB 004h,034h,012h,074h,004h,0b8h,080h,000h
       80 00
 1390  F8 B0 B8 E6 21 E7      C  DB 0f8h,0b0h,0b8h,0e6h,021h,0e7h,0e1h,0b0h
       E1 B0
 1398  BD E6 A1 C3 F8 C3      C  DB 0bdh,0e6h,0a1h,0c3h,0f8h,0c3h,0fah,0b8h
       FA B8
 13A0  00 00 8E D8 8B 16      C  DB 000h,000h,08eh,0d8h,08bh,016h,020h,000h
       20 00
 13A8  8B 1E 22 00 C7 06      C  DB 08bh,01eh,022h,000h,0c7h,006h,020h,000h
       20 00
 13B0  0C 14 8C 0E 22 00      C  DB 00ch,014h,08ch,00eh,022h,000h,0b0h,0ffh
       B0 FF
 13B8  E6 A1 E7 E1 FE C8      C  DB 0e6h,0a1h,0e7h,0e1h,0feh,0c8h,0e6h,021h
       E6 21
 13C0  B0 30 E6 43 E7 E1      C  DB 0b0h,030h,0e6h,043h,0e7h,0e1h,0b8h,008h
       B8 08
 13C8  00 E6 40 E7 E1 8A      C  DB 000h,0e6h,040h,0e7h,0e1h,08ah,0c4h,0e6h
       C4 E6
 13D0  40 33 C0 B9 00 70      C  DB 040h,033h,0c0h,0b9h,000h,070h,0fbh,0e2h
       FB E2
 13D8  FE FA 50 B0 FF E6      C  DB 0feh,0fah,050h,0b0h,0ffh,0e6h,021h,0e7h
       21 E7
 13E0  E1 B0 36 E6 43 E7      C  DB 0e1h,0b0h,036h,0e6h,043h,0e7h,0e1h,032h
       E1 32
 13E8  C0 E6 40 E7 E1 E6      C  DB 0c0h,0e6h,040h,0e7h,0e1h,0e6h,040h,089h
       40 89
 13F0  16 20 00 89 1E 22      C  DB 016h,020h,000h,089h,01eh,022h,000h,058h
       00 58
 13F8  0B C0 75 03 F9 EB      C  DB 00bh,0c0h,075h,003h,0f9h,0ebh,001h,0f8h
       01 F8
 1400  FA B0 B8 E6 21 E7      C  DB 0fah,0b0h,0b8h,0e6h,021h,0e7h,0e1h,0b0h
       E1 B0
 1408  BD E6 A1 C3 B9 01      C  DB 0bdh,0e6h,0a1h,0c3h,0b9h,001h,000h,0e7h
       00 E7
 1410  E1 B0 20 E6 20 E7      C  DB 0e1h,0b0h,020h,0e6h,020h,0e7h,0e1h,0cfh
       E1 CF
 1418  F8 C3 F8 C3 FA C7      C  DB 0f8h,0c3h,0f8h,0c3h,0fah,0c7h,086h,036h
       86 36
 1420  01 00 00 B9 30 00      C  DB 001h,000h,000h,0b9h,030h,000h,0bfh,0c0h
       BF C0
 1428  01 E8 18 ED 72 FB      C  DB 001h,0e8h,018h,0edh,072h,0fbh,0b9h,030h
       B9 30
 1430  00 BF C2 01 E8 0D      C  DB 000h,0bfh,0c2h,001h,0e8h,00dh,0edh,072h
       ED 72
 1438  FB E9 80 EC E8 34      C  DB 0fbh,0e9h,080h,0ech,0e8h,034h,0e2h,0e8h
       E2 E8
 1440  72 90 2E 80 3E ED      C  DB 072h,090h,02eh,080h,03eh,0edh,0ffh,001h
       FF 01
 1448  74 08 2E 80 3E ED      C  DB 074h,008h,02eh,080h,03eh,0edh,0ffh,005h
       FF 05
 1450  75 09 B0 C9 E6 64      C  DB 075h,009h,0b0h,0c9h,0e6h,064h,0e7h,0e1h
       E7 E1
 1458  E8 09 B6 FA B8 00      C  DB 0e8h,009h,0b6h,0fah,0b8h,000h,000h,08eh
       00 8E
 1460  D8 A3 13 04 8A 46      C  DB 0d8h,0a3h,013h,004h,08ah,046h,00eh,0a8h
       0E A8
 1468  40 75 06 8B 46 15      C  DB 040h,075h,006h,08bh,046h,015h,0a3h,013h
       A3 13
 1470  04 B8 00 00 8E D8      C  DB 004h,0b8h,000h,000h,08eh,0d8h,0bah,040h
       BA 40
 1478  00 BB 00 10 FC 87      C  DB 000h,0bbh,000h,010h,0fch,087h,0dbh,090h
       DB 90
 1480  8E C3 66 33 FF 66      C  DB 08eh,0c3h,066h,033h,0ffh,066h,0b8h,05ah
       B8 5A
 1488  5A 5A 5A 26 66 89      C  DB 05ah,05ah,05ah,026h,066h,089h,005h,026h
       05 26
 1490  66 A3 F0 FF 26 66      C  DB 066h,0a3h,0f0h,0ffh,026h,066h,039h,005h
       39 05
 1498  75 2A 66 B8 A5 A5      C  DB 075h,02ah,066h,0b8h,0a5h,0a5h,0a5h,0a5h
       A5 A5
 14A0  26 66 89 05 26 66      C  DB 026h,066h,089h,005h,026h,066h,0a3h,0f0h
       A3 F0
 14A8  FF 26 66 39 05 26      C  DB 0ffh,026h,066h,039h,005h,026h,066h,0c7h
       66 C7
 14B0  05 00 00 00 00 75      C  DB 005h,000h,000h,000h,000h,075h,00dh,083h
       0D 83
 14B8  C2 40 81 C3 00 10      C  DB 0c2h,040h,081h,0c3h,000h,010h,081h,0fbh
       81 FB
 14C0  00 A0 75 BC 89 16      C  DB 000h,0a0h,075h,0bch,089h,016h,013h,004h
       13 04
 14C8  81 66 33 7F FF 81      C  DB 081h,066h,033h,07fh,0ffh,081h,0fah,000h
       FA 00
 14D0  02 76 04 80 4E 33      C  DB 002h,076h,004h,080h,04eh,033h,080h,080h
       80 80
 14D8  66 0E EF 8B 46 15      C  DB 066h,00eh,0efh,08bh,046h,015h,03bh,0c2h
       3B C2
 14E0  74 03 89 56 15 FA      C  DB 074h,003h,089h,056h,015h,0fah,0b8h,000h
       B8 00
 14E8  00 8E D8 E8 46 FC      C  DB 000h,08eh,0d8h,0e8h,046h,0fch,073h,002h
       73 02
 14F0  F8 C3 66 33 C0 B8      C  DB 0f8h,0c3h,066h,033h,0c0h,0b8h,010h,000h
       10 00
 14F8  BE 18 F0 88 44 04      C  DB 0beh,018h,0f0h,088h,044h,004h,088h,064h
       88 64
 1500  07 BE 18 00 8E C6      C  DB 007h,0beh,018h,000h,08eh,0c6h,026h,066h
       26 66
 1508  C7 06 F8 FF 00 00      C  DB 0c7h,006h,0f8h,0ffh,000h,000h,000h,000h
       00 00
 1510  26 66 A3 FC FF 26      C  DB 026h,066h,0a3h,0fch,0ffh,026h,066h,083h
       66 83
 1518  3E F8 FF 00 26 66      C  DB 03eh,0f8h,0ffh,000h,026h,066h,0c7h,006h
       C7 06
 1520  F8 FF 00 00 00 00      C  DB 0f8h,0ffh,000h,000h,000h,000h,075h,04ch
       75 4C
 1528  26 66 C7 06 F8 FF      C  DB 026h,066h,0c7h,006h,0f8h,0ffh,0ffh,0ffh
       FF FF
 1530  FF FF 26 66 A3 FC      C  DB 0ffh,0ffh,026h,066h,0a3h,0fch,0ffh,026h
       FF 26
 1538  66 83 3E F8 FF FF      C  DB 066h,083h,03eh,0f8h,0ffh,0ffh,026h,066h
       26 66
 1540  C7 06 F8 FF FF FF      C  DB 0c7h,006h,0f8h,0ffh,0ffh,0ffh,0ffh,0ffh
       FF FF
 1548  75 2A 26 66 C7 06      C  DB 075h,02ah,026h,066h,0c7h,006h,0f8h,0ffh
       F8 FF
 1550  00 00 00 00 26 66      C  DB 000h,000h,000h,000h,026h,066h,0a3h,0fch
       A3 FC
 1558  FF 26 66 83 3E F8      C  DB 0ffh,026h,066h,083h,03eh,0f8h,0ffh,000h
       FF 00
 1560  26 66 C7 06 F8 FF      C  DB 026h,066h,0c7h,006h,0f8h,0ffh,000h,000h
       00 00
 1568  00 00 75 08 40 3D      C  DB 000h,000h,075h,008h,040h,03dh,000h,010h
       00 10
 1570  73 02 EB 84 2D 10      C  DB 073h,002h,0ebh,084h,02dh,010h,000h,066h
       00 66
 1578  C1 E0 06 66 89 86      C  DB 0c1h,0e0h,006h,066h,089h,086h,096h,001h
       96 01
 1580  66 3D FF FF 00 00      C  DB 066h,03dh,0ffh,0ffh,000h,000h,076h,003h
       76 03
 1588  B8 FF FF 25 C0 FF      C  DB 0b8h,0ffh,0ffh,025h,0c0h,0ffh,08bh,0c8h
       8B C8
 1590  E8 21 91 89 46 30      C  DB 0e8h,021h,091h,089h,046h,030h,03bh,0c8h
       3B C8
 1598  74 0A 66 33 C9 8B      C  DB 074h,00ah,066h,033h,0c9h,08bh,0c8h,066h
       C8 66
 15A0  89 8E 96 01 E8 15      C  DB 089h,08eh,096h,001h,0e8h,015h,0fch,0fbh
       FC FB
 15A8  8B 56 30 89 56 17      C  DB 08bh,056h,030h,089h,056h,017h,0e8h,0fah
       E8 FA
 15B0  6B F8 C3 90 55 AA      C  DB 06bh,0f8h,0c3h,090h,055h,0aah,055h,0aah
       55 AA
 15B8  AA 55 AA 55 00 00      C  DB 0aah,055h,0aah,055h,000h,000h,000h,000h
       00 00
 15C0  57 06 0E 07 BF B4      C  DB 057h,006h,00eh,007h,0bfh,0b4h,015h,0b9h
       15 B9
 15C8  03 00 FC F2 66 AF      C  DB 003h,000h,0fch,0f2h,066h,0afh,0e3h,008h
       E3 08
 15D0  26 66 8B 05 F8 07      C  DB 026h,066h,08bh,005h,0f8h,007h,05fh,0c3h
       5F C3
 15D8  F9 EB FA FA FC C6      C  DB 0f9h,0ebh,0fah,0fah,0fch,0c6h,086h,038h
       86 38
 15E0  01 00 B8 00 00 8E      C  DB 001h,000h,0b8h,000h,000h,08eh,0d8h,0fah
       D8 FA
 15E8  BA 04 00 8B 1E 13      C  DB 0bah,004h,000h,08bh,01eh,013h,004h,0c1h
       04 C1
 15F0  EB 06 E8 72 0B 74      C  DB 0ebh,006h,0e8h,072h,00bh,074h,006h,0beh
       06 BE
 15F8  42 EB E8 E4 FA E8      C  DB 042h,0ebh,0e8h,0e4h,0fah,0e8h,046h,000h
       46 00
 1600  B8 00 00 8E D8 81      C  DB 0b8h,000h,000h,08eh,0d8h,081h,03eh,072h
       3E 72
 1608  04 34 12 74 06 BE      C  DB 004h,034h,012h,074h,006h,0beh,0f9h,0efh
       F9 EF
 1610  E8 D6 FA FA BA 10      C  DB 0e8h,0d6h,0fah,0fah,0bah,010h,000h,066h
       00 66
 1618  8B 9E 96 01 66 C1      C  DB 08bh,09eh,096h,001h,066h,0c1h,0ebh,006h
       EB 06
 1620  03 DA E8 42 0B 74      C  DB 003h,0dah,0e8h,042h,00bh,074h,01bh,0beh
       1B BE
 1628  EC EE E8 B4 FA E8      C  DB 0ech,0eeh,0e8h,0b4h,0fah,0e8h,016h,000h
       16 00
 1630  8B 96 30 01 E8 E1      C  DB 08bh,096h,030h,001h,0e8h,0e1h,010h,0b1h
       10 B1
 1638  00 E8 81 0F E8 75      C  DB 000h,0e8h,081h,00fh,0e8h,075h,010h,0e8h
       10 E8
 1640  8E 11 E8 8B E1 C3      C  DB 08eh,011h,0e8h,08bh,0e1h,0c3h,03bh,0d3h
       3B D3
 1648  0F 8D 93 00 89 96      C  DB 00fh,08dh,093h,000h,089h,096h,032h,001h
       32 01
 1650  89 9E 34 01 E8 89      C  DB 089h,09eh,034h,001h,0e8h,089h,010h,089h
       10 89
 1658  96 30 01 E8 D6 FA      C  DB 096h,030h,001h,0e8h,0d6h,0fah,073h,003h
       73 03
 1660  F9 EB 7A BB 18 00      C  DB 0f9h,0ebh,07ah,0bbh,018h,000h,0beh,018h
       BE 18
 1668  F0 56 BE 21 59 E8      C  DB 0f0h,056h,0beh,021h,059h,0e8h,008h,007h
       08 07
 1670  0A C0 5E 75 0F F6      C  DB 00ah,0c0h,05eh,075h,00fh,0f6h,006h,0dah
       06 DA
 1678  04 02 75 08 81 3E      C  DB 004h,002h,075h,008h,081h,03eh,072h,004h
       72 04
 1680  34 12 75 08 66 B8      C  DB 034h,012h,075h,008h,066h,0b8h,000h,000h
       00 00
 1688  00 00 EB 05 2E 66      C  DB 000h,000h,0ebh,005h,02eh,066h,0a1h,0b4h
       A1 B4
 1690  15 8B 96 32 01 B9      C  DB 015h,08bh,096h,032h,001h,0b9h,0ffh,03fh
       FF 3F
 1698  E8 4B 00 90 88 54      C  DB 0e8h,04bh,000h,090h,088h,054h,004h,088h
       04 88
 16A0  74 07 8E C3 33 FF      C  DB 074h,007h,08eh,0c3h,033h,0ffh,0b9h,0ffh
       B9 FF
 16A8  3F F3 66 AF 74 03      C  DB 03fh,0f3h,066h,0afh,074h,003h,0ebh,05dh
       EB 5D
 16B0  90 33 FF 26 66 39      C  DB 090h,033h,0ffh,026h,066h,039h,055h,0fch
       55 FC
 16B8  74 06 66 8B C2 EB      C  DB 074h,006h,066h,08bh,0c2h,0ebh,04eh,090h
       4E 90
 16C0  26 66 89 45 FC E8      C  DB 026h,066h,089h,045h,0fch,0e8h,058h,000h
       58 00
 16C8  FA E8 68 FA 42 3B      C  DB 0fah,0e8h,068h,0fah,042h,03bh,096h,034h
       96 34
 16D0  01 72 C9 E8 EA FE      C  DB 001h,072h,0c9h,0e8h,0eah,0feh,073h,0b9h
       73 B9
 16D8  E8 E1 FA FB F8 9C      C  DB 0e8h,0e1h,0fah,0fbh,0f8h,09ch,09dh,0beh
       9D BE
 16E0  DB EF E8 04 FA C3      C  DB 0dbh,0efh,0e8h,004h,0fah,0c3h,066h,052h
       66 52
 16E8  E8 09 00 3B 96 34      C  DB 0e8h,009h,000h,03bh,096h,034h,001h,072h
       01 72
 16F0  F7 66 5A C3 88 54      C  DB 0f7h,066h,05ah,0c3h,088h,054h,004h,088h
       04 88
 16F8  74 07 8E C3 33 FF      C  DB 074h,007h,08eh,0c3h,033h,0ffh,051h,0f3h
       51 F3
 1700  66 AB 59 0A C9 74      C  DB 066h,0abh,059h,00ah,0c9h,074h,004h,026h
       04 26
 1708  66 89 15 42 C3 E8      C  DB 066h,089h,015h,042h,0c3h,0e8h,0ach,0fah
       AC FA
 1710  FB 80 4E 0E 20 80      C  DB 0fbh,080h,04eh,00eh,020h,080h,08eh,038h
       8E 38
 1718  01 01 F9 EB C0 87      C  DB 001h,001h,0f9h,0ebh,0c0h,087h,0dbh,090h
       DB 90
 1720  E8 99 FA FB 66 50      C  DB 0e8h,099h,0fah,0fbh,066h,050h,066h,033h
       66 33
 1728  C0 8B C2 40 53 56      C  DB 0c0h,08bh,0c2h,040h,053h,056h,052h,050h
       52 50
 1730  8B 96 30 01 E8 E1      C  DB 08bh,096h,030h,001h,0e8h,0e1h,00fh,058h
       0F 58
 1738  66 C1 E0 06 E8 28      C  DB 066h,0c1h,0e0h,006h,0e8h,028h,00ah,074h
       0A 74
 1740  09 E8 70 0F BE 51      C  DB 009h,0e8h,070h,00fh,0beh,051h,0ebh,0e8h
       EB E8
 1748  97 F9 FB 1E B8 00      C  DB 097h,0f9h,0fbh,01eh,0b8h,000h,000h,08eh
       00 8E
 1750  D8 F6 06 DA 04 02      C  DB 0d8h,0f6h,006h,0dah,004h,002h,01fh,075h
       1F 75
 1758  14 B4 01 CD 16 75      C  DB 014h,0b4h,001h,0cdh,016h,075h,006h,05ah
       06 5A
 1760  5E 5B 66 58 C3 32      C  DB 05eh,05bh,066h,058h,0c3h,032h,0e4h,0cdh
       E4 CD
 1768  16 3C 1B 75 F2 5A      C  DB 016h,03ch,01bh,075h,0f2h,05ah,05eh,05bh
       5E 5B
 1770  66 58 FA E8 BE F9      C  DB 066h,058h,0fah,0e8h,0beh,0f9h,08bh,096h
       8B 96
 1778  32 01 66 33 C0 B9      C  DB 032h,001h,066h,033h,0c0h,0b9h,000h,040h
       00 40
 1780  E8 63 FF 8B 96 34      C  DB 0e8h,063h,0ffh,08bh,096h,034h,001h,0e8h
       01 E8
 1788  32 FA FB C3 C3 E8      C  DB 032h,0fah,0fbh,0c3h,0c3h,0e8h,050h,00fh
       50 0F
 1790  52 BA 01 16 E8 81      C  DB 052h,0bah,001h,016h,0e8h,081h,00fh,0e8h
       0F E8
 1798  47 F9 5A E8 7A 0F      C  DB 047h,0f9h,05ah,0e8h,07ah,00fh,0c3h,0e8h
       C3 E8
 17A0  58 8E F8 C3 F8 C3      C  DB 058h,08eh,0f8h,0c3h,0f8h,0c3h,0f8h,0c3h
       F8 C3
 17A8  B8 00 00 8E D8 83      C  DB 0b8h,000h,000h,08eh,0d8h,083h,00eh,015h
       0E 15
 17B0  04 04 F8 C3 E8 DF      C  DB 004h,004h,0f8h,0c3h,0e8h,0dfh,06ch,0e8h
       6C E8
 17B8  6A 8D 0E 07 B8 00      C  DB 06ah,08dh,00eh,007h,0b8h,000h,000h,08eh
       00 8E
 17C0  D8 F6 06 10 04 04      C  DB 0d8h,0f6h,006h,010h,004h,004h,074h,008h
       74 08
 17C8  BE 4F DF 26 C6 44      C  DB 0beh,04fh,0dfh,026h,0c6h,044h,010h,002h
       10 02
 17D0  66 8B 86 96 01 66      C  DB 066h,08bh,086h,096h,001h,066h,0c1h,0e0h
       C1 E0
 17D8  0A BE 77 DF 26 66      C  DB 00ah,0beh,077h,0dfh,026h,066h,089h,044h
       89 44
 17E0  08 E8 4C 8D F8 C3      C  DB 008h,0e8h,04ch,08dh,0f8h,0c3h,0e8h,0cfh
       E8 CF
 17E8  8E 2E F6 06 D0 9A      C  DB 08eh,02eh,0f6h,006h,0d0h,09ah,080h,074h
       80 74
 17F0  03 E8 3B 0D F8 C3      C  DB 003h,0e8h,03bh,00dh,0f8h,0c3h,0f8h,0c3h
       F8 C3
 17F8  F8 C3 E8 72 B2 B0      C  DB 0f8h,0c3h,0e8h,072h,0b2h,0b0h,0bfh,0bah
       BF BA
 1800  80 00 EE 33 FF E8      C  DB 080h,000h,0eeh,033h,0ffh,0e8h,0d4h,0ech
       D4 EC
 1808  E8 9D 8E 74 03 E8      C  DB 0e8h,09dh,08eh,074h,003h,0e8h,08ch,0edh
       8C ED
 1810  B8 00 00 8E D8 F6      C  DB 0b8h,000h,000h,08eh,0d8h,0f6h,046h,00eh
       46 0E
 1818  40 74 07 80 0E 10      C  DB 040h,074h,007h,080h,00eh,010h,004h,001h
       04 01
 1820  EB 11 8A 46 14 24      C  DB 0ebh,011h,08ah,046h,014h,024h,0c1h,080h
       C1 80
 1828  7E 10 00 75 02 24      C  DB 07eh,010h,000h,075h,002h,024h,0feh,008h
       FE 08
 1830  06 10 04 C6 06 90      C  DB 006h,010h,004h,0c6h,006h,090h,004h,000h
       04 00
 1838  E8 39 59 80 BE 39      C  DB 0e8h,039h,059h,080h,0beh,039h,001h,000h
       01 00
 1840  74 00 F8 C3 E8 0D      C  DB 074h,000h,0f8h,0c3h,0e8h,00dh,05bh,080h
       5B 80
 1848  BE 3A 01 00 74 00      C  DB 0beh,03ah,001h,000h,074h,000h,0f8h,0c3h
       F8 C3
 1850  F8 C3 83 26 10 04      C  DB 0f8h,0c3h,083h,026h,010h,004h,0fdh,080h
       FD 80
 1858  66 14 FD FA E8 19      C  DB 066h,014h,0fdh,0fah,0e8h,019h,06dh,00ah
       6D 0A
 1860  C0 74 3F FE C8 74      C  DB 0c0h,074h,03fh,0feh,0c8h,074h,016h,0feh
       16 FE
 1868  C8 74 02 EB 35 0F      C  DB 0c8h,074h,002h,0ebh,035h,00fh,020h,0c0h
       20 C0
 1870  66 83 C8 10 66 83      C  DB 066h,083h,0c8h,010h,066h,083h,0e0h,0fdh
       E0 FD
 1878  0F 22 C0 EB 0E 0F      C  DB 00fh,022h,0c0h,0ebh,00eh,00fh,020h,0c0h
       20 C0
 1880  66 83 C8 02 66 83      C  DB 066h,083h,0c8h,002h,066h,083h,0e0h,0efh
       E0 EF
 1888  0F 22 C0 E4 A1 EB      C  DB 00fh,022h,0c0h,0e4h,0a1h,0ebh,000h,0ebh
       00 EB
 1890  00 24 DF E6 A1 EB      C  DB 000h,024h,0dfh,0e6h,0a1h,0ebh,000h,0ebh
       00 EB
 1898  00 83 0E 10 04 02      C  DB 000h,083h,00eh,010h,004h,002h,080h,04eh
       80 4E
 18A0  14 02 E4 21 EB 00      C  DB 014h,002h,0e4h,021h,0ebh,000h,0ebh,000h
       EB 00
 18A8  24 FB E6 21 F8 C3      C  DB 024h,0fbh,0e6h,021h,0f8h,0c3h,0f8h,0c3h
       F8 C3
 18B0  C7 06 DF 04 E3 04      C  DB 0c7h,006h,0dfh,004h,0e3h,004h,0c7h,006h
       C7 06
 18B8  E1 04 00 00 80 26      C  DB 0e1h,004h,000h,000h,080h,026h,0dah,004h
       DA 04
 18C0  7F BE D6 58 E8 B1      C  DB 07fh,0beh,0d6h,058h,0e8h,0b1h,004h,00ah
       04 0A
 18C8  C0 75 05 80 0E DA      C  DB 0c0h,075h,005h,080h,00eh,0dah,004h,080h
       04 80
 18D0  F8 C3 2E F6 06 EC      C  DB 0f8h,0c3h,02eh,0f6h,006h,0ech,0ffh,008h
       FF 08
 18D8  75 10 E8 B5 F4 A8      C  DB 075h,010h,0e8h,0b5h,0f4h,0a8h,080h,075h
       80 75
 18E0  09 80 4E 0E 20 80      C  DB 009h,080h,04eh,00eh,020h,080h,08eh,03ah
       8E 3A
 18E8  01 01 8A 46 0E 24      C  DB 001h,001h,08ah,046h,00eh,024h,020h,00fh
       20 0F
 18F0  84 0E 01 E8 DA 0E      C  DB 084h,00eh,001h,0e8h,0dah,00eh,0beh,01fh
       BE 1F
 18F8  4E E8 7C 04 83 66      C  DB 04eh,0e8h,07ch,004h,083h,066h,03eh,0f8h
       3E F8
 1900  24 07 08 46 3E 3C      C  DB 024h,007h,008h,046h,03eh,03ch,004h,074h
       04 74
 1908  1B 3C 06 74 17 3C      C  DB 01bh,03ch,006h,074h,017h,03ch,001h,074h
       01 74
 1910  13 BE 61 1A E8 1A      C  DB 013h,0beh,061h,01ah,0e8h,01ah,001h,08ah
       01 8A
 1918  86 3A 01 A8 F8 74      C  DB 086h,03ah,001h,0a8h,0f8h,074h,003h,0e8h
       03 E8
 1920  A1 0D EB 05 C6 86      C  DB 0a1h,00dh,0ebh,005h,0c6h,086h,03ah,001h
       3A 01
 1928  00 8A 46 3E 24 07      C  DB 000h,08ah,046h,03eh,024h,007h,03ch,004h
       3C 04
 1930  74 1B 3C 06 74 17      C  DB 074h,01bh,03ch,006h,074h,017h,03ch,001h
       3C 01
 1938  74 13 BE 73 1A E8      C  DB 074h,013h,0beh,073h,01ah,0e8h,0f1h,000h
       F1 00
 1940  8A 86 39 01 0A C0      C  DB 08ah,086h,039h,001h,00ah,0c0h,074h,003h
       74 03
 1948  E8 78 0D EB 09 C6      C  DB 0e8h,078h,00dh,0ebh,009h,0c6h,086h,039h
       86 39
 1950  01 00 80 66 0E F7      C  DB 001h,000h,080h,066h,00eh,0f7h,08ah,046h
       8A 46
 1958  3E 24 07 3C 02 74      C  DB 03eh,024h,007h,03ch,002h,074h,016h,03ch
       16 3C
 1960  06 74 12 3C 01 74      C  DB 006h,074h,012h,03ch,001h,074h,00eh,0beh
       0E BE
 1968  7C 1A E8 C4 00 BE      C  DB 07ch,01ah,0e8h,0c4h,000h,0beh,082h,01ah
       82 1A
 1970  E8 BE 00 EB 04 80      C  DB 0e8h,0beh,000h,0ebh,004h,080h,066h,00eh
       66 0E
 1978  FD 8A 46 3E 24 07      C  DB 0fdh,08ah,046h,03eh,024h,007h,03ch,001h
       3C 01
 1980  74 08 BE 88 1A E8      C  DB 074h,008h,0beh,088h,01ah,0e8h,0a9h,000h
       A9 00
 1988  EB 04 80 66 0E 20      C  DB 0ebh,004h,080h,066h,00eh,020h,08ah,046h
       8A 46
 1990  3E 24 07 3C 01 74      C  DB 03eh,024h,007h,03ch,001h,074h,008h,0beh
       08 BE
 1998  94 1A E8 94 00 EB      C  DB 094h,01ah,0e8h,094h,000h,0ebh,005h,080h
       05 80
 19A0  A6 38 01 FE 8D 36      C  DB 0a6h,038h,001h,0feh,08dh,036h,09ah,01ah
       9A 1A
 19A8  E8 86 00 F6 46 3F      C  DB 0e8h,086h,000h,0f6h,046h,03fh,001h,074h
       01 74
 19B0  06 B0 AD E6 64 EB      C  DB 006h,0b0h,0adh,0e6h,064h,0ebh,0feh,080h
       FE 80
 19B8  66 3F FB 80 66 0E      C  DB 066h,03fh,0fbh,080h,066h,00eh,0dfh,080h
       DF 80
 19C0  7E 0E 00 75 1B 80      C  DB 07eh,00eh,000h,075h,01bh,080h,0beh,03ah
       BE 3A
 19C8  01 00 75 14 80 BE      C  DB 001h,000h,075h,014h,080h,0beh,039h,001h
       39 01
 19D0  00 75 0D 80 BE 38      C  DB 000h,075h,00dh,080h,0beh,038h,001h,000h
       01 00
 19D8  75 06 F6 46 3F 01      C  DB 075h,006h,0f6h,046h,03fh,001h,074h,021h
       74 21
 19E0  E8 88 1E F6 06 15      C  DB 0e8h,088h,01eh,0f6h,006h,015h,004h,001h
       04 01
 19E8  75 17 E8 E3 0D BE      C  DB 075h,017h,0e8h,0e3h,00dh,0beh,0c5h,0eeh
       C5 EE
 19F0  E8 F6 F6 33 C0 CD      C  DB 0e8h,0f6h,0f6h,033h,0c0h,0cdh,016h,03dh
       16 3D
 19F8  00 53 74 05 3D 00      C  DB 000h,053h,074h,005h,03dh,000h,03bh,075h
       3B 75
 1A00  F2 FB E8 B0 F1 E8      C  DB 0f2h,0fbh,0e8h,0b0h,0f1h,0e8h,063h,01eh
       63 1E
 1A08  B4 0F CD 10 3C 10      C  DB 0b4h,00fh,0cdh,010h,03ch,010h,075h,003h
       75 03
 1A10  E8 47 1E BE D5 EF      C  DB 0e8h,047h,01eh,0beh,0d5h,0efh,0e8h,0d0h
       E8 D0
 1A18  F6 F6 06 15 04 01      C  DB 0f6h,0f6h,006h,015h,004h,001h,074h,00fh
       74 0F
 1A20  80 26 15 04 FB B0      C  DB 080h,026h,015h,004h,0fbh,0b0h,0aah,0e8h
       AA E8
 1A28  69 0E EA BE DD 00      C  DB 069h,00eh,0eah,0beh,0ddh,000h,0f0h,0f8h
       F0 F8
 1A30  C3 1E 0E 1F AD 8B      C  DB 0c3h,01eh,00eh,01fh,0adh,08bh,0f8h,08ah
       F8 8A
 1A38  3B AC 8A D8 AD 0A      C  DB 03bh,0ach,08ah,0d8h,0adh,00ah,0dbh,074h
       DB 74
 1A40  1E 84 FB 74 F4 56      C  DB 01eh,084h,0fbh,074h,0f4h,056h,053h,08bh
       53 8B
 1A48  F0 E8 84 0D E8 92      C  DB 0f0h,0e8h,084h,00dh,0e8h,092h,0f6h,05bh
       F6 5B
 1A50  5E 81 FF 3A 01 74      C  DB 05eh,081h,0ffh,03ah,001h,074h,008h,081h
       08 81
 1A58  FF 39 01 74 02 EB      C  DB 0ffh,039h,001h,074h,002h,0ebh,0dah,01fh
       DA 1F
 1A60  C3 3A 01 80 2A EF      C  DB 0c3h,03ah,001h,080h,02ah,0efh,040h,02ah
       40 2A
 1A68  EF 20 2A EF 10 2A      C  DB 0efh,020h,02ah,0efh,010h,02ah,0efh,008h
       EF 08
 1A70  2A EF 00 39 01 80      C  DB 02ah,0efh,000h,039h,001h,080h,00fh,0efh
       0F EF
 1A78  40 0F EF 00 0E 00      C  DB 040h,00fh,0efh,000h,00eh,000h,002h,0aeh
       02 AE
 1A80  EB 00 3A 01 01 86      C  DB 0ebh,000h,03ah,001h,001h,086h,0ebh,000h
       EB 00
 1A88  0E 00 04 63 EB 40      C  DB 00eh,000h,004h,063h,0ebh,040h,0fah,0f9h
       FA F9
 1A90  80 20 FA 00 38 01      C  DB 080h,020h,0fah,000h,038h,001h,001h,018h
       01 18
 1A98  EC 00 3F 00 04 34      C  DB 0ech,000h,03fh,000h,004h,034h,0fah,001h
       FA 01
 1AA0  F0 EB 00 E8 6D 73      C  DB 0f0h,0ebh,000h,0e8h,06dh,073h,00ah,0c0h
       0A C0
 1AA8  74 18 BB 00 00 8E      C  DB 074h,018h,0bbh,000h,000h,08eh,0dbh,08bh
       DB 8B
 1AB0  1E 13 04 32 E4 2B      C  DB 01eh,013h,004h,032h,0e4h,02bh,0d8h,089h
       D8 89
 1AB8  1E 13 04 C1 E3 06      C  DB 01eh,013h,004h,0c1h,0e3h,006h,089h,01eh
       89 1E
 1AC0  EB 04 F6 46 14 30      C  DB 0ebh,004h,0f6h,046h,014h,030h,075h,025h
       75 25
 1AC8  B8 30 11 B7 06 55      C  DB 0b8h,030h,011h,0b7h,006h,055h,0cdh,010h
       CD 10
 1AD0  8B D5 5D BB 00 0E      C  DB 08bh,0d5h,05dh,0bbh,000h,00eh,0b9h,000h
       B9 00
 1AD8  07 8C C0 3B 86 B0      C  DB 007h,08ch,0c0h,03bh,086h,0b0h,001h,075h
       01 75
 1AE0  0C 3B 96 AE 01 75      C  DB 00ch,03bh,096h,0aeh,001h,075h,006h,0bbh
       06 BB
 1AE8  00 10 B9 00 08 55      C  DB 000h,010h,0b9h,000h,008h,055h,08bh,086h
       8B 86
 1AF0  B0 01 8E C0 8B AE      C  DB 0b0h,001h,08eh,0c0h,08bh,0aeh,0aeh,001h
       AE 01
 1AF8  03 E9 B8 00 11 B9      C  DB 003h,0e9h,0b8h,000h,011h,0b9h,07ah,000h
       7A 00
 1B00  BA 80 00 CD 10 5D      C  DB 0bah,080h,000h,0cdh,010h,05dh,0ffh,0b6h
       FF B6
 1B08  81 00 B0 02 E8 06      C  DB 081h,000h,0b0h,002h,0e8h,006h,021h,08fh
       21 8F
 1B10  86 81 00 B8 0C 06      C  DB 086h,081h,000h,0b8h,00ch,006h,0b7h,007h
       B7 07
 1B18  B9 00 0D BA 4F 18      C  DB 0b9h,000h,00dh,0bah,04fh,018h,0cdh,010h
       CD 10
 1B20  8B 96 81 00 80 FE      C  DB 08bh,096h,081h,000h,080h,0feh,007h,073h
       07 73
 1B28  02 B6 07 B4 02 32      C  DB 002h,0b6h,007h,0b4h,002h,032h,0ffh,0cdh
       FF CD
 1B30  10 F8 C3 B8 00 00      C  DB 010h,0f8h,0c3h,0b8h,000h,000h,08eh,0c0h
       8E C0
 1B38  26 83 26 15 04 FB      C  DB 026h,083h,026h,015h,004h,0fbh,026h,0c7h
       26 C7
 1B40  06 A1 04 00 00 E8      C  DB 006h,0a1h,004h,000h,000h,0e8h,000h,012h
       00 12
 1B48  F8 C3 B8 00 00 8E      C  DB 0f8h,0c3h,0b8h,000h,000h,08eh,0d8h,083h
       D8 83
 1B50  26 15 04 F7 F8 C3      C  DB 026h,015h,004h,0f7h,0f8h,0c3h,055h,060h
       55 60
 1B58  E8 11 8D 61 BB 00      C  DB 0e8h,011h,08dh,061h,0bbh,000h,0c8h,0bah
       C8 BA
 1B60  00 E0 E8 8B E7 2E      C  DB 000h,0e0h,0e8h,08bh,0e7h,02eh,0f6h,006h
       F6 06
 1B68  EC FF 10 75 09 BB      C  DB 0ech,0ffh,010h,075h,009h,0bbh,000h,0e0h
       00 E0
 1B70  BA 80 E0 E8 7A E7      C  DB 0bah,080h,0e0h,0e8h,07ah,0e7h,05dh,055h
       5D 55
 1B78  E8 F8 DA E8 42 8B      C  DB 0e8h,0f8h,0dah,0e8h,042h,08bh,05dh,0beh
       5D BE
 1B80  E9 59 E8 F3 01 50      C  DB 0e9h,059h,0e8h,0f3h,001h,050h,0e8h,0c3h
       E8 C3
 1B88  88 58 0A C0 74 03      C  DB 088h,058h,00ah,0c0h,074h,003h,0e8h,003h
       E8 03
 1B90  C7 B0 0F E8 F4 CD      C  DB 0c7h,0b0h,00fh,0e8h,0f4h,0cdh,0e8h,0dch
       E8 DC
 1B98  5D FA E4 A1 24 FD      C  DB 05dh,0fah,0e4h,0a1h,024h,0fdh,0e6h,0a1h
       E6 A1
 1BA0  E7 E1 F8 C3 E8 C9      C  DB 0e7h,0e1h,0f8h,0c3h,0e8h,0c9h,05ch,0b8h
       5C B8
 1BA8  00 00 8E D8 B4 8A      C  DB 000h,000h,08eh,0d8h,0b4h,08ah,0b7h,014h
       B7 14
 1BB0  8A C4 E8 D5 CD A8      C  DB 08ah,0c4h,0e8h,0d5h,0cdh,0a8h,080h,075h
       80 75
 1BB8  08 E2 F5 FE CF 75      C  DB 008h,0e2h,0f5h,0feh,0cfh,075h,0f1h,0ebh
       F1 EB
 1BC0  70 33 C9 B7 28 8A      C  DB 070h,033h,0c9h,0b7h,028h,08ah,0c4h,0e8h
       C4 E8
 1BC8  C0 CD A8 80 74 08      C  DB 0c0h,0cdh,0a8h,080h,074h,008h,0e2h,0f5h
       E2 F5
 1BD0  FE CF 75 F1 EB 5B      C  DB 0feh,0cfh,075h,0f1h,0ebh,05bh,032h,0e4h
       32 E4
 1BD8  B0 84 E8 AD CD 3C      C  DB 0b0h,084h,0e8h,0adh,0cdh,03ch,023h,077h
       23 77
 1BE0  50 E8 AC 09 98 8B      C  DB 050h,0e8h,0ach,009h,098h,08bh,0d0h,0b3h
       D0 B3
 1BE8  07 F6 E3 52 50 B0      C  DB 007h,0f6h,0e3h,052h,050h,0b0h,082h,0e8h
       82 E8
 1BF0  98 CD 3C 59 77 39      C  DB 098h,0cdh,03ch,059h,077h,039h,0e8h,097h
       E8 97
 1BF8  09 8A D8 B8 44 04      C  DB 009h,08ah,0d8h,0b8h,044h,004h,032h,0ffh
       32 FF
 1C00  F7 E3 8B C8 B0 80      C  DB 0f7h,0e3h,08bh,0c8h,0b0h,080h,0e8h,081h
       E8 81
 1C08  CD E8 84 09 32 E4      C  DB 0cdh,0e8h,084h,009h,032h,0e4h,0b3h,012h
       B3 12
 1C10  F6 E3 5B 5A 03 D9      C  DB 0f6h,0e3h,05bh,05ah,003h,0d9h,083h,0d2h
       83 D2
 1C18  00 03 D8 83 D2 00      C  DB 000h,003h,0d8h,083h,0d2h,000h,0fah,089h
       FA 89
 1C20  16 6E 04 89 1E 6C      C  DB 016h,06eh,004h,089h,01eh,06ch,004h,0c6h
       04 C6
 1C28  06 70 04 00 FB EB      C  DB 006h,070h,004h,000h,0fbh,0ebh,009h,05ah
       09 5A
 1C30  5A B0 8A B4 26 E8      C  DB 05ah,0b0h,08ah,0b4h,026h,0e8h,063h,0cdh
       63 CD
 1C38  F8 C3 B8 00 00 8E      C  DB 0f8h,0c3h,0b8h,000h,000h,08eh,0d8h,0f6h
       D8 F6
 1C40  06 DA 04 80 74 4C      C  DB 006h,0dah,004h,080h,074h,04ch,0b8h,001h
       B8 01
 1C48  02 BB 00 20 8E C3      C  DB 002h,0bbh,000h,020h,08eh,0c3h,033h,0dbh
       33 DB
 1C50  B9 01 00 BA 80 00      C  DB 0b9h,001h,000h,0bah,080h,000h,0cdh,013h
       CD 13
 1C58  BB BE 01 8B 36 DF      C  DB 0bbh,0beh,001h,08bh,036h,0dfh,004h,0a1h
       04 A1
 1C60  E1 04 8E D8 B9 04      C  DB 0e1h,004h,08eh,0d8h,0b9h,004h,000h,026h
       00 26
 1C68  80 3F 80 74 10 80      C  DB 080h,03fh,080h,074h,010h,080h,0c7h,010h
       C7 10
 1C70  E2 F5 C7 04 00 00      C  DB 0e2h,0f5h,0c7h,004h,000h,000h,0c7h,044h
       C7 44
 1C78  02 00 00 EB 0C 26      C  DB 002h,000h,000h,0ebh,00ch,026h,08bh,017h
       8B 17
 1C80  89 14 26 8B 57 02      C  DB 089h,014h,026h,08bh,057h,002h,089h,054h
       89 54
 1C88  02 33 FF B9 00 01      C  DB 002h,033h,0ffh,0b9h,000h,001h,033h,0c0h
       33 C0
 1C90  F3 AB F8 C3 B8 00      C  DB 0f3h,0abh,0f8h,0c3h,0b8h,000h,000h,08eh
       00 8E
 1C98  D8 2E F6 06 D0 9A      C  DB 0d8h,02eh,0f6h,006h,0d0h,09ah,080h,075h
       80 75
 1CA0  0F 83 0E 15 04 08      C  DB 00fh,083h,00eh,015h,004h,008h,01eh,0e8h
       1E E8
 1CA8  85 08 1F 83 26 15      C  DB 085h,008h,01fh,083h,026h,015h,004h,0f7h
       04 F7
 1CB0  BE 9E 59 E8 C2 00      C  DB 0beh,09eh,059h,0e8h,0c2h,000h,0e8h,0cfh
       E8 CF
 1CB8  8B E8 94 87 E8 B3      C  DB 08bh,0e8h,094h,087h,0e8h,0b3h,074h,0b8h
       74 B8
 1CC0  02 12 B3 30 CD 10      C  DB 002h,012h,0b3h,030h,0cdh,010h,0b8h,003h
       B8 03
 1CC8  00 CD 10 E8 A9 04      C  DB 000h,0cdh,010h,0e8h,0a9h,004h,0f8h,0c3h
       F8 C3
 1CD0  B4 8B 8A C4 E8 B3      C  DB 0b4h,08bh,08ah,0c4h,0e8h,0b3h,0cch,024h
       CC 24
 1CD8  FE 50 BE 37 4A E8      C  DB 0feh,050h,0beh,037h,04ah,0e8h,098h,000h
       98 00
 1CE0  0A C0 58 74 07 0C      C  DB 00ah,0c0h,058h,074h,007h,00ch,001h,086h
       01 86
 1CE8  E0 E8 AF CC B8 00      C  DB 0e0h,0e8h,0afh,0cch,0b8h,000h,000h,08eh
       00 8E
 1CF0  D8 C6 06 96 04 80      C  DB 0d8h,0c6h,006h,096h,004h,080h,0b0h,0f2h
       B0 F2
 1CF8  E8 F5 AC FB B9 B8      C  DB 0e8h,0f5h,0ach,0fbh,0b9h,0b8h,00bh,033h
       0B 33
 1D00  DB E8 07 08 BE 85      C  DB 0dbh,0e8h,007h,008h,0beh,085h,059h,0e8h
       59 E8
 1D08  6E 00 0A C0 74 05      C  DB 06eh,000h,00ah,0c0h,074h,005h,0b0h,020h
       B0 20
 1D10  E8 E3 00 C6 06 96      C  DB 0e8h,0e3h,000h,0c6h,006h,096h,004h,080h
       04 80
 1D18  B0 F2 E8 D3 AC FB      C  DB 0b0h,0f2h,0e8h,0d3h,0ach,0fbh,0b9h,0b8h
       B9 B8
 1D20  0B 33 DB E8 E5 07      C  DB 00bh,033h,0dbh,0e8h,0e5h,007h,0beh,002h
       BE 02
 1D28  5A E8 4C 00 0A C0      C  DB 05ah,0e8h,04ch,000h,00ah,0c0h,074h,01dh
       74 1D
 1D30  BE 1B 5A E8 42 00      C  DB 0beh,01bh,05ah,0e8h,042h,000h,08ah,0d8h
       8A D8
 1D38  32 FF BE D7 1D 03      C  DB 032h,0ffh,0beh,0d7h,01dh,003h,0f3h,02eh
       F3 2E
 1D40  8A 1C BE 34 5A E8      C  DB 08ah,01ch,0beh,034h,05ah,0e8h,030h,000h
       30 00
 1D48  8A F8 E8 92 00 80      C  DB 08ah,0f8h,0e8h,092h,000h,080h,026h,096h
       26 96
 1D50  04 5F FA F8 C3 87      C  DB 004h,05fh,0fah,0f8h,0c3h,087h,0dbh,090h
       DB 90
 1D58  2E 8B 44 13 2E F7      C  DB 02eh,08bh,044h,013h,02eh,0f7h,004h,008h
       04 08
 1D60  00 75 10 2E 8A 44      C  DB 000h,075h,010h,02eh,08ah,044h,009h,0e8h
       09 E8
 1D68  20 CC 8A E0 2E 8A      C  DB 020h,0cch,08ah,0e0h,02eh,08ah,044h,008h
       44 08
 1D70  E8 17 CC E8 4E 00      C  DB 0e8h,017h,0cch,0e8h,04eh,000h,0c3h,090h
       C3 90
 1D78  56 57 53 51 52 1E      C  DB 056h,057h,053h,051h,052h,01eh,00eh,01fh
       0E 1F
 1D80  FF B6 24 01 C6 86      C  DB 0ffh,0b6h,024h,001h,0c6h,086h,024h,001h
       24 01
 1D88  01 56 BF 40 33 2E      C  DB 001h,056h,0bfh,040h,033h,02eh,0f7h,004h
       F7 04
 1D90  08 00 75 1E 2E F7      C  DB 008h,000h,075h,01eh,02eh,0f7h,004h,000h
       04 00
 1D98  40 74 14 2E F7 04      C  DB 040h,074h,014h,02eh,0f7h,004h,020h,000h
       20 00
 1DA0  BE 8C 8D 75 03 BE      C  DB 0beh,08ch,08dh,075h,003h,0beh,0a8h,0a6h
       A8 A6
 1DA8  FF D6 BF FB 33 75      C  DB 0ffh,0d6h,0bfh,0fbh,033h,075h,003h,0bfh
       03 BF
 1DB0  23 33 5E 8B DE FF      C  DB 023h,033h,05eh,08bh,0deh,0ffh,0d7h,08bh
       D7 8B
 1DB8  C2 8F 86 24 01 1F      C  DB 0c2h,08fh,086h,024h,001h,01fh,05ah,059h
       5A 59
 1DC0  5B 5F 5E C3 51 2E      C  DB 05bh,05fh,05eh,0c3h,051h,02eh,08bh,04ch
       8B 4C
 1DC8  09 E3 0A 23 C1 D1      C  DB 009h,0e3h,00ah,023h,0c1h,0d1h,0e9h,072h
       E9 72
 1DD0  04 D1 E8 EB F8 59      C  DB 004h,0d1h,0e8h,0ebh,0f8h,059h,0c3h,012h
       C3 12
 1DD8  0F 0C 0A 08 04 02      C  DB 00fh,00ch,00ah,008h,004h,002h,000h,051h
       00 51
 1DE0  FA B0 F3 E8 0A AC      C  DB 0fah,0b0h,0f3h,0e8h,00ah,0ach,0b1h,005h
       B1 05
 1DE8  8A C7 D2 E0 0A C3      C  DB 08ah,0c7h,0d2h,0e0h,00ah,0c3h,050h,0e8h
       50 E8
 1DF0  FE AB 58 FB 59 C3      C  DB 0feh,0abh,058h,0fbh,059h,0c3h,01eh,0bbh
       1E BB
 1DF8  00 00 8E DB 08 06      C  DB 000h,000h,08eh,0dbh,008h,006h,017h,004h
       17 04
 1E00  FA A0 17 04 24 70      C  DB 0fah,0a0h,017h,004h,024h,070h,0c0h,0e8h
       C0 E8
 1E08  04 8A 26 97 04 80      C  DB 004h,08ah,026h,097h,004h,080h,0e4h,007h
       E4 07
 1E10  3A C4 74 15 80 26      C  DB 03ah,0c4h,074h,015h,080h,026h,097h,004h
       97 04
 1E18  F8 08 06 97 04 50      C  DB 0f8h,008h,006h,097h,004h,050h,0b0h,0edh
       B0 ED
 1E20  E8 CD AB 58 75 03      C  DB 0e8h,0cdh,0abh,058h,075h,003h,0e8h,0c7h
       E8 C7
 1E28  AB 1F FB C3 32 C0      C  DB 0abh,01fh,0fbh,0c3h,032h,0c0h,0e8h,0dah
       E8 DA
 1E30  E5 B0 D2 E8 06 AC      C  DB 0e5h,0b0h,0d2h,0e8h,006h,0ach,0b0h,080h
       B0 80
 1E38  E6 60 B8 00 00 8E      C  DB 0e6h,060h,0b8h,000h,000h,08eh,0d8h,0c7h
       D8 C7
 1E40  06 72 04 00 00 B8      C  DB 006h,072h,004h,000h,000h,0b8h,000h,000h
       00 00
 1E48  8E D0 BC 00 04 C7      C  DB 08eh,0d0h,0bch,000h,004h,0c7h,006h,01ah
       06 1A
 1E50  04 1E 00 C7 06 1C      C  DB 004h,01eh,000h,0c7h,006h,01ch,004h,01eh
       04 1E
 1E58  00 E4 60 FB B0 FF      C  DB 000h,0e4h,060h,0fbh,0b0h,0ffh,0bah,080h
       BA 80
 1E60  00 EE CD 19 87 DB      C  DB 000h,0eeh,0cdh,019h,087h,0dbh,087h,0dbh
       87 DB
 1E68  87 DB 87 DB 87 DB      C  DB 087h,0dbh,087h,0dbh,087h,0dbh,087h,0dbh
       87 DB
 1E70  00 00 00 10 8C C8      C  DB 000h,000h,000h,010h,08ch,0c8h,08eh,0d8h
       8E D8
 1E78  2E A1 72 1E 8E C0      C  DB 02eh,0a1h,072h,01eh,08eh,0c0h,08dh,036h
       8D 36
 1E80  54 1F 2E 8B 3E 70      C  DB 054h,01fh,02eh,08bh,03eh,070h,01eh,08dh
       1E 8D
 1E88  0E 22 21 2B CE 51      C  DB 00eh,022h,021h,02bh,0ceh,051h,006h,057h
       06 57
 1E90  F3 A4 B0 01 E8 99      C  DB 0f3h,0a4h,0b0h,001h,0e8h,099h,08ah,0e4h
       8A E4
 1E98  61 EB 00 EB 00 50      C  DB 061h,0ebh,000h,0ebh,000h,050h,02eh,0f6h
       2E F6
 1EA0  06 D0 9A 40 75 07      C  DB 006h,0d0h,09ah,040h,075h,007h,02eh,0ffh
       2E FF
 1EA8  1E 70 1E EB 05 9A      C  DB 01eh,070h,01eh,0ebh,005h,09ah,054h,01fh
       54 1F
 1EB0  00 F0 8A C7 F6 E2      C  DB 000h,0f0h,08ah,0c7h,0f6h,0e2h,08bh,0f0h
       8B F0
 1EB8  58 E6 61 EB 00 EB      C  DB 058h,0e6h,061h,0ebh,000h,0ebh,000h,052h
       00 52
 1EC0  53 32 C0 E8 6A 8A      C  DB 053h,032h,0c0h,0e8h,06ah,08ah,0e4h,061h
       E4 61
 1EC8  EB 00 EB 00 50 2E      C  DB 0ebh,000h,0ebh,000h,050h,02eh,0f6h,006h
       F6 06
 1ED0  D0 9A 40 75 07 2E      C  DB 0d0h,09ah,040h,075h,007h,02eh,0ffh,01eh
       FF 1E
 1ED8  70 1E EB 05 9A 54      C  DB 070h,01eh,0ebh,005h,09ah,054h,01fh,000h
       1F 00
 1EE0  F0 58 E6 61 EB 00      C  DB 0f0h,058h,0e6h,061h,0ebh,000h,0ebh,000h
       EB 00
 1EE8  8A C7 F6 E2 3B C6      C  DB 08ah,0c7h,0f6h,0e2h,03bh,0c6h,058h,05fh
       58 5F
 1EF0  73 04 8B D8 8B D7      C  DB 073h,004h,08bh,0d8h,08bh,0d7h,08ah,0c7h
       8A C7
 1EF8  F6 E2 88 86 B2 01      C  DB 0f6h,0e2h,088h,086h,0b2h,001h,08ah,056h
       8A 56
 1F00  3D 80 E2 7E 90 80      C  DB 03dh,080h,0e2h,07eh,090h,080h,0fah,014h
       FA 14
 1F08  75 0F F6 46 3F 40      C  DB 075h,00fh,0f6h,046h,03fh,040h,074h,009h
       74 09
 1F10  BE 4A 21 B9 05 00      C  DB 0beh,04ah,021h,0b9h,005h,000h,090h,0ebh
       90 EB
 1F18  02 EB 16 9A 22 21      C  DB 002h,0ebh,016h,09ah,022h,021h,000h,0f0h
       00 F0
 1F20  88 9E B2 01 68 00      C  DB 088h,09eh,0b2h,001h,068h,000h,000h,007h
       00 07
 1F28  2E 8A 5C 02 26 88      C  DB 02eh,08ah,05ch,002h,026h,088h,01eh,0d9h
       1E D9
 1F30  04 80 BE B2 01 63      C  DB 004h,080h,0beh,0b2h,001h,063h,075h,004h
       75 04
 1F38  FE 86 B2 01 B0 01      C  DB 0feh,086h,0b2h,001h,0b0h,001h,0e8h,0efh
       E8 EF
 1F40  89 5F 07 59 33 C0      C  DB 089h,05fh,007h,059h,033h,0c0h,0f3h,0abh
       F3 AB
 1F48  B8 00 00 8E C0 26      C  DB 0b8h,000h,000h,08eh,0c0h,026h,088h,01eh
       88 1E
 1F50  D9 04 F8 C3 FA B0      C  DB 0d9h,004h,0f8h,0c3h,0fah,0b0h,0fch,0e6h
       FC E6
 1F58  61 EB 00 B0 B4 E6      C  DB 061h,0ebh,000h,0b0h,0b4h,0e6h,043h,0ebh
       43 EB
 1F60  00 EB 00 32 C0 E6      C  DB 000h,0ebh,000h,032h,0c0h,0e6h,042h,0ebh
       42 EB
 1F68  00 EB 00 E6 42 EB      C  DB 000h,0ebh,000h,0e6h,042h,0ebh,000h,0ebh
       00 EB
 1F70  00 BF AA 7A BB 55      C  DB 000h,0bfh,0aah,07ah,0bbh,055h,055h,033h
       55 33
 1F78  D2 B9 3E 00 B0 FD      C  DB 0d2h,0b9h,03eh,000h,0b0h,0fdh,0e6h,061h
       E6 61
 1F80  EB 00 87 DB 8B C7      C  DB 0ebh,000h,087h,0dbh,08bh,0c7h,0f7h,0f3h
       F7 F3
 1F88  8B C7 F7 F3 8B C7      C  DB 08bh,0c7h,0f7h,0f3h,08bh,0c7h,0f7h,0f3h
       F7 F3
 1F90  8B C7 F7 F3 8B C7      C  DB 08bh,0c7h,0f7h,0f3h,08bh,0c7h,0f7h,0f3h
       F7 F3
 1F98  8B C7 F7 F3 8B C7      C  DB 08bh,0c7h,0f7h,0f3h,08bh,0c7h,0f7h,0f3h
       F7 F3
 1FA0  8B C7 F7 F3 8B C7      C  DB 08bh,0c7h,0f7h,0f3h,08bh,0c7h,0f7h,0f3h
       F7 F3
 1FA8  8B C7 F7 F3 8B C7      C  DB 08bh,0c7h,0f7h,0f3h,08bh,0c7h,0f7h,0f3h
       F7 F3
 1FB0  8B C7 F7 F3 8B C7      C  DB 08bh,0c7h,0f7h,0f3h,08bh,0c7h,0f7h,0f3h
       F7 F3
 1FB8  8B C7 F7 F3 8B C7      C  DB 08bh,0c7h,0f7h,0f3h,08bh,0c7h,0f7h,0f3h
       F7 F3
 1FC0  8B C7 F7 F3 8B C7      C  DB 08bh,0c7h,0f7h,0f3h,08bh,0c7h,0f7h,0f3h
       F7 F3
 1FC8  8B C7 F7 F3 8B C7      C  DB 08bh,0c7h,0f7h,0f3h,08bh,0c7h,0f7h,0f3h
       F7 F3
 1FD0  8B C7 F7 F3 8B C7      C  DB 08bh,0c7h,0f7h,0f3h,08bh,0c7h,0f7h,0f3h
       F7 F3
 1FD8  8B C7 F7 F3 8B C7      C  DB 08bh,0c7h,0f7h,0f3h,08bh,0c7h,0f7h,0f3h
       F7 F3
 1FE0  8B C7 F7 F3 8B C7      C  DB 08bh,0c7h,0f7h,0f3h,08bh,0c7h,0f7h,0f3h
       F7 F3
 1FE8  8B C7 F7 F3 8B C7      C  DB 08bh,0c7h,0f7h,0f3h,08bh,0c7h,0f7h,0f3h
       F7 F3
 1FF0  8B C7 F7 F3 8B C7      C  DB 08bh,0c7h,0f7h,0f3h,08bh,0c7h,0f7h,0f3h
       F7 F3
 1FF8  8B C7 F7 F3 8B C7      C  DB 08bh,0c7h,0f7h,0f3h,08bh,0c7h,0f7h,0f3h
       F7 F3
 2000  8B C7 F7 F3 8B C7      C  DB 08bh,0c7h,0f7h,0f3h,08bh,0c7h,0f7h,0f3h
       F7 F3
 2008  49 74 03 E9 74 FF      C  DB 049h,074h,003h,0e9h,074h,0ffh,0b0h,0fch
       B0 FC
 2010  E6 61 EB 00 E4 42      C  DB 0e6h,061h,0ebh,000h,0e4h,042h,0ebh,000h
       EB 00
 2018  EB 00 8A E0 E4 42      C  DB 0ebh,000h,08ah,0e0h,0e4h,042h,0ebh,000h
       EB 00
 2020  EB 00 86 E0 8B F0      C  DB 0ebh,000h,086h,0e0h,08bh,0f0h,033h,0d2h
       33 D2
 2028  B9 3E 00 B0 FD E6      C  DB 0b9h,03eh,000h,0b0h,0fdh,0e6h,061h,0ebh
       61 EB
 2030  00 87 DB 90 8B C7      C  DB 000h,087h,0dbh,090h,08bh,0c7h,0f7h,0f3h
       F7 F3
 2038  49 74 02 EB F4 B0      C  DB 049h,074h,002h,0ebh,0f4h,0b0h,0fch,0e6h
       FC E6
 2040  61 EB 00 E4 42 EB      C  DB 061h,0ebh,000h,0e4h,042h,0ebh,000h,0ebh
       00 EB
 2048  00 8A E0 E4 42 EB      C  DB 000h,08ah,0e0h,0e4h,042h,0ebh,000h,0ebh
       00 EB
 2050  00 86 E0 8B C8 2B      C  DB 000h,086h,0e0h,08bh,0c8h,02bh,0ceh,0b8h
       CE B8
 2058  F5 26 BA 5A 00 8A      C  DB 0f5h,026h,0bah,05ah,000h,08ah,07eh,03dh
       7E 3D
 2060  80 E7 7E 90 80 FF      C  DB 080h,0e7h,07eh,090h,080h,0ffh,030h,075h
       30 75
 2068  07 B8 B8 DB B2 52      C  DB 007h,0b8h,0b8h,0dbh,0b2h,052h,0ebh,01bh
       EB 1B
 2070  80 FF 16 74 11 80      C  DB 080h,0ffh,016h,074h,011h,080h,0ffh,018h
       FF 18
 2078  74 0C 80 FF 24 74      C  DB 074h,00ch,080h,0ffh,024h,074h,007h,080h
       07 80
 2080  FF 26 74 02 EB 05      C  DB 0ffh,026h,074h,002h,0ebh,005h,0b8h,0a8h
       B8 A8
 2088  64 B2 4E F7 F1 32      C  DB 064h,0b2h,04eh,0f7h,0f1h,032h,0dbh,0feh
       DB FE
 2090  C3 2D 64 00 72 04      C  DB 0c3h,02dh,064h,000h,072h,004h,074h,00bh
       74 0B
 2098  EB F5 05 64 00 3C      C  DB 0ebh,0f5h,005h,064h,000h,03ch,032h,073h
       32 73
 20A0  02 FE CB 8A 46 3D      C  DB 002h,0feh,0cbh,08ah,046h,03dh,024h,07eh
       24 7E
 20A8  90 90 3C 2A 75 0F      C  DB 090h,090h,03ch,02ah,075h,00fh,080h,0fbh
       80 FB
 20B0  46 73 0A 80 66 3F      C  DB 046h,073h,00ah,080h,066h,03fh,01fh,080h
       1F 80
 20B8  4E 3F 40 EB 37 80      C  DB 04eh,03fh,040h,0ebh,037h,080h,0fbh,032h
       FB 32
 20C0  73 08 3C 14 75 04      C  DB 073h,008h,03ch,014h,075h,004h,080h,066h
       80 66
 20C8  3F 1F 8A 46 3D 24      C  DB 03fh,01fh,08ah,046h,03dh,024h,07eh,090h
       7E 90
 20D0  90 3C 3A 74 04 3C      C  DB 090h,03ch,03ah,074h,004h,03ch,00ah,075h
       0A 75
 20D8  1B 80 FB 5A 72 16      C  DB 01bh,080h,0fbh,05ah,072h,016h,080h,066h
       80 66
 20E0  3F 1F 80 4E 3F 80      C  DB 03fh,01fh,080h,04eh,03fh,080h,08ah,046h
       8A 46
 20E8  3D 24 81 90 90 0C      C  DB 03dh,024h,081h,090h,090h,00ch,03eh,088h
       3E 88
 20F0  46 3D EB 00 32 FF      C  DB 046h,03dh,0ebh,000h,032h,0ffh,08bh,0c3h
       8B C3
 20F8  B3 01 F6 46 3F 80      C  DB 0b3h,001h,0f6h,046h,03fh,080h,074h,004h
       74 04
 2100  B3 03 EB 08 F6 46      C  DB 0b3h,003h,0ebh,008h,0f6h,046h,03fh,040h
       3F 40
 2108  74 02 B3 02 F6 F3      C  DB 074h,002h,0b3h,002h,0f6h,0f3h,004h,003h
       04 03
 2110  8A F0 8A D3 BE 32      C  DB 08ah,0f0h,08ah,0d3h,0beh,032h,021h,0b9h
       21 B9
 2118  08 00 90 9A 22 21      C  DB 008h,000h,090h,09ah,022h,021h,000h,0f0h
       00 F0
 2120  CB 90 83 EE 03 83      C  DB 0cbh,090h,083h,0eeh,003h,083h,0c6h,003h
       C6 03
 2128  2E 8B 1C 3A C7 73      C  DB 02eh,08bh,01ch,03ah,0c7h,073h,002h,0e2h
       02 E2
 2130  F4 CB 80 42 80 70      C  DB 0f4h,0cbh,080h,042h,080h,070h,03ch,070h
       3C 70
 2138  60 32 60 50 28 50      C  DB 060h,032h,060h,050h,028h,050h,040h,021h
       40 21
 2140  40 30 19 30 20 14      C  DB 040h,030h,019h,030h,020h,014h,020h,010h
       20 10
 2148  10 10 7D 6E 60 64      C  DB 010h,010h,07dh,06eh,060h,064h,05fh,050h
       5F 50
 2150  53 4B 40 3F 37 30      C  DB 053h,04bh,040h,03fh,037h,030h,032h,02dh
       32 2D
 2158  20 4D 48 7A 00 43      C  DB 020h,04dh,048h,07ah,000h,043h,050h,055h
       50 55
 2160  20 43 6C 6F 63 6B      C  DB 020h,043h,06ch,06fh,063h,06bh,000h,01eh
       00 1E
 2168  50 B8 00 00 8E D8      C  DB 050h,0b8h,000h,000h,08eh,0d8h,081h,03eh
       81 3E
 2170  72 04 34 12 58 1F      C  DB 072h,004h,034h,012h,058h,01fh,0c3h,01eh
       C3 1E
 2178  06 B8 00 00 8E C0      C  DB 006h,0b8h,000h,000h,08eh,0c0h,00eh,01fh
       0E 1F
 2180  C7 86 2B 01 8B 28      C  DB 0c7h,086h,02bh,001h,08bh,028h,0beh,092h
       BE 92
 2188  21 E8 55 EF E8 61      C  DB 021h,0e8h,055h,0efh,0e8h,061h,005h,007h
       05 07
 2190  1F C3 05 1E 00 0A      C  DB 01fh,0c3h,005h,01eh,000h,00ah,041h,077h
       41 77
 2198  61 72 64 20 53 6F      C  DB 061h,072h,064h,020h,053h,06fh,066h,074h
       66 74
 21A0  77 61 72 65 2C 20      C  DB 077h,061h,072h,065h,02ch,020h,049h,06eh
       49 6E
 21A8  63 2E 05 1D 01 0A      C  DB 063h,02eh,005h,01dh,001h,00ah,053h,079h
       53 79
 21B0  73 74 65 6D 20 43      C  DB 073h,074h,065h,06dh,020h,043h,06fh,06eh
       6F 6E
 21B8  66 69 67 75 72 61      C  DB 066h,069h,067h,075h,072h,061h,074h,069h
       74 69
 21C0  6F 6E 73 02 00 02      C  DB 06fh,06eh,073h,002h,000h,002h,04fh,00dh
       4F 0D
 21C8  01 02 01 06 4E 06      C  DB 001h,002h,001h,006h,04eh,006h,000h,005h
       00 05
 21D0  00 06 C7 05 4F 06      C  DB 000h,006h,0c7h,005h,04fh,006h,0b6h,005h
       B6 05
 21D8  02 03 43 50 55 20      C  DB 002h,003h,043h,050h,055h,020h,054h,079h
       54 79
 21E0  70 65 20 20 20 20      C  DB 070h,065h,020h,020h,020h,020h,020h,020h
       20 20
 21E8  20 20 20 20 3A 20      C  DB 020h,020h,020h,020h,03ah,020h,010h,03fh
       10 3F
 21F0  23 05 02 04 43 6F      C  DB 023h,005h,002h,004h,043h,06fh,02dh,050h
       2D 50
 21F8  72 6F 63 65 73 73      C  DB 072h,06fh,063h,065h,073h,073h,06fh,072h
       6F 72
 2200  20 20 20 20 20 20      C  DB 020h,020h,020h,020h,020h,020h,03ah,020h
       3A 20
 2208  10 49 23 05 02 05      C  DB 010h,049h,023h,005h,002h,005h,010h,06eh
       10 6E
 2210  23 05 2A 03 42 61      C  DB 023h,005h,02ah,003h,042h,061h,073h,065h
       73 65
 2218  20 4D 65 6D 6F 72      C  DB 020h,04dh,065h,06dh,06fh,072h,079h,020h
       79 20
 2220  20 20 20 20 20 20      C  DB 020h,020h,020h,020h,020h,020h,03ah,010h
       3A 10
 2228  9D 23 05 2A 04 45      C  DB 09dh,023h,005h,02ah,004h,045h,078h,074h
       78 74
 2230  65 6E 64 65 64 20      C  DB 065h,06eh,064h,065h,064h,020h,04dh,065h
       4D 65
 2238  6D 6F 72 79 20 20      C  DB 06dh,06fh,072h,079h,020h,020h,020h,03ah
       20 3A
 2240  10 A5 23 05 2A 05      C  DB 010h,0a5h,023h,005h,02ah,005h,010h,0c8h
       10 C8
 2248  23 05 02 07 44 69      C  DB 023h,005h,002h,007h,044h,069h,073h,06bh
       73 6B
 2250  65 74 74 65 20 44      C  DB 065h,074h,074h,065h,020h,044h,072h,069h
       72 69
 2258  76 65 20 20 41 20      C  DB 076h,065h,020h,020h,041h,020h,03ah,020h
       3A 20
 2260  10 07 24 05 02 08      C  DB 010h,007h,024h,005h,002h,008h,044h,069h
       44 69
 2268  73 6B 65 74 74 65      C  DB 073h,06bh,065h,074h,074h,065h,020h,044h
       20 44
 2270  72 69 76 65 20 20      C  DB 072h,069h,076h,065h,020h,020h,042h,020h
       42 20
 2278  3A 20 10 0D 24 05      C  DB 03ah,020h,010h,00dh,024h,005h,002h,009h
       02 09
 2280  50 72 69 2E 20 4D      C  DB 050h,072h,069h,02eh,020h,04dh,061h,073h
       61 73
 2288  74 65 72 20 20 44      C  DB 074h,065h,072h,020h,020h,044h,069h,073h
       69 73
 2290  6B 20 3A 20 10 13      C  DB 06bh,020h,03ah,020h,010h,013h,024h,005h
       24 05
 2298  02 0A 50 72 69 2E      C  DB 002h,00ah,050h,072h,069h,02eh,020h,053h
       20 53
 22A0  6C 61 76 65 20 20      C  DB 06ch,061h,076h,065h,020h,020h,020h,044h
       20 44
 22A8  69 73 6B 20 3A 20      C  DB 069h,073h,06bh,020h,03ah,020h,010h,02ah
       10 2A
 22B0  24 05 02 0B 53 65      C  DB 024h,005h,002h,00bh,053h,065h,063h,02eh
       63 2E
 22B8  20 4D 61 73 74 65      C  DB 020h,04dh,061h,073h,074h,065h,072h,020h
       72 20
 22C0  20 44 69 73 6B 20      C  DB 020h,044h,069h,073h,06bh,020h,03ah,020h
       3A 20
 22C8  10 3B 24 05 02 0C      C  DB 010h,03bh,024h,005h,002h,00ch,053h,065h
       53 65
 22D0  63 2E 20 53 6C 61      C  DB 063h,02eh,020h,053h,06ch,061h,076h,065h
       76 65
 22D8  20 20 20 44 69 73      C  DB 020h,020h,020h,044h,069h,073h,06bh,020h
       6B 20
 22E0  3A 20 10 40 24 05      C  DB 03ah,020h,010h,040h,024h,005h,02ah,007h
       2A 07
 22E8  44 69 73 70 6C 61      C  DB 044h,069h,073h,070h,06ch,061h,079h,020h
       79 20
 22F0  54 79 70 65 20 20      C  DB 054h,079h,070h,065h,020h,020h,020h,020h
       20 20
 22F8  20 20 3A 20 10 8E      C  DB 020h,020h,03ah,020h,010h,08eh,024h,005h
       24 05
 2300  2A 08 53 65 72 69      C  DB 02ah,008h,053h,065h,072h,069h,061h,06ch
       61 6C
 2308  20 50 6F 72 74 28      C  DB 020h,050h,06fh,072h,074h,028h,073h,029h
       73 29
 2310  20 20 20 20 3A 20      C  DB 020h,020h,020h,020h,03ah,020h,010h,094h
       10 94
 2318  24 05 2A 09 50 61      C  DB 024h,005h,02ah,009h,050h,061h,072h,061h
       72 61
 2320  6C 6C 65 6C 20 50      C  DB 06ch,06ch,065h,06ch,020h,050h,06fh,072h
       6F 72
 2328  74 28 73 29 20 20      C  DB 074h,028h,073h,029h,020h,020h,03ah,020h
       3A 20
 2330  10 9C 24 05 00 0E      C  DB 010h,09ch,024h,005h,000h,00eh,010h,0c4h
       10 C4
 2338  A6 0E 01 05 00 FF      C  DB 0a6h,00eh,001h,005h,000h,0ffh,000h,0e8h
       00 E8
 2340  6A 5E E8 9C ED E8      C  DB 06ah,05eh,0e8h,09ch,0edh,0e8h,08ah,0ebh
       8A EB
 2348  C3 BE E0 24 F6 46      C  DB 0c3h,0beh,0e0h,024h,0f6h,046h,03dh,001h
       3D 01
 2350  74 03 BE EE 24 E8      C  DB 074h,003h,0beh,0eeh,024h,0e8h,089h,0edh
       89 ED
 2358  C3 43 50 55 20 43      C  DB 0c3h,043h,050h,055h,020h,043h,06ch,06fh
       6C 6F
 2360  63 6B 20 20 20 20      C  DB 063h,06bh,020h,020h,020h,020h,020h,020h
       20 20
 2368  20 20 20 3A 20 00      C  DB 020h,020h,020h,03ah,020h,000h,02eh,0a0h
       2E A0
 2370  07 EB 24 0C 3C 08      C  DB 007h,0ebh,024h,00ch,03ch,008h,075h,024h
       75 24
 2378  BE 59 23 E8 63 ED      C  DB 0beh,059h,023h,0e8h,063h,0edh,032h,0e4h
       32 E4
 2380  8A 86 B2 01 50 E8      C  DB 08ah,086h,0b2h,001h,050h,0e8h,0b3h,012h
       B3 12
 2388  58 3D 64 00 73 05      C  DB 058h,03dh,064h,000h,073h,005h,080h,0aeh
       80 AE
 2390  81 00 01 E8 F2 12      C  DB 081h,000h,001h,0e8h,0f2h,012h,0beh,059h
       BE 59
 2398  21 E8 45 ED C3 66      C  DB 021h,0e8h,045h,0edh,0c3h,066h,033h,0c0h
       33 C0
 23A0  8B 46 15 EB 05 66      C  DB 08bh,046h,015h,0ebh,005h,066h,08bh,086h
       8B 86
 23A8  96 01 E8 07 03 B0      C  DB 096h,001h,0e8h,007h,003h,0b0h,04bh,0e8h
       4B E8
 23B0  11 15 C3 43 61 63      C  DB 011h,015h,0c3h,043h,061h,063h,068h,065h
       68 65
 23B8  20 4D 65 6D 6F 72      C  DB 020h,04dh,065h,06dh,06fh,072h,079h,020h
       79 20
 23C0  20 20 20 20 20 3A      C  DB 020h,020h,020h,020h,020h,03ah,020h,000h
       20 00
 23C8  2E A0 10 EB 24 0C      C  DB 02eh,0a0h,010h,0ebh,024h,00ch,03ch,008h
       3C 08
 23D0  75 34 BE B3 23 E8      C  DB 075h,034h,0beh,0b3h,023h,0e8h,009h,0edh
       09 ED
 23D8  BE 08 59 E8 9A F9      C  DB 0beh,008h,059h,0e8h,09ah,0f9h,00ah,0c0h
       0A C0
 23E0  74 07 E8 8F 80 0A      C  DB 074h,007h,0e8h,08fh,080h,00ah,0c0h,075h
       C0 75
 23E8  0C B0 20 E8 D5 14      C  DB 00ch,0b0h,020h,0e8h,0d5h,014h,0b0h,020h
       B0 20
 23F0  E8 D0 14 EB 60 8A      C  DB 0e8h,0d0h,014h,0ebh,060h,08ah,0c8h,0feh
       C8 FE
 23F8  C9 B8 10 00 D3 E0      C  DB 0c9h,0b8h,010h,000h,0d3h,0e0h,0e8h,0b1h
       E8 B1
 2400  01 B0 4B E8 BD 14      C  DB 001h,0b0h,04bh,0e8h,0bdh,014h,0c3h,0bbh
       C3 BB
 2408  D4 4D E9 C4 00 BB      C  DB 0d4h,04dh,0e9h,0c4h,000h,0bbh,0edh,04dh
       ED 4D
 2410  E9 BE 00 E8 96 0A      C  DB 0e9h,0beh,000h,0e8h,096h,00ah,0bbh,0b4h
       BB B4
 2418  4A 8A 46 12 24 F0      C  DB 04ah,08ah,046h,012h,024h,0f0h,03ch,0f0h
       3C F0
 2420  74 06 C0 E8 04 88      C  DB 074h,006h,0c0h,0e8h,004h,088h,046h,019h
       46 19
 2428  EB 1B BB 7C 4B 8A      C  DB 0ebh,01bh,0bbh,07ch,04bh,08ah,046h,012h
       46 12
 2430  24 0F 3C 0F 74 0F      C  DB 024h,00fh,03ch,00fh,074h,00fh,088h,046h
       88 46
 2438  1A EB 0A BB 44 4C      C  DB 01ah,0ebh,00ah,0bbh,044h,04ch,0ebh,00eh
       EB 0E
 2440  BB 0C 4D EB 09 26      C  DB 0bbh,00ch,04dh,0ebh,009h,026h,0f7h,006h
       F7 06
 2448  10 00 C0 00 74 07      C  DB 010h,000h,0c0h,000h,074h,007h,0e8h,0d2h
       E8 D2
 2450  0E 0A D2 75 07 BE      C  DB 00eh,00ah,0d2h,075h,007h,0beh,0f8h,024h
       F8 24
 2458  E8 86 EC C3 83 FA      C  DB 0e8h,086h,0ech,0c3h,083h,0fah,02fh,076h
       2F 76
 2460  08 BE 00 25 E8 7A      C  DB 008h,0beh,000h,025h,0e8h,07ah,0ech,0ebh
       EC EB
 2468  13 C6 86 B3 01 2E      C  DB 013h,0c6h,086h,0b3h,001h,02eh,052h,0beh
       52 BE
 2470  05 25 E8 6C EC 58      C  DB 005h,025h,0e8h,06ch,0ech,058h,0e8h,0bah
       E8 BA
 2478  11 E8 0C 12 B0 2C      C  DB 011h,0e8h,00ch,012h,0b0h,02ch,0e8h,042h
       E8 42
 2480  14 E8 7F 31 E8 2B      C  DB 014h,0e8h,07fh,031h,0e8h,02bh,001h,0beh
       01 BE
 2488  FD 24 E8 54 EC C3      C  DB 0fdh,024h,0e8h,054h,0ech,0c3h,0bbh,006h
       BB 06
 2490  4E EB 3E 90 BE 00      C  DB 04eh,0ebh,03eh,090h,0beh,000h,004h,0bfh
       04 BF
 2498  08 04 EB 06 BE 08      C  DB 008h,004h,0ebh,006h,0beh,008h,004h,0bfh
       04 BF
 24A0  0E 04 26 8B 04 0B      C  DB 00eh,004h,026h,08bh,004h,00bh,0c0h,074h
       C0 74
 24A8  AC 26 8B 04 46 46      C  DB 0ach,026h,08bh,004h,046h,046h,00bh,0c0h
       0B C0
 24B0  74 11 60 E8 3D 11      C  DB 074h,011h,060h,0e8h,03dh,011h,0e8h,0cfh
       E8 CF
 24B8  11 B0 20 E8 05 14      C  DB 011h,0b0h,020h,0e8h,005h,014h,061h,03bh
       61 3B
 24C0  F7 72 E6 C3 C6 86      C  DB 0f7h,072h,0e6h,0c3h,0c6h,086h,024h,001h
       24 01
 24C8  01 E8 57 0E 8B C2      C  DB 001h,0e8h,057h,00eh,08bh,0c2h,0ffh,0d7h
       FF D7
 24D0  C3 C6 86 24 01 01      C  DB 0c3h,0c6h,086h,024h,001h,001h,0e8h,04ah
       E8 4A
 24D8  0E E8 BE 10 E8 02      C  DB 00eh,0e8h,0beh,010h,0e8h,002h,0ech,0c3h
       EC C3
 24E0  4E 6F 74 20 49 6E      C  DB 04eh,06fh,074h,020h,049h,06eh,073h,074h
       73 74
 24E8  61 6C 6C 65 64 00      C  DB 061h,06ch,06ch,065h,064h,000h,049h,06eh
       49 6E
 24F0  73 74 61 6C 6C 65      C  DB 073h,074h,061h,06ch,06ch,065h,064h,000h
       64 00
 24F8  4E 6F 6E 65 00 4D      C  DB 04eh,06fh,06eh,065h,000h,04dh,042h,000h
       42 00
 2500  55 73 65 72 20 54      C  DB 055h,073h,065h,072h,020h,054h,079h,070h
       79 70
 2508  65 20 00 2E F6 06      C  DB 065h,020h,000h,02eh,0f6h,006h,0d0h,09ah
       D0 9A
 2510  20 74 0A E8 F6 7F      C  DB 020h,074h,00ah,0e8h,0f6h,07fh,074h,005h
       74 05
 2518  E8 DA C8 EB 03 E8      C  DB 0e8h,0dah,0c8h,0ebh,003h,0e8h,0ach,0c8h
       AC C8
 2520  C3 BE 08 59 EB 03      C  DB 0c3h,0beh,008h,059h,0ebh,003h,0beh,0efh
       BE EF
 2528  58 E8 4C F8 0A C0      C  DB 058h,0e8h,04ch,0f8h,00ah,0c0h,0c3h,066h
       C3 66
 2530  60 E8 ED FF B0 FF      C  DB 060h,0e8h,0edh,0ffh,0b0h,0ffh,075h,002h
       75 02
 2538  B0 00 FA 87 DB 87      C  DB 0b0h,000h,0fah,087h,0dbh,087h,0dbh,090h
       DB 90
 2540  E8 B5 7E E8 E0 FF      C  DB 0e8h,0b5h,07eh,0e8h,0e0h,0ffh,0b0h,0ffh
       B0 FF
 2548  75 02 B0 00 87 DB      C  DB 075h,002h,0b0h,000h,087h,0dbh,087h,0dbh
       87 DB
 2550  E8 3D B3 66 61 C3      C  DB 0e8h,03dh,0b3h,066h,061h,0c3h,087h,0dbh
       87 DB
 2558  8B FC 8A D8 BC 62      C  DB 08bh,0fch,08ah,0d8h,0bch,062h,025h,0e9h
       25 E9
 2560  28 C4 64 25 22 E0      C  DB 028h,0c4h,064h,025h,022h,0e0h,08ah,0c3h
       8A C3
 2568  BC 6E 25 E9 2D C4      C  DB 0bch,06eh,025h,0e9h,02dh,0c4h,070h,025h
       70 25
 2570  8B E7 C3 90 8B FC      C  DB 08bh,0e7h,0c3h,090h,08bh,0fch,08ah,0d8h
       8A D8
 2578  BC 7E 25 E9 0C C4      C  DB 0bch,07eh,025h,0e9h,00ch,0c4h,080h,025h
       80 25
 2580  0A E0 8A C3 BC 8A      C  DB 00ah,0e0h,08ah,0c3h,0bch,08ah,025h,0e9h
       25 E9
 2588  11 C4 8C 25 8B E7      C  DB 011h,0c4h,08ch,025h,08bh,0e7h,0c3h,000h
       C3 00
 2590  51 53 50 32 E4 C1      C  DB 051h,053h,050h,032h,0e4h,0c1h,0c8h,004h
       C8 04
 2598  C0 EC 04 8A FC B3      C  DB 0c0h,0ech,004h,08ah,0fch,0b3h,00ah,0f6h
       0A F6
 25A0  E3 02 C7 5B 8A E7      C  DB 0e3h,002h,0c7h,05bh,08ah,0e7h,05bh,059h
       5B 59
 25A8  C3 32 E4 57 BF 43      C  DB 0c3h,032h,0e4h,057h,0bfh,043h,036h,0ebh
       36 EB
 25B0  05 90 57 BF 4B 36      C  DB 005h,090h,057h,0bfh,04bh,036h,0ffh,0d7h
       FF D7
 25B8  E8 CD 10 5F C3 0A      C  DB 0e8h,0cdh,010h,05fh,0c3h,00ah,0c9h,075h
       C9 75
 25C0  42 66 8B 86 96 01      C  DB 042h,066h,08bh,086h,096h,001h,003h,046h
       03 46
 25C8  15 80 BE 2D 01 AA      C  DB 015h,080h,0beh,02dh,001h,0aah,074h,009h
       74 09
 25D0  66 33 C0 8B 46 30      C  DB 066h,033h,0c0h,08bh,046h,030h,003h,046h
       03 46
 25D8  15 66 52 66 8B D0      C  DB 015h,066h,052h,066h,08bh,0d0h,066h,02dh
       66 2D
 25E0  00 02 00 00 74 08      C  DB 000h,002h,000h,000h,074h,008h,073h,0f6h
       73 F6
 25E8  66 F7 D8 66 03 D0      C  DB 066h,0f7h,0d8h,066h,003h,0d0h,066h,08bh
       66 8B
 25F0  C2 66 3D 00 3E 00      C  DB 0c2h,066h,03dh,000h,03eh,000h,000h,075h
       00 75
 25F8  06 66 05 00 02 00      C  DB 006h,066h,005h,000h,002h,000h,000h,066h
       00 66
 2600  5A EB 5D E2 08 66      C  DB 05ah,0ebh,05dh,0e2h,008h,066h,033h,0c0h
       33 C0
 2608  8B 46 15 EB 53 E2      C  DB 08bh,046h,015h,0ebh,053h,0e2h,014h,066h
       14 66
 2610  8B 86 96 01 80 BE      C  DB 08bh,086h,096h,001h,080h,0beh,02dh,001h
       2D 01
 2618  AA 74 06 66 33 C0      C  DB 0aah,074h,006h,066h,033h,0c0h,08bh,046h
       8B 46
 2620  30 EB 3D E2 05 66      C  DB 030h,0ebh,03dh,0e2h,005h,066h,033h,0c0h
       33 C0
 2628  EB 36 E2 34 66 52      C  DB 0ebh,036h,0e2h,034h,066h,052h,0b1h,003h
       B1 03
 2630  E8 8A FF 66 50 32      C  DB 0e8h,08ah,0ffh,066h,050h,032h,0c9h,0e8h
       C9 E8
 2638  83 FF 66 5A 66 2B      C  DB 083h,0ffh,066h,05ah,066h,02bh,0c2h,066h
       C2 66
 2640  33 D2 8B 56 15 66      C  DB 033h,0d2h,08bh,056h,015h,066h,02bh,0c2h
       2B C2
 2648  80 BE 2D 01 AA 75      C  DB 080h,0beh,02dh,001h,0aah,075h,007h,066h
       07 66
 2650  2B 86 96 01 EB 08      C  DB 02bh,086h,096h,001h,0ebh,008h,033h,0d2h
       33 D2
 2658  8B 56 30 66 2B C2      C  DB 08bh,056h,030h,066h,02bh,0c2h,066h,05ah
       66 5A
 2660  C3 A0 86 01 00 10      C  DB 0c3h,0a0h,086h,001h,000h,010h,027h,000h
       27 00
 2668  00 E8 03 00 00 64      C  DB 000h,0e8h,003h,000h,000h,064h,000h,000h
       00 00
 2670  00 0A 00 00 00 66      C  DB 000h,00ah,000h,000h,000h,066h,060h,0b9h
       60 B9
 2678  05 00 C6 02 30 BF      C  DB 005h,000h,0c6h,002h,030h,0bfh,061h,026h
       61 26
 2680  32 D2 FE 02 2E 66      C  DB 032h,0d2h,0feh,002h,02eh,066h,02bh,005h
       2B 05
 2688  74 08 73 F6 2E 66      C  DB 074h,008h,073h,0f6h,02eh,066h,003h,005h
       03 05
 2690  FE 0A 80 3A 30 75      C  DB 0feh,00ah,080h,03ah,030h,075h,009h,00ah
       09 0A
 2698  D2 75 05 C6 02 20      C  DB 0d2h,075h,005h,0c6h,002h,020h,0ebh,002h
       EB 02
 26A0  FE C2 83 C7 04 46      C  DB 0feh,0c2h,083h,0c7h,004h,046h,0c6h,002h
       C6 02
 26A8  30 E2 D7 00 02 C6      C  DB 030h,0e2h,0d7h,000h,002h,0c6h,042h,001h
       42 01
 26B0  00 66 61 C3 E8 6D      C  DB 000h,066h,061h,0c3h,0e8h,06dh,00fh,0e9h
       0F E9
 26B8  CE 0F 87 DB 86 C4      C  DB 0ceh,00fh,087h,0dbh,086h,0c4h,0e8h,002h
       E8 02
 26C0  00 86 C4 C0 C8 04      C  DB 000h,086h,0c4h,0c0h,0c8h,004h,050h,0e8h
       50 E8
 26C8  04 00 58 C0 C8 04      C  DB 004h,000h,058h,0c0h,0c8h,004h,050h,024h
       50 24
 26D0  0F 04 90 27 14 40      C  DB 00fh,004h,090h,027h,014h,040h,027h,051h
       27 51
 26D8  E8 E8 11 59 58 C3      C  DB 0e8h,0e8h,011h,059h,058h,0c3h,087h,0dbh
       87 DB
 26E0  8B 96 81 00 C3 87      C  DB 08bh,096h,081h,000h,0c3h,087h,0dbh,090h
       DB 90
 26E8  B4 01 B9 00 FF CD      C  DB 0b4h,001h,0b9h,000h,0ffh,0cdh,010h,0c3h
       10 C3
 26F0  FF 86 A0 01 B5 0E      C  DB 0ffh,086h,0a0h,001h,0b5h,00eh,08ah,046h
       8A 46
 26F8  14 24 30 0A C0 74      C  DB 014h,024h,030h,00ah,0c0h,074h,009h,080h
       09 80
 2700  ED 03 3C 30 74 02      C  DB 0edh,003h,03ch,030h,074h,002h,0b5h,006h
       B5 06
 2708  8A CD FE C1 B4 01      C  DB 08ah,0cdh,0feh,0c1h,0b4h,001h,0cdh,010h
       CD 10
 2710  8B 96 81 00 EB 0E      C  DB 08bh,096h,081h,000h,0ebh,00eh,087h,0dbh
       87 DB
 2718  89 96 81 00 83 BE      C  DB 089h,096h,081h,000h,083h,0beh,0a0h,001h
       A0 01
 2720  00 75 D1 C3 32 FF      C  DB 000h,075h,0d1h,0c3h,032h,0ffh,0b4h,002h
       B4 02
 2728  CD 10 F8 C3 C3 8A      C  DB 0cdh,010h,0f8h,0c3h,0c3h,08ah,086h,080h
       86 80
 2730  00 C3 8B 8E A2 01      C  DB 000h,0c3h,08bh,08eh,0a2h,001h,08bh,096h
       8B 96
 2738  A4 01 C3 8B 86 A0      C  DB 0a4h,001h,0c3h,08bh,086h,0a0h,000h,0f9h
       00 F9
 2740  C3 C3 C3 C7 86 A2      C  DB 0c3h,0c3h,0c3h,0c7h,086h,0a2h,001h,000h
       01 00
 2748  00 C7 86 A6 01 00      C  DB 000h,0c7h,086h,0a6h,001h,000h,000h,0c7h
       00 C7
 2750  86 A4 01 4F 14 C7      C  DB 086h,0a4h,001h,04fh,014h,0c7h,086h,0a8h
       86 A8
 2758  01 4F 14 C3 C3 B8      C  DB 001h,04fh,014h,0c3h,0c3h,0b8h,001h,007h
       01 07
 2760  EB 03 B8 01 06 53      C  DB 0ebh,003h,0b8h,001h,006h,053h,051h,052h
       51 52
 2768  8A BE 80 00 8B 8E      C  DB 08ah,0beh,080h,000h,08bh,08eh,0a6h,001h
       A6 01
 2770  8B 96 A8 01 CD 10      C  DB 08bh,096h,0a8h,001h,0cdh,010h,05ah,059h
       5A 59
 2778  5B C3 88 86 80 00      C  DB 05bh,0c3h,088h,086h,080h,000h,0c3h,089h
       C3 89
 2780  8E A2 01 89 8E A6      C  DB 08eh,0a2h,001h,089h,08eh,0a6h,001h,089h
       01 89
 2788  96 A4 01 89 96 A8      C  DB 096h,0a4h,001h,089h,096h,0a8h,001h,0c3h
       01 C3
 2790  C3 C6 86 9E 00 00      C  DB 0c3h,0c6h,086h,09eh,000h,000h,0cdh,011h
       CD 11
 2798  24 30 3C 30 74 04      C  DB 024h,030h,03ch,030h,074h,004h,0feh,086h
       FE 86
 27A0  9E 00 B0 E0 E8 B5      C  DB 09eh,000h,0b0h,0e0h,0e8h,0b5h,004h,0e8h
       04 E8
 27A8  C1 10 C7 86 A0 00      C  DB 0c1h,010h,0c7h,086h,0a0h,000h,000h,000h
       00 00
 27B0  C7 86 A0 01 00 00      C  DB 0c7h,086h,0a0h,001h,000h,000h,0b4h,003h
       B4 03
 27B8  32 FF CD 10 32 D2      C  DB 032h,0ffh,0cdh,010h,032h,0d2h,080h,0c6h
       80 C6
 27C0  01 E8 54 FF E8 7C      C  DB 001h,0e8h,054h,0ffh,0e8h,07ch,0ffh,0e8h
       FF E8
 27C8  1E FF C3 C3 C3 C3      C  DB 01eh,0ffh,0c3h,0c3h,0c3h,0c3h,087h,0dbh
       87 DB
 27D0  E8 04 00 E8 16 00      C  DB 0e8h,004h,000h,0e8h,016h,000h,0c3h,050h
       C3 50
 27D8  8A 86 82 00 3A 86      C  DB 08ah,086h,082h,000h,03ah,086h,0a5h,001h
       A5 01
 27E0  58 72 03 E9 7C FF      C  DB 058h,072h,003h,0e9h,07ch,0ffh,0feh,086h
       FE 86
 27E8  82 00 C3 90 50 8A      C  DB 082h,000h,0c3h,090h,050h,08ah,086h,0a2h
       86 A2
 27F0  01 88 86 81 00 58      C  DB 001h,088h,086h,081h,000h,058h,0c3h,0ebh
       C3 EB
 27F8  DE C3 C3 C3 C3 00      C  DB 0deh,0c3h,0c3h,0c3h,0c3h,000h,0e9h,092h
       E9 92
 2800  00 C2 3F D5 40 22      C  DB 000h,0c2h,03fh,0d5h,040h,022h,03eh,056h
       3E 56
 2808  49 38 4E 4C 48 D6      C  DB 049h,038h,04eh,04ch,048h,0d6h,058h,015h
       58 15
 2810  5B BA 58 04 62 2A      C  DB 05bh,0bah,058h,004h,062h,02ah,064h,034h
       64 34
 2818  5E 22 68 42 6B C0      C  DB 05eh,022h,068h,042h,06bh,0c0h,067h,073h
       67 73
 2820  71 73 71 52 71 FF      C  DB 071h,073h,071h,052h,071h,0ffh,0ffh,0eah
       FF EA
 2828  3D 18 3E 1A 3E E8      C  DB 03dh,018h,03eh,01ah,03eh,0e8h,047h,01eh
       47 1E
 2830  48 44 48 AA 58 AC      C  DB 048h,044h,048h,0aah,058h,0ach,058h,0b2h
       58 B2
 2838  58 20 5E 22 5E 2C      C  DB 058h,020h,05eh,022h,05eh,02ch,05eh,088h
       5E 88
 2840  67 8A 67 B8 67 46      C  DB 067h,08ah,067h,0b8h,067h,046h,071h,048h
       71 48
 2848  71 4A 71 07 0F 70      C  DB 071h,04ah,071h,007h,00fh,070h,007h,070h
       07 70
 2850  78 07 70 1F 1E 4F      C  DB 078h,007h,070h,01fh,01eh,04fh,01fh,01ah
       1F 1A
 2858  1D 5F 1F 2B 2E 30      C  DB 01dh,05fh,01fh,02bh,02eh,030h,020h,030h
       20 30
 2860  3E 20 3A 3F 30 71      C  DB 03eh,020h,03ah,03fh,030h,071h,03eh,030h
       3E 30
 2868  36 67 3F 4E 4F 02      C  DB 036h,067h,03fh,04eh,04fh,002h,042h,047h
       42 47
 2870  4F 1F 4F 5B 5A 70      C  DB 04fh,01fh,04fh,05bh,05ah,070h,05fh,05fh
       5F 5F
 2878  5E 21 5C 70 74 3F      C  DB 05eh,021h,05ch,070h,074h,03fh,07fh,071h
       7F 71
 2880  7E 5F 7F 7A 7B 2F      C  DB 07eh,05fh,07fh,07ah,07bh,02fh,07fh,00ah
       7F 0A
 2888  0B 3E 0E 07 0F 70      C  DB 00bh,03eh,00eh,007h,00fh,070h,007h,00dh
       07 0D
 2890  0A 74 0C 0E 1F 3C      C  DB 00ah,074h,00ch,00eh,01fh,03ch,0aah,075h
       AA 75
 2898  06 88 86 2D 01 EB      C  DB 006h,088h,086h,02dh,001h,0ebh,01ch,081h
       1C 81
 28A0  EC 00 02 8B EC 50      C  DB 0ech,000h,002h,08bh,0ech,050h,08ch,0d0h
       8C D0
 28A8  8E C0 32 C0 8B FD      C  DB 08eh,0c0h,032h,0c0h,08bh,0fdh,0b9h,000h
       B9 00
 28B0  02 F3 AA 58 88 86      C  DB 002h,0f3h,0aah,058h,088h,086h,02dh,001h
       2D 01
 28B8  E8 D1 05 8A 46 12      C  DB 0e8h,0d1h,005h,08ah,046h,012h,0b1h,004h
       B1 04
 28C0  D2 E8 3C 0F 74 03      C  DB 0d2h,0e8h,03ch,00fh,074h,003h,088h,046h
       88 46
 28C8  19 8A 46 12 24 0F      C  DB 019h,08ah,046h,012h,024h,00fh,03ch,00fh
       3C 0F
 28D0  74 03 88 46 1A E8      C  DB 074h,003h,088h,046h,01ah,0e8h,0abh,003h
       AB 03
 28D8  B8 87 00 80 BE 9E      C  DB 0b8h,087h,000h,080h,0beh,09eh,000h,000h
       00 00
 28E0  74 0A B8 02 12 B3      C  DB 074h,00ah,0b8h,002h,012h,0b3h,030h,0cdh
       30 CD
 28E8  10 B8 83 00 CD 10      C  DB 010h,0b8h,083h,000h,0cdh,010h,08ah,046h
       8A 46
 28F0  3B E8 68 03 89 A6      C  DB 03bh,0e8h,068h,003h,089h,0a6h,01ah,001h
       1A 01
 28F8  E8 38 1C F6 46 11      C  DB 0e8h,038h,01ch,0f6h,046h,011h,002h,074h
       02 74
 2900  1A 80 BE 2D 01 AA      C  DB 01ah,080h,0beh,02dh,001h,0aah,075h,013h
       75 13
 2908  C6 86 24 01 00 E8      C  DB 0c6h,086h,024h,001h,000h,0e8h,00ch,010h
       0C 10
 2910  E8 71 0B B0 01 E8      C  DB 0e8h,071h,00bh,0b0h,001h,0e8h,0fdh,012h
       FD 12
 2918  E8 18 1C 8B 86 8E      C  DB 0e8h,018h,01ch,08bh,086h,08eh,000h,089h
       00 89
 2920  86 25 01 C6 86 24      C  DB 086h,025h,001h,0c6h,086h,024h,001h,000h
       01 00
 2928  E8 F1 0F E8 56 0B      C  DB 0e8h,0f1h,00fh,0e8h,056h,00bh,08bh,09eh
       8B 9E
 2930  8E 00 80 BE 8D 00      C  DB 08eh,000h,080h,0beh,08dh,000h,002h,076h
       02 76
 2938  0A E8 71 11 8B DE      C  DB 00ah,0e8h,071h,011h,08bh,0deh,0e8h,05eh
       E8 5E
 2940  11 8B DE 89 9E 27      C  DB 011h,08bh,0deh,089h,09eh,027h,001h,0c7h
       01 C7
 2948  86 A0 00 00 50 80      C  DB 086h,0a0h,000h,000h,050h,080h,0beh,08dh
       BE 8D
 2950  00 01 75 08 8B 9E      C  DB 000h,001h,075h,008h,08bh,09eh,025h,001h
       25 01
 2958  89 9E 84 00 89 9E      C  DB 089h,09eh,084h,000h,089h,09eh,084h,000h
       84 00
 2960  51 B9 0C 80 E8 0E      C  DB 051h,0b9h,00ch,080h,0e8h,00eh,010h,059h
       10 59
 2968  74 06 8B 86 A0 00      C  DB 074h,006h,08bh,086h,0a0h,000h,0ebh,03ch
       EB 3C
 2970  80 BE 8D 00 01 75      C  DB 080h,0beh,08dh,000h,001h,075h,004h,089h
       04 89
 2978  9E 25 01 E8 39 0B      C  DB 09eh,025h,001h,0e8h,039h,00bh,0e8h,018h
       E8 18
 2980  01 E8 52 01 E8 A3      C  DB 001h,0e8h,052h,001h,0e8h,0a3h,008h,0e8h
       08 E8
 2988  2F 01 E8 E2 11 72      C  DB 02fh,001h,0e8h,0e2h,011h,072h,094h,0e8h
       94 E8
 2990  86 1B 72 8F E8 6C      C  DB 086h,01bh,072h,08fh,0e8h,06ch,005h,0e8h
       05 E8
 2998  A7 05 E8 E3 05 E8      C  DB 0a7h,005h,0e8h,0e3h,005h,0e8h,09ch,002h
       9C 02
 29A0  E8 DB 1B E8 C8 06      C  DB 0e8h,0dbh,01bh,0e8h,0c8h,006h,0e8h,0c6h
       E8 C6
 29A8  11 E8 59 06 E8 CE      C  DB 011h,0e8h,059h,006h,0e8h,0ceh,00fh,074h
       0F 74
 29B0  D3 E8 EC 0F 73 02      C  DB 0d3h,0e8h,0ech,00fh,073h,002h,0ebh,0a4h
       EB A4
 29B8  89 9E 27 01 53 8B      C  DB 089h,09eh,027h,001h,053h,08bh,09eh,084h
       9E 84
 29C0  00 FF 8E 84 00 E8      C  DB 000h,0ffh,08eh,084h,000h,0e8h,0efh,00ah
       EF 0A
 29C8  FF 86 84 00 5B EB      C  DB 0ffh,086h,084h,000h,05bh,0ebh,08dh,053h
       8D 53
 29D0  E8 C8 0A EB F7 E8      C  DB 0e8h,0c8h,00ah,0ebh,0f7h,0e8h,0f4h,003h
       F4 03
 29D8  8B 46 30 89 46 17      C  DB 08bh,046h,030h,089h,046h,017h,080h,066h
       80 66
 29E0  14 3D F6 46 10 0F      C  DB 014h,03dh,0f6h,046h,010h,00fh,074h,004h
       74 04
 29E8  80 4E 14 40 F6 46      C  DB 080h,04eh,014h,040h,0f6h,046h,010h,0ffh
       10 FF
 29F0  74 04 80 4E 14 01      C  DB 074h,004h,080h,04eh,014h,001h,080h,0beh
       80 BE
 29F8  2D 01 AA 74 07 80      C  DB 02dh,001h,0aah,074h,007h,080h,0beh,02dh
       BE 2D
 2A00  01 02 75 0D E8 41      C  DB 001h,002h,075h,00dh,0e8h,041h,003h,080h
       03 80
 2A08  BE 2D 01 02 75 03      C  DB 0beh,02dh,001h,002h,075h,003h,0e8h,064h
       E8 64
 2A10  4F B8 00 06 33 C9      C  DB 04fh,0b8h,000h,006h,033h,0c9h,0bah,04fh
       BA 4F
 2A18  18 B7 07 CD 10 80      C  DB 018h,0b7h,007h,0cdh,010h,080h,0beh,02dh
       BE 2D
 2A20  01 AA 74 04 81 C4      C  DB 001h,0aah,074h,004h,081h,0c4h,000h,002h
       00 02
 2A28  C3 50 8A C8 32 ED      C  DB 0c3h,050h,08ah,0c8h,032h,0edh,0beh,001h
       BE 01
 2A30  28 49 74 05 83 C6      C  DB 028h,049h,074h,005h,083h,0c6h,006h,0ebh
       06 EB
 2A38  F8 2E 8B 04 2E 3B      C  DB 0f8h,02eh,08bh,004h,02eh,03bh,044h,002h
       44 02
 2A40  74 54 89 86 8E 00      C  DB 074h,054h,089h,086h,08eh,000h,02eh,08bh
       2E 8B
 2A48  44 02 89 86 90 00      C  DB 044h,002h,089h,086h,090h,000h,02eh,08bh
       2E 8B
 2A50  44 04 89 86 92 00      C  DB 044h,004h,089h,086h,092h,000h,08bh,0c6h
       8B C6
 2A58  2D 01 28 B9 06 00      C  DB 02dh,001h,028h,0b9h,006h,000h,0f7h,0e1h
       F7 E1
 2A60  B9 06 00 33 D2 F7      C  DB 0b9h,006h,000h,033h,0d2h,0f7h,0f1h,08bh
       F1 8B
 2A68  F0 81 C6 27 28 8B      C  DB 0f0h,081h,0c6h,027h,028h,08bh,074h,004h
       74 04
 2A70  2E 8B 04 89 86 1C      C  DB 02eh,08bh,004h,089h,086h,01ch,001h,02eh
       01 2E
 2A78  8B 44 02 89 86 1E      C  DB 08bh,044h,002h,089h,086h,01eh,001h,02eh
       01 2E
 2A80  8B 44 04 89 86 20      C  DB 08bh,044h,004h,089h,086h,020h,001h,02eh
       01 2E
 2A88  8B 44 06 89 86 22      C  DB 08bh,044h,006h,089h,086h,022h,001h,058h
       01 58
 2A90  88 86 8D 00 F9 C3      C  DB 088h,086h,08dh,000h,0f9h,0c3h,058h,0f8h
       58 F8
 2A98  C3 80 BE 8D 00 01      C  DB 0c3h,080h,0beh,08dh,000h,001h,074h,018h
       74 18
 2AA0  53 8B 9E 27 01 E8      C  DB 053h,08bh,09eh,027h,001h,0e8h,040h,00ah
       40 0A
 2AA8  E8 AF 0D 3B 9E 84      C  DB 0e8h,0afh,00dh,03bh,09eh,084h,000h,074h
       00 74
 2AB0  03 E8 C7 0D E8 49      C  DB 003h,0e8h,0c7h,00dh,0e8h,049h,00ah,05bh
       0A 5B
 2AB8  C3 80 BE 8D 00 01      C  DB 0c3h,080h,0beh,08dh,000h,001h,074h,015h
       74 15
 2AC0  3D 00 3B 75 36 C6      C  DB 03dh,000h,03bh,075h,036h,0c6h,086h,02ah
       86 2A
 2AC8  01 01 E8 2F 00 C6      C  DB 001h,001h,0e8h,02fh,000h,0c6h,086h,02ah
       86 2A
 2AD0  01 00 E8 C6 09 C3      C  DB 001h,000h,0e8h,0c6h,009h,0c3h,080h,0beh
       80 BE
 2AD8  8D 00 01 75 1E C6      C  DB 08dh,000h,001h,075h,01eh,0c6h,086h,02ah
       86 2A
 2AE0  01 00 C7 86 81 00      C  DB 001h,000h,0c7h,086h,081h,000h,001h,016h
       01 16
 2AE8  B0 20 B9 4E 00 E8      C  DB 0b0h,020h,0b9h,04eh,000h,0e8h,0d3h,00dh
       D3 0D
 2AF0  E2 FB E8 54 0D 8B      C  DB 0e2h,0fbh,0e8h,054h,00dh,08bh,077h,017h
       77 17
 2AF8  E8 9B 0B C3 8B 77      C  DB 0e8h,09bh,00bh,0c3h,08bh,077h,017h,080h
       17 80
 2B00  3C 00 75 03 E9 85      C  DB 03ch,000h,075h,003h,0e9h,085h,000h,056h
       00 56
 2B08  E8 60 0D BE 01 49      C  DB 0e8h,060h,00dh,0beh,001h,049h,0e8h,085h
       E8 85
 2B10  0B 5E E8 56 0D C6      C  DB 00bh,05eh,0e8h,056h,00dh,0c6h,086h,0b1h
       86 B1
 2B18  00 16 C7 86 81 00      C  DB 000h,016h,0c7h,086h,081h,000h,016h,009h
       16 09
 2B20  56 E8 72 0B 5E 81      C  DB 056h,0e8h,072h,00bh,05eh,081h,0feh,0fdh
       FE FD
 2B28  50 75 48 BE 8D 2B      C  DB 050h,075h,048h,0beh,08dh,02bh,0e8h,065h
       E8 65
 2B30  0B 8B 57 0D 52 E8      C  DB 00bh,08bh,057h,00dh,052h,0e8h,089h,00ah
       89 0A
 2B38  72 30 E8 2E 0D E8      C  DB 072h,030h,0e8h,02eh,00dh,0e8h,05ah,00ah
       5A 0A
 2B40  E8 53 0B E8 03 0D      C  DB 0e8h,053h,00bh,0e8h,003h,00dh,0e8h,0dah
       E8 DA
 2B48  07 58 50 BE BA 2B      C  DB 007h,058h,050h,0beh,0bah,02bh,0e8h,0efh
       E8 EF
 2B50  07 3B C2 75 05 50      C  DB 007h,03bh,0c2h,075h,005h,050h,0e8h,03dh
       E8 3D
 2B58  0B 58 BE AF 2B E8      C  DB 00bh,058h,0beh,0afh,02bh,0e8h,09bh,008h
       9B 08
 2B60  3B C2 75 03 E8 2F      C  DB 03bh,0c2h,075h,003h,0e8h,02fh,00bh,0e8h
       0B E8
 2B68  28 0D 5A 3B 57 0F      C  DB 028h,00dh,05ah,03bh,057h,00fh,073h,003h
       73 03
 2B70  42 EB C1 E8 B4 06      C  DB 042h,0ebh,0c1h,0e8h,0b4h,006h,03dh,000h
       3D 00
 2B78  3B 74 05 3D 1B 01      C  DB 03bh,074h,005h,03dh,01bh,001h,075h,0f3h
       75 F3
 2B80  BE 29 49 E8 10 0B      C  DB 0beh,029h,049h,0e8h,010h,00bh,0c7h,086h
       C7 86
 2B88  A0 00 00 00 C3 0C      C  DB 0a0h,000h,000h,000h,0c3h,00ch,017h,044h
       17 44
 2B90  65 66 61 75 6C 74      C  DB 065h,066h,061h,075h,06ch,074h,020h,054h
       20 54
 2B98  79 70 65 0B 0C 16      C  DB 079h,070h,065h,00bh,00ch,016h,0c4h,0c4h
       C4 C4
 2BA0  C4 C4 C4 C4 C4 C4      C  DB 0c4h,0c4h,0c4h,0c4h,0c4h,0c4h,0c4h,0c4h
       C4 C4
 2BA8  C4 C4 C4 C4 C4 0B      C  DB 0c4h,0c4h,0c4h,0c4h,0c4h,00bh,000h,005h
       00 05
 2BB0  34 FF 3C 53 65 74      C  DB 034h,0ffh,03ch,053h,065h,074h,075h,070h
       75 70
 2BB8  3E 00 05 2D FF 3C      C  DB 03eh,000h,005h,02dh,0ffh,03ch,042h,049h
       42 49
 2BC0  4F 53 3E 00 51 56      C  DB 04fh,053h,03eh,000h,051h,056h,0b0h,04eh
       B0 4E
 2BC8  B4 59 72 02 86 E0      C  DB 0b4h,059h,072h,002h,086h,0e0h,088h,086h
       88 86
 2BD0  A2 00 88 A6 A3 00      C  DB 0a2h,000h,088h,0a6h,0a3h,000h,005h,020h
       05 20
 2BD8  20 88 86 A4 00 88      C  DB 020h,088h,086h,0a4h,000h,088h,0a6h,0a5h
       A6 A5
 2BE0  00 B9 04 00 E8 03      C  DB 000h,0b9h,004h,000h,0e8h,003h,000h,05eh
       00 5E
 2BE8  59 C3 52 51 BE A2      C  DB 059h,0c3h,052h,051h,0beh,0a2h,000h,080h
       00 80
 2BF0  8E 80 00 80 8A 02      C  DB 08eh,080h,000h,080h,08ah,002h,056h,0e8h
       56 E8
 2BF8  C9 0C 5E FE 8E 81      C  DB 0c9h,00ch,05eh,0feh,08eh,081h,000h,056h
       00 56
 2C00  E8 27 06 5E 3D 0D      C  DB 0e8h,027h,006h,05eh,03dh,00dh,01ch,0b6h
       1C B6
 2C08  01 74 19 3D 1B 01      C  DB 001h,074h,019h,03dh,01bh,001h,0b6h,002h
       B6 02
 2C10  74 12 59 51 8B D6      C  DB 074h,012h,059h,051h,08bh,0d6h,0beh,0a2h
       BE A2
 2C18  00 3A 02 74 D2 46      C  DB 000h,03ah,002h,074h,0d2h,046h,0e2h,0f9h
       E2 F9
 2C20  8B F2 EB DB 81 EE      C  DB 08bh,0f2h,0ebh,0dbh,081h,0eeh,0a2h,000h
       A2 00
 2C28  80 BA A2 00 59 74      C  DB 080h,0bah,0a2h,000h,059h,074h,008h,080h
       08 80
 2C30  BA A2 00 79 74 01      C  DB 0bah,0a2h,000h,079h,074h,001h,0f9h,0feh
       F9 FE
 2C38  CE 59 5A C3 50 3D      C  DB 0ceh,059h,05ah,0c3h,050h,03dh,000h,03ch
       00 3C
 2C40  75 06 80 46 3B 10      C  DB 075h,006h,080h,046h,03bh,010h,0ebh,009h
       EB 09
 2C48  3D 00 55 75 0D 80      C  DB 03dh,000h,055h,075h,00dh,080h,06eh,03bh
       6E 3B
 2C50  10 8A 46 3B E8 05      C  DB 010h,08ah,046h,03bh,0e8h,005h,000h,0e8h
       00 E8
 2C58  2A 08 58 C3 F6 86      C  DB 02ah,008h,058h,0c3h,0f6h,086h,09eh,000h
       9E 00
 2C60  01 75 0F B9 4B 28      C  DB 001h,075h,00fh,0b9h,04bh,028h,0a8h,010h
       A8 10
 2C68  B8 00 00 74 03 B8      C  DB 0b8h,000h,000h,074h,003h,0b8h,004h,000h
       04 00
 2C70  EB 0A C0 E8 04 B1      C  DB 0ebh,00ah,0c0h,0e8h,004h,0b1h,004h,0f6h
       04 F6
 2C78  E1 B9 53 28 03 C1      C  DB 0e1h,0b9h,053h,028h,003h,0c1h,089h,086h
       89 86
 2C80  2B 01 C3 B4 0F CD      C  DB 02bh,001h,0c3h,0b4h,00fh,0cdh,010h,032h
       10 32
 2C88  E4 C7 86 2B 01 4B      C  DB 0e4h,0c7h,086h,02bh,001h,04bh,028h,0f6h
       28 F6
 2C90  46 14 30 3C 07 74      C  DB 046h,014h,030h,03ch,007h,074h,008h,0b4h
       08 B4
 2C98  01 C7 86 2B 01 53      C  DB 001h,0c7h,086h,02bh,001h,053h,028h,088h
       28 88
 2CA0  A6 9E 00 C3 0E 1F      C  DB 0a6h,09eh,000h,0c3h,00eh,01fh,08ah,086h
       8A 86
 2CA8  8D 00 50 BE 54 5E      C  DB 08dh,000h,050h,0beh,054h,05eh,0ach,00ah
       AC 0A
 2CB0  C0 75 03 EB 74 90      C  DB 0c0h,075h,003h,0ebh,074h,090h,08ah,0c8h
       8A C8
 2CB8  AC 8A E8 AC 8A D0      C  DB 0ach,08ah,0e8h,0ach,08ah,0d0h,032h,0f6h
       32 F6
 2CC0  56 33 DB 32 E4 8B      C  DB 056h,033h,0dbh,032h,0e4h,08bh,0f1h,081h
       F1 81
 2CC8  E6 FF 00 8A 02 03      C  DB 0e6h,0ffh,000h,08ah,002h,003h,0d8h,046h
       D8 46
 2CD0  FE C1 3A CD 76 F5      C  DB 0feh,0c1h,03ah,0cdh,076h,0f5h,08bh,0f2h
       8B F2
 2CD8  0B FF 74 45 38 3A      C  DB 00bh,0ffh,074h,045h,038h,03ah,075h,005h
       75 05
 2CE0  38 5A 01 74 41 60      C  DB 038h,05ah,001h,074h,041h,060h,0bfh,015h
       BF 15
 2CE8  00 B1 02 E8 15 01      C  DB 000h,0b1h,002h,0e8h,015h,001h,0e8h,0c3h
       E8 C3
 2CF0  00 61 80 4E 0E 60      C  DB 000h,061h,080h,04eh,00eh,060h,080h,066h
       80 66
 2CF8  14 3D 80 66 11 FD      C  DB 014h,03dh,080h,066h,011h,0fdh,080h,066h
       80 66
 2D00  3B 0F 2E A0 AA FE      C  DB 03bh,00fh,02eh,0a0h,0aah,0feh,0c0h,0e0h
       C0 E0
 2D08  04 08 46 3B F6 46      C  DB 004h,008h,046h,03bh,0f6h,046h,010h,0ffh
       10 FF
 2D10  74 04 80 4E 14 01      C  DB 074h,004h,080h,04eh,014h,001h,0c6h,046h
       C6 46
 2D18  32 13 C6 46 09 5F      C  DB 032h,013h,0c6h,046h,009h,05fh,05eh,0ebh
       5E EB
 2D20  08 88 3A 88 5A 01      C  DB 008h,088h,03ah,088h,05ah,001h,05eh,0ebh
       5E EB
 2D28  85 58 88 86 8D 00      C  DB 085h,058h,088h,086h,08dh,000h,0c3h,0f6h
       C3 F6
 2D30  46 0E 40 74 12 C6      C  DB 046h,00eh,040h,074h,012h,0c6h,086h,024h
       86 24
 2D38  01 03 BF 15 00 B0      C  DB 001h,003h,0bfh,015h,000h,0b0h,004h,00eh
       04 0E
 2D40  1F E8 E5 FC E8 E6      C  DB 01fh,0e8h,0e5h,0fch,0e8h,0e6h,000h,0c3h
       00 C3
 2D48  8A 66 32 E8 CB 04      C  DB 08ah,066h,032h,0e8h,0cbh,004h,088h,066h
       88 66
 2D50  32 80 7E 19 31 75      C  DB 032h,080h,07eh,019h,031h,075h,004h,0c6h
       04 C6
 2D58  46 19 2E 80 7E 1A      C  DB 046h,019h,02eh,080h,07eh,01ah,030h,075h
       30 75
 2D60  04 C6 46 1A 2E 80      C  DB 004h,0c6h,046h,01ah,02eh,080h,07eh,067h
       7E 67
 2D68  33 75 04 C6 46 67      C  DB 033h,075h,004h,0c6h,046h,067h,02eh,080h
       2E 80
 2D70  7E 70 32 75 04 C6      C  DB 07eh,070h,032h,075h,004h,0c6h,046h,070h
       46 70
 2D78  2E 33 FF E8 26 FF      C  DB 02eh,033h,0ffh,0e8h,026h,0ffh,0bfh,054h
       BF 54
 2D80  5E B5 10 B1 3F E8      C  DB 05eh,0b5h,010h,0b1h,03fh,0e8h,017h,000h
       17 00
 2D88  8A 6D 02 8A CD FE      C  DB 08ah,06dh,002h,08ah,0cdh,0feh,0c1h,0e8h
       C1 E8
 2D90  0D 00 83 C7 03 8A      C  DB 00dh,000h,083h,0c7h,003h,08ah,02dh,08ah
       2D 8A
 2D98  4D 01 0A ED 75 E7      C  DB 04dh,001h,00ah,0edh,075h,0e7h,0c3h,08bh
       C3 8B
 2DA0  F1 81 E6 FF 00 8A      C  DB 0f1h,081h,0e6h,0ffh,000h,08ah,0c1h,08ah
       C1 8A
 2DA8  22 E8 EF BB 4E FE      C  DB 022h,0e8h,0efh,0bbh,04eh,0feh,0c9h,03ah
       C9 3A
 2DB0  CD 73 F2 C3 BF 1E      C  DB 0cdh,073h,0f2h,0c3h,0bfh,01eh,000h,0e8h
       00 E8
 2DB8  3F 00 BF 26 00 E8      C  DB 03fh,000h,0bfh,026h,000h,0e8h,039h,000h
       39 00
 2DC0  BF 71 00 E8 33 00      C  DB 0bfh,071h,000h,0e8h,033h,000h,0bfh,068h
       BF 68
 2DC8  00 E8 2D 00 B0 F0      C  DB 000h,0e8h,02dh,000h,0b0h,0f0h,080h,07eh
       80 7E
 2DD0  19 10 73 0E 8A 4E      C  DB 019h,010h,073h,00eh,08ah,04eh,019h,0c0h
       19 C0
 2DD8  E1 04 24 0F 0A C1      C  DB 0e1h,004h,024h,00fh,00ah,0c1h,0c6h,046h
       C6 46
 2DE0  19 00 0C 0F 80 7E      C  DB 019h,000h,00ch,00fh,080h,07eh,01ah,010h
       1A 10
 2DE8  73 0B 8A 4E 1A 24      C  DB 073h,00bh,08ah,04eh,01ah,024h,0f0h,00ah
       F0 0A
 2DF0  C1 C6 46 1A 00 88      C  DB 0c1h,0c6h,046h,01ah,000h,088h,046h,012h
       46 12
 2DF8  C3 B9 08 00 C6 03      C  DB 0c3h,0b9h,008h,000h,0c6h,003h,000h,047h
       00 47
 2E00  E2 FA C3 C6 86 24      C  DB 0e2h,0fah,0c3h,0c6h,086h,024h,001h,003h
       01 03
 2E08  51 80 E1 7F 8A C1      C  DB 051h,080h,0e1h,07fh,08ah,0c1h,0e8h,018h
       E8 18
 2E10  FC 73 05 59 51 E8      C  DB 0fch,073h,005h,059h,051h,0e8h,015h,000h
       15 00
 2E18  59 FE C1 8A C1 80      C  DB 059h,0feh,0c1h,08ah,0c1h,080h,0e1h,07fh
       E1 7F
 2E20  80 F9 06 8A C8 76      C  DB 080h,0f9h,006h,08ah,0c8h,076h,0e1h,0c6h
       E1 C6
 2E28  86 24 01 00 C3 53      C  DB 086h,024h,001h,000h,0c3h,053h,08bh,09eh
       8B 9E
 2E30  8E 00 51 F6 C1 80      C  DB 08eh,000h,051h,0f6h,0c1h,080h,075h,006h
       75 06
 2E38  F7 07 48 80 75 42      C  DB 0f7h,007h,048h,080h,075h,042h,083h,0ffh
       83 FF
 2E40  FF 75 2F E8 DD 04      C  DB 0ffh,075h,02fh,0e8h,0ddh,004h,033h,0d2h
       33 D2
 2E48  8A 47 08 8A E0 E8      C  DB 08ah,047h,008h,08ah,0e0h,0e8h,03ah,0bbh
       3A BB
 2E50  8A D0 F7 47 09 00      C  DB 08ah,0d0h,0f7h,047h,009h,000h,0ffh,074h
       FF 74
 2E58  09 8A C4 FE C0 E8      C  DB 009h,08ah,0c4h,0feh,0c0h,0e8h,02ah,0bbh
       2A BB
 2E60  8A F0 23 57 09 D3      C  DB 08ah,0f0h,023h,057h,009h,0d3h,0eah,0f6h
       EA F6
 2E68  46 0E 40 74 10 E8      C  DB 046h,00eh,040h,074h,010h,0e8h,08bh,005h
       8B 05
 2E70  EB 0B E8 86 05 83      C  DB 0ebh,00bh,0e8h,086h,005h,083h,0ffh,015h
       FF 15
 2E78  74 03 E8 C3 04 E8      C  DB 074h,003h,0e8h,0c3h,004h,0e8h,071h,004h
       71 04
 2E80  83 C3 19 3B 9E 90      C  DB 083h,0c3h,019h,03bh,09eh,090h,000h,059h
       00 59
 2E88  72 A8 5B C3 B9 80      C  DB 072h,0a8h,05bh,0c3h,0b9h,080h,000h,0beh
       00 BE
 2E90  00 00 8B C6 E8 F3      C  DB 000h,000h,08bh,0c6h,0e8h,0f3h,0bah,088h
       BA 88
 2E98  02 46 E2 F6 E8 39      C  DB 002h,046h,0e2h,0f6h,0e8h,039h,028h,0e8h
       28 E8
 2EA0  33 00 BF 01 00 E8      C  DB 033h,000h,0bfh,001h,000h,0e8h,0fch,0fdh
       FC FD
 2EA8  E8 01 00 C3 80 7E      C  DB 0e8h,001h,000h,0c3h,080h,07eh,019h,02eh
       19 2E
 2EB0  75 04 C6 46 19 31      C  DB 075h,004h,0c6h,046h,019h,031h,080h,07eh
       80 7E
 2EB8  1A 2E 75 04 C6 46      C  DB 01ah,02eh,075h,004h,0c6h,046h,01ah,030h
       1A 30
 2EC0  80 7E 67 2E 75 04      C  DB 080h,07eh,067h,02eh,075h,004h,0c6h,046h
       C6 46
 2EC8  67 33 80 7E 70 2E      C  DB 067h,033h,080h,07eh,070h,02eh,075h,004h
       75 04
 2ED0  C6 46 70 32 C3 56      C  DB 0c6h,046h,070h,032h,0c3h,056h,0beh,000h
       BE 00
 2ED8  00 B9 0A 00 8B C6      C  DB 000h,0b9h,00ah,000h,08bh,0c6h,0e8h,0a9h
       E8 A9
 2EE0  BA E8 1F 03 83 FE      C  DB 0bah,0e8h,01fh,003h,083h,0feh,000h,075h
       00 75
 2EE8  06 81 FB 1E 4A 74      C  DB 006h,081h,0fbh,01eh,04ah,074h,002h,088h
       02 88
 2EF0  02 46 E2 E8 BE 32      C  DB 002h,046h,0e2h,0e8h,0beh,032h,000h,08bh
       00 8B
 2EF8  C6 E8 8E BA E8 04      C  DB 0c6h,0e8h,08eh,0bah,0e8h,004h,003h,088h
       03 88
 2F00  02 5E C3 BE 10 2F      C  DB 002h,05eh,0c3h,0beh,010h,02fh,0bfh,0ffh
       BF FF
 2F08  FF B8 00 3F E8 B0      C  DB 0ffh,0b8h,000h,03fh,0e8h,0b0h,000h,0c3h
       00 C3
 2F10  07 02 12 0B 3D 0F      C  DB 007h,002h,012h,00bh,03dh,00fh,002h,005h
       02 05
 2F18  14 0D 20 4C 6F 61      C  DB 014h,00dh,020h,04ch,06fh,061h,064h,020h
       64 20
 2F20  4F 6C 64 20 56 61      C  DB 04fh,06ch,064h,020h,056h,061h,06ch,075h
       6C 75
 2F28  65 73 20 66 6F 72      C  DB 065h,073h,020h,066h,06fh,072h,020h,074h
       20 74
 2F30  68 69 73 20 70 61      C  DB 068h,069h,073h,020h,070h,061h,067h,065h
       67 65
 2F38  28 59 2F 4E 29 20      C  DB 028h,059h,02fh,04eh,029h,020h,03fh,020h
       3F 20
 2F40  00 BE 4E 2F BF 13      C  DB 000h,0beh,04eh,02fh,0bfh,013h,000h,0b8h
       00 B8
 2F48  00 40 E8 72 00 C3      C  DB 000h,040h,0e8h,072h,000h,0c3h,007h,002h
       07 02
 2F50  12 0B 3D 0F 02 05      C  DB 012h,00bh,03dh,00fh,002h,005h,014h,00dh
       14 0D
 2F58  4C 6F 61 64 20 42      C  DB 04ch,06fh,061h,064h,020h,042h,049h,04fh
       49 4F
 2F60  53 20 44 65 66 61      C  DB 053h,020h,044h,065h,066h,061h,075h,06ch
       75 6C
 2F68  74 20 66 6F 72 20      C  DB 074h,020h,066h,06fh,072h,020h,074h,068h
       74 68
 2F70  69 73 20 70 61 67      C  DB 069h,073h,020h,070h,061h,067h,065h,020h
       65 20
 2F78  28 59 2F 4E 29 3F      C  DB 028h,059h,02fh,04eh,029h,03fh,020h,000h
       20 00
 2F80  BE 8D 2F BF 15 00      C  DB 0beh,08dh,02fh,0bfh,015h,000h,0b8h,000h
       B8 00
 2F88  41 E8 33 00 C3 07      C  DB 041h,0e8h,033h,000h,0c3h,007h,002h,012h
       02 12
 2F90  0B 3D 0F 02 05 14      C  DB 00bh,03dh,00fh,002h,005h,014h,00dh,04ch
       0D 4C
 2F98  6F 61 64 20 53 45      C  DB 06fh,061h,064h,020h,053h,045h,054h,055h
       54 55
 2FA0  50 20 44 65 66 61      C  DB 050h,020h,044h,065h,066h,061h,075h,06ch
       75 6C
 2FA8  74 20 66 6F 72 20      C  DB 074h,020h,066h,06fh,072h,020h,074h,068h
       74 68
 2FB0  69 73 20 70 61 67      C  DB 069h,073h,020h,070h,061h,067h,065h,028h
       65 28
 2FB8  59 2F 4E 29 3F 20      C  DB 059h,02fh,04eh,029h,03fh,020h,000h,080h
       00 80
 2FC0  BE 8D 00 01 74 2A      C  DB 0beh,08dh,000h,001h,074h,02ah,080h,0beh
       80 BE
 2FC8  8D 00 02 74 23 3B      C  DB 08dh,000h,002h,074h,023h,03bh,086h,0a0h
       86 A0
 2FD0  00 75 1D E8 C0 06      C  DB 000h,075h,01dh,0e8h,0c0h,006h,0f9h,0e8h
       F9 E8
 2FD8  EA FB C7 86 A0 00      C  DB 0eah,0fbh,0c7h,086h,0a0h,000h,000h,000h
       00 00
 2FE0  75 05 72 03 E8 46      C  DB 075h,005h,072h,003h,0e8h,046h,0feh,0beh
       FE BE
 2FE8  DB 44 E8 A9 06 E8      C  DB 0dbh,044h,0e8h,0a9h,006h,0e8h,0abh,004h
       AB 04
 2FF0  51 B9 0C 80 E8 7E      C  DB 051h,0b9h,00ch,080h,0e8h,07eh,009h,059h
       09 59
 2FF8  74 06 C7 86 A0 00      C  DB 074h,006h,0c7h,086h,0a0h,000h,000h,050h
       00 50
 3000  8B 86 A0 00 C3 8B      C  DB 08bh,086h,0a0h,000h,0c3h,08bh,09eh,084h
       9E 84
 3008  00 80 BE 8D 00 01      C  DB 000h,080h,0beh,08dh,000h,001h,074h,03dh
       74 3D
 3010  B0 AA E8 8F 0B 73      C  DB 0b0h,0aah,0e8h,08fh,00bh,073h,001h,0c3h
       01 C3
 3018  8B 9E 84 00 8B 86      C  DB 08bh,09eh,084h,000h,08bh,086h,0a0h,000h
       A0 00
 3020  50 E8 FF 02 58 3D      C  DB 050h,0e8h,0ffh,002h,058h,03dh,02bh,04eh
       2B 4E
 3028  74 14 3D 00 51 74      C  DB 074h,014h,03dh,000h,051h,074h,00fh,03dh
       0F 3D
 3030  2D 4A 74 05 3D 00      C  DB 02dh,04ah,074h,005h,03dh,000h,049h,075h
       49 75
 3038  0B E8 29 00 EB 03      C  DB 00bh,0e8h,029h,000h,0ebh,003h,0e8h,00dh
       E8 0D
 3040  00 E8 AD 02 B0 55      C  DB 000h,0e8h,0adh,002h,0b0h,055h,0e8h,05bh
       E8 5B
 3048  0B 8B 86 A0 00 C3      C  DB 00bh,08bh,086h,0a0h,000h,0c3h,057h,0b9h
       57 B9
 3050  01 00 BE 0D 00 03      C  DB 001h,000h,0beh,00dh,000h,003h,0d1h,0e8h
       D1 E8
 3058  59 05 73 02 8B 10      C  DB 059h,005h,073h,002h,08bh,010h,0e8h,060h
       E8 60
 3060  05 72 F2 5F C3 57      C  DB 005h,072h,0f2h,05fh,0c3h,057h,0b9h,0ffh
       B9 FF
 3068  FF BE 0F 00 EB E7      C  DB 0ffh,0beh,00fh,000h,0ebh,0e7h,08bh,09eh
       8B 9E
 3070  27 01 8B 86 A0 00      C  DB 027h,001h,08bh,086h,0a0h,000h,0e8h,0e8h
       E8 E8
 3078  01 75 01 C3 51 B9      C  DB 001h,075h,001h,0c3h,051h,0b9h,000h,001h
       00 01
 3080  E8 F2 08 59 75 01      C  DB 0e8h,0f2h,008h,059h,075h,001h,0c3h,060h
       C3 60
 3088  B2 04 51 B9 00 04      C  DB 0b2h,004h,051h,0b9h,000h,004h,0e8h,0e4h
       E8 E4
 3090  08 59 74 03 80 CA      C  DB 008h,059h,074h,003h,080h,0cah,008h,0e8h
       08 E8
 3098  DF 00 73 02 EB 5C      C  DB 0dfh,000h,073h,002h,0ebh,05ch,0b0h,0aah
       B0 AA
 30A0  E8 01 0B 73 02 EB      C  DB 0e8h,001h,00bh,073h,002h,0ebh,053h,08bh
       53 8B
 30A8  9E 27 01 E8 88 08      C  DB 09eh,027h,001h,0e8h,088h,008h,025h,000h
       25 00
 30B0  18 B9 02 00 3D 00      C  DB 018h,0b9h,002h,000h,03dh,000h,000h,074h
       00 74
 30B8  13 B9 03 00 3D 00      C  DB 013h,0b9h,003h,000h,03dh,000h,008h,074h
       08 74
 30C0  0B B9 04 00 3D 00      C  DB 00bh,0b9h,004h,000h,03dh,000h,010h,074h
       10 74
 30C8  03 B9 05 00 E8 9C      C  DB 003h,0b9h,005h,000h,0e8h,09ch,007h,08ah
       07 8A
 30D0  47 11 88 86 81 00      C  DB 047h,011h,088h,086h,081h,000h,08ah,047h
       8A 47
 30D8  12 88 86 82 00 8B      C  DB 012h,088h,086h,082h,000h,08bh,077h,002h
       77 02
 30E0  E8 B3 05 E8 16 00      C  DB 0e8h,0b3h,005h,0e8h,016h,000h,080h,0beh
       80 BE
 30E8  A2 00 00 74 08 E8      C  DB 0a2h,000h,000h,074h,008h,0e8h,0ceh,000h
       CE 00
 30F0  8B D0 E8 FC 01 B0      C  DB 08bh,0d0h,0e8h,0fch,001h,0b0h,055h,0e8h
       55 E8
 30F8  AA 0A 61 C3 51 32      C  DB 0aah,00ah,061h,0c3h,051h,032h,0edh,0e8h
       ED E8
 3100  58 07 FF B6 81 00      C  DB 058h,007h,0ffh,0b6h,081h,000h,0b0h,020h
       B0 20
 3108  E8 B8 07 E2 F9 8F      C  DB 0e8h,0b8h,007h,0e2h,0f9h,08fh,086h,081h
       86 81
 3110  00 59 8A E9 BF A2      C  DB 000h,059h,08ah,0e9h,0bfh,0a2h,000h,08bh
       00 8B
 3118  86 A0 00 E8 3C 07      C  DB 086h,0a0h,000h,0e8h,03ch,007h,0e8h,058h
       E8 58
 3120  00 72 11 50 F6 C2      C  DB 000h,072h,011h,050h,0f6h,0c2h,080h,074h
       80 74
 3128  02 B0 2A E8 95 07      C  DB 002h,0b0h,02ah,0e8h,095h,007h,058h,088h
       58 88
 3130  03 47 FE C9 E8 F3      C  DB 003h,047h,0feh,0c9h,0e8h,0f3h,000h,09ch
       00 9C
 3138  81 BE A0 00 1B 01      C  DB 081h,0beh,0a0h,000h,01bh,001h,074h,031h
       74 31
 3140  9D 74 29 3D 08 0E      C  DB 09dh,074h,029h,03dh,008h,00eh,075h,01dh
       75 1D
 3148  3A CD 74 E8 C7 03      C  DB 03ah,0cdh,074h,0e8h,0c7h,003h,000h,000h
       00 00
 3150  4F FE 8E 81 00 B0      C  DB 04fh,0feh,08eh,081h,000h,0b0h,020h,0e8h
       20 E8
 3158  00 07 E8 66 07 FE      C  DB 000h,007h,0e8h,066h,007h,0feh,08eh,081h
       8E 81
 3160  00 FE C1 EB CF 80      C  DB 000h,0feh,0c1h,0ebh,0cfh,080h,0f9h,000h
       F9 00
 3168  75 B1 EB C8 C6 03      C  DB 075h,0b1h,0ebh,0c8h,0c6h,003h,000h,0f8h
       00 F8
 3170  C3 9D C6 86 A2 00      C  DB 0c3h,09dh,0c6h,086h,0a2h,000h,000h,0f8h
       00 F8
 3178  C3 51 56 BE A0 31      C  DB 0c3h,051h,056h,0beh,0a0h,031h,0b9h,00ah
       B9 0A
 3180  00 90 2E 3A 04 72      C  DB 000h,090h,02eh,03ah,004h,072h,00ch,02eh
       0C 2E
 3188  3A 44 01 77 06 2E      C  DB 03ah,044h,001h,077h,006h,02eh,084h,054h
       84 54
 3190  02 75 09 83 C6 03      C  DB 002h,075h,009h,083h,0c6h,003h,0e2h,0eah
       E2 EA
 3198  5E 59 F9 C3 5E 59      C  DB 05eh,059h,0f9h,0c3h,05eh,059h,0f8h,0c3h
       F8 C3
 31A0  30 39 04 5F 5F 03      C  DB 030h,039h,004h,05fh,05fh,003h,041h,05ah
       41 5A
 31A8  01 61 7A 02 41 46      C  DB 001h,061h,07ah,002h,041h,046h,008h,061h
       08 61
 31B0  66 08 20 2F 10 3A      C  DB 066h,008h,020h,02fh,010h,03ah,040h,010h
       40 10
 31B8  5B 60 10 7B 7F 10      C  DB 05bh,060h,010h,07bh,07fh,010h,056h,057h
       56 57
 31C0  53 51 52 BF A2 00      C  DB 053h,051h,052h,0bfh,0a2h,000h,08ah,0cdh
       8A CD
 31C8  32 ED 33 F6 80 3B      C  DB 032h,0edh,033h,0f6h,080h,03bh,000h,074h
       00 74
 31D0  2A 8A 03 24 0F F6      C  DB 02ah,08ah,003h,024h,00fh,0f6h,003h,010h
       03 10
 31D8  75 02 04 09 32 E4      C  DB 075h,002h,004h,009h,032h,0e4h,050h,08bh
       50 8B
 31E0  C6 BA 0A 00 51 B9      C  DB 0c6h,0bah,00ah,000h,051h,0b9h,000h,004h
       00 04
 31E8  E8 8A 07 59 74 03      C  DB 0e8h,08ah,007h,059h,074h,003h,0bah,010h
       BA 10
 31F0  00 F7 E2 5A 03 C2      C  DB 000h,0f7h,0e2h,05ah,003h,0c2h,08bh,0f0h
       8B F0
 31F8  47 E2 D1 8B C6 5A      C  DB 047h,0e2h,0d1h,08bh,0c6h,05ah,059h,05bh
       59 5B
 3200  5F 5E C3 53 51 8A      C  DB 05fh,05eh,0c3h,053h,051h,08ah,0d8h,080h
       D8 80
 3208  E3 0F 32 E4 B1 04      C  DB 0e3h,00fh,032h,0e4h,0b1h,004h,0d2h,0e8h
       D2 E8
 3210  B1 0A F6 E1 02 C3      C  DB 0b1h,00ah,0f6h,0e1h,002h,0c3h,059h,05bh
       59 5B
 3218  C3 51 86 E0 32 E4      C  DB 0c3h,051h,086h,0e0h,032h,0e4h,0b1h,00ah
       B1 0A
 3220  F6 F9 B1 04 D2 E0      C  DB 0f6h,0f9h,0b1h,004h,0d2h,0e0h,00ah,0e0h
       0A E0
 3228  59 C3 51 E8 BA F4      C  DB 059h,0c3h,051h,0e8h,0bah,0f4h,0b9h,0c8h
       B9 C8
 3230  00 B4 01 CD 16 75      C  DB 000h,0b4h,001h,0cdh,016h,075h,007h,0e2h
       07 E2
 3238  F8 E8 59 00 EB F0      C  DB 0f8h,0e8h,059h,000h,0ebh,0f0h,0b4h,010h
       B4 10
 3240  CD 16 80 FC 53 75      C  DB 0cdh,016h,080h,0fch,053h,075h,004h,032h
       04 32
 3248  C0 EB 11 3D 4C 00      C  DB 0c0h,0ebh,011h,03dh,04ch,000h,074h,00ch
       74 0C
 3250  51 8B C8 B4 05 CD      C  DB 051h,08bh,0c8h,0b4h,005h,0cdh,016h,059h
       16 59
 3258  32 E4 CD 16 59 89      C  DB 032h,0e4h,0cdh,016h,059h,089h,086h,0a0h
       86 A0
 3260  00 06 0E 07 51 57      C  DB 000h,006h,00eh,007h,051h,057h,0bfh,073h
       BF 73
 3268  32 B9 11 00 90 F2      C  DB 032h,0b9h,011h,000h,090h,0f2h,0afh,05fh
       AF 5F
 3270  59 07 C3 00 3D 00      C  DB 059h,007h,0c3h,000h,03dh,000h,03fh,000h
       3F 00
 3278  40 00 41 2B 4E 2D      C  DB 040h,000h,041h,02bh,04eh,02dh,04ah,000h
       4A 00
 3280  49 00 51 00 3B 00      C  DB 049h,000h,051h,000h,03bh,000h,048h,000h
       48 00
 3288  50 00 4B 00 4D 1B      C  DB 050h,000h,04bh,000h,04dh,01bh,001h,000h
       01 00
 3290  3C 0D 1C 00 44 60      C  DB 03ch,00dh,01ch,000h,044h,060h,0ffh,0b6h
       FF B6
 3298  81 00 80 BE 8D 00      C  DB 081h,000h,080h,0beh,08dh,000h,002h,075h
       02 75
 32A0  35 BF DC 32 53 57      C  DB 035h,0bfh,0dch,032h,053h,057h,02eh,08bh
       2E 8B
 32A8  1D E8 77 00 B0 0A      C  DB 01dh,0e8h,077h,000h,0b0h,00ah,0e8h,0d9h
       E8 D9
 32B0  B6 A8 80 75 16 2E      C  DB 0b6h,0a8h,080h,075h,016h,02eh,08ah,045h
       8A 45
 32B8  02 E8 CE B6 E8 44      C  DB 002h,0e8h,0ceh,0b6h,0e8h,044h,0ffh,03ah
       FF 3A
 32C0  D0 74 08 8A D0 E8      C  DB 0d0h,074h,008h,08ah,0d0h,0e8h,029h,000h
       29 00
 32C8  E8 EC 01 5F 5B 83      C  DB 0e8h,0ech,001h,05fh,05bh,083h,0c7h,003h
       C7 03
 32D0  81 FF F1 32 72 CE      C  DB 081h,0ffh,0f1h,032h,072h,0ceh,08fh,086h
       8F 86
 32D8  81 00 61 C3 88 49      C  DB 081h,000h,061h,0c3h,088h,049h,032h,0a1h
       32 A1
 32E0  49 09 56 49 08 6F      C  DB 049h,009h,056h,049h,008h,06fh,049h,007h
       49 07
 32E8  EC 49 04 05 4A 02      C  DB 0ech,049h,004h,005h,04ah,002h,01eh,04ah
       1E 4A
 32F0  00 56 51 52 52 E8      C  DB 000h,056h,051h,052h,052h,0e8h,02bh,000h
       2B 00
 32F8  5A 3B 57 0F 77 20      C  DB 05ah,03bh,057h,00fh,077h,020h,03bh,057h
       3B 57
 3300  0D 72 1B D3 E2 8B      C  DB 00dh,072h,01bh,0d3h,0e2h,08bh,04fh,009h
       4F 09
 3308  F7 D1 F7 47 09 00      C  DB 0f7h,0d1h,0f7h,047h,009h,000h,0ffh,075h
       FF 75
 3310  06 20 0A 08 12 EB      C  DB 006h,020h,00ah,008h,012h,0ebh,004h,021h
       04 21
 3318  0A 09 12 F8 EB 01      C  DB 00ah,009h,012h,0f8h,0ebh,001h,0f9h,05ah
       F9 5A
 3320  59 5E C3 50 32 E4      C  DB 059h,05eh,0c3h,050h,032h,0e4h,02eh,08ah
       2E 8A
 3328  47 08 8B F0 8B 12      C  DB 047h,008h,08bh,0f0h,08bh,012h,02eh,08bh
       2E 8B
 3330  47 09 23 D0 B9 FF      C  DB 047h,009h,023h,0d0h,0b9h,0ffh,0ffh,041h
       FF 41
 3338  D1 C8 73 FB D3 EA      C  DB 0d1h,0c8h,073h,0fbh,0d3h,0eah,058h,0c3h
       58 C3
 3340  56 57 50 FF B6 B3      C  DB 056h,057h,050h,0ffh,0b6h,0b3h,000h,0c7h
       00 C7
 3348  86 B3 00 00 40 2E      C  DB 086h,0b3h,000h,000h,040h,02eh,083h,07fh
       83 7F
 3350  06 00 75 05 E8 A4      C  DB 006h,000h,075h,005h,0e8h,0a4h,000h,0ebh
       00 EB
 3358  13 E8 18 00 2E 8B      C  DB 013h,0e8h,018h,000h,02eh,08bh,07fh,009h
       7F 09
 3360  E8 D0 00 50 E8 BC      C  DB 0e8h,0d0h,000h,050h,0e8h,0bch,0ffh,058h
       FF 58
 3368  D3 E8 8B D0 8F 86      C  DB 0d3h,0e8h,08bh,0d0h,08fh,086h,0b3h,000h
       B3 00
 3370  58 5F 5E C3 FF B6      C  DB 058h,05fh,05eh,0c3h,0ffh,0b6h,090h,000h
       90 00
 3378  BE 01 28 83 EE 06      C  DB 0beh,001h,028h,083h,0eeh,006h,083h,0c6h
       83 C6
 3380  06 2E 83 3C FF 74      C  DB 006h,02eh,083h,03ch,0ffh,074h,00bh,02eh
       0B 2E
 3388  3B 1C 72 F2 2E 3B      C  DB 03bh,01ch,072h,0f2h,02eh,03bh,05ch,002h
       5C 02
 3390  73 EC 2E 8B 74 02      C  DB 073h,0ech,02eh,08bh,074h,002h,089h,0b6h
       89 B6
 3398  90 00 33 D2 33 C9      C  DB 090h,000h,033h,0d2h,033h,0c9h,0bfh,0ffh
       BF FF
 33A0  FF 53 2E 8B 77 06      C  DB 0ffh,053h,02eh,08bh,077h,006h,02eh,08bh
       2E 8B
 33A8  47 13 81 BE B3 00      C  DB 047h,013h,081h,0beh,0b3h,000h,000h,040h
       00 40
 33B0  74 1B 8B B6 84 00      C  DB 074h,01bh,08bh,0b6h,084h,000h,02eh,08bh
       2E 8B
 33B8  47 04 2E 3B 44 01      C  DB 047h,004h,02eh,03bh,044h,001h,074h,005h
       74 05
 33C0  83 C6 07 EB F5 2E      C  DB 083h,0c6h,007h,0ebh,0f5h,02eh,08bh,044h
       8B 44
 33C8  05 2E 8B 77 06 23      C  DB 005h,02eh,08bh,077h,006h,023h,0c6h,0e8h
       C6 E8
 33D0  61 00 0B D0 8B C6      C  DB 061h,000h,00bh,0d0h,08bh,0c6h,0e8h,05ah
       E8 5A
 33D8  00 0B C8 F7 D0 23      C  DB 000h,00bh,0c8h,0f7h,0d0h,023h,0f8h,083h
       F8 83
 33E0  C3 19 3B 9E 90 00      C  DB 0c3h,019h,03bh,09eh,090h,000h,073h,007h
       73 07
 33E8  2E F7 07 00 80 75      C  DB 02eh,0f7h,007h,000h,080h,075h,0b3h,08bh
       B3 8B
 33F0  C2 8B F7 F7 D6 5B      C  DB 0c2h,08bh,0f7h,0f7h,0d6h,05bh,08fh,086h
       8F 86
 33F8  90 00 C3 56 57 50      C  DB 090h,000h,0c3h,056h,057h,050h,0f7h,007h
       F7 07
 3400  00 40 74 1E F7 07      C  DB 000h,040h,074h,01eh,0f7h,007h,020h,000h
       20 00
 3408  74 0C 60 E8 7E 59      C  DB 074h,00ch,060h,0e8h,07eh,059h,061h,074h
       61 74
 3410  11 E8 C6 08 EB 19      C  DB 011h,0e8h,0c6h,008h,0ebh,019h,060h,0e8h
       60 E8
 3418  8E 72 61 74 05 E8      C  DB 08eh,072h,061h,074h,005h,0e8h,0e3h,008h
       E3 08
 3420  EB 0D E8 FE FE 2E      C  DB 0ebh,00dh,0e8h,0feh,0feh,02eh,08bh,057h
       8B 57
 3428  15 2E 23 57 09 D3      C  DB 015h,02eh,023h,057h,009h,0d3h,0eah,058h
       EA 58
 3430  5F 5E C3 53 51 52      C  DB 05fh,05eh,0c3h,053h,051h,052h,056h,057h
       56 57
 3438  FF B6 84 00 89 B6      C  DB 0ffh,0b6h,084h,000h,089h,0b6h,084h,000h
       84 00
 3440  33 DB 23 C6 B9 10      C  DB 033h,0dbh,023h,0c6h,0b9h,010h,000h,0f7h
       00 F7
 3448  C7 01 00 74 1D F7      C  DB 0c7h,001h,000h,074h,01dh,0f7h,0c6h,001h
       C6 01
 3450  00 75 0C D1 CE 3B      C  DB 000h,075h,00ch,0d1h,0ceh,03bh,0b6h,084h
       B6 84
 3458  00 74 17 D1 C8 EB      C  DB 000h,074h,017h,0d1h,0c8h,0ebh,0eeh,08bh
       EE 8B
 3460  D0 83 E2 01 0B DA      C  DB 0d0h,083h,0e2h,001h,00bh,0dah,0d1h,0ceh
       D1 CE
 3468  D1 C8 D1 CB D1 CF      C  DB 0d1h,0c8h,0d1h,0cbh,0d1h,0cfh,0e2h,0d7h
       E2 D7
 3470  EB 06 D1 CB D1 CF      C  DB 0ebh,006h,0d1h,0cbh,0d1h,0cfh,0e2h,0fah
       E2 FA
 3478  8B C3 8F 86 84 00      C  DB 08bh,0c3h,08fh,086h,084h,000h,05fh,05eh
       5F 5E
 3480  5A 59 5B C3 53 E8      C  DB 05ah,059h,05bh,0c3h,053h,0e8h,0e3h,003h
       E3 03
 3488  B8 00 06 33 C9 BA      C  DB 0b8h,000h,006h,033h,0c9h,0bah,04fh,019h
       4F 19
 3490  8A BE 80 00 CD 10      C  DB 08ah,0beh,080h,000h,0cdh,010h,05bh,0e8h
       5B E8
 3498  01 00 C3 53 8B B6      C  DB 001h,000h,0c3h,053h,08bh,0b6h,092h,000h
       92 00
 34A0  E8 F3 01 8B 9E 8E      C  DB 0e8h,0f3h,001h,08bh,09eh,08eh,000h,053h
       00 53
 34A8  E8 0C 00 5B 83 C3      C  DB 0e8h,00ch,000h,05bh,083h,0c3h,019h,03bh
       19 3B
 34B0  9E 90 00 75 F2 5B      C  DB 09eh,090h,000h,075h,0f2h,05bh,0c3h,08ah
       C3 8A
 34B8  86 80 00 50 51 B9      C  DB 086h,080h,000h,050h,051h,0b9h,008h,080h
       08 80
 34C0  E8 B2 04 59 75 1C      C  DB 0e8h,0b2h,004h,059h,075h,01ch,0e8h,01fh
       E8 1F
 34C8  00 51 B9 04 00 E8      C  DB 000h,051h,0b9h,004h,000h,0e8h,0a5h,004h
       A5 04
 34D0  59 75 0C E8 73 03      C  DB 059h,075h,00ch,0e8h,073h,003h,03bh,09eh
       3B 9E
 34D8  84 00 75 03 E8 7B      C  DB 084h,000h,075h,003h,0e8h,07bh,003h,0e8h
       03 E8
 34E0  1E 00 58 88 86 80      C  DB 01eh,000h,058h,088h,086h,080h,000h,0c3h
       00 C3
 34E8  8A 47 11 88 86 81      C  DB 08ah,047h,011h,088h,086h,081h,000h,08ah
       00 8A
 34F0  47 12 88 86 82 00      C  DB 047h,012h,088h,086h,082h,000h,0e8h,072h
       E8 72
 34F8  03 8B 77 02 E8 97      C  DB 003h,08bh,077h,002h,0e8h,097h,001h,0c3h
       01 C3
 3500  B0 AA E8 96 06 73      C  DB 0b0h,0aah,0e8h,096h,006h,073h,001h,0c3h
       01 C3
 3508  51 B9 00 02 E8 66      C  DB 051h,0b9h,000h,002h,0e8h,066h,004h,059h
       04 59
 3510  74 52 E8 21 04 A9      C  DB 074h,052h,0e8h,021h,004h,0a9h,000h,004h
       00 04
 3518  74 20 25 00 18 BF      C  DB 074h,020h,025h,000h,018h,0bfh,0f8h,035h
       F8 35
 3520  3D 00 00 74 33 BF      C  DB 03dh,000h,000h,074h,033h,0bfh,0f3h,035h
       F3 35
 3528  3D 00 08 74 2B BF      C  DB 03dh,000h,008h,074h,02bh,0bfh,0eeh,035h
       EE 35
 3530  3D 00 10 74 23 BF      C  DB 03dh,000h,010h,074h,023h,0bfh,0e2h,035h
       E2 35
 3538  EB 1E 25 00 18 BF      C  DB 0ebh,01eh,025h,000h,018h,0bfh,033h,036h
       33 36
 3540  3D 00 00 74 13 BF      C  DB 03dh,000h,000h,074h,013h,0bfh,03bh,036h
       3B 36
 3548  3D 00 08 74 0B BF      C  DB 03dh,000h,008h,074h,00bh,0bfh,043h,036h
       43 36
 3550  3D 00 10 74 03 BF      C  DB 03dh,000h,010h,074h,003h,0bfh,04bh,036h
       4B 36
 3558  E8 18 00 8B C2 FF      C  DB 0e8h,018h,000h,08bh,0c2h,0ffh,0d7h,0e8h
       D7 E8
 3560  26 01 EB 09 E8 0C      C  DB 026h,001h,0ebh,009h,0e8h,00ch,000h,0e8h
       00 E8
 3568  30 00 E8 29 01 B0      C  DB 030h,000h,0e8h,029h,001h,0b0h,055h,0e8h
       55 E8
 3570  29 06 C3 E8 C0 03      C  DB 029h,006h,0c3h,0e8h,0c0h,003h,025h,004h
       25 04
 3578  40 3D 04 40 75 05      C  DB 040h,03dh,004h,040h,075h,005h,0e8h,07ah
       E8 7A
 3580  FE EB 16 E8 9D FD      C  DB 0feh,0ebh,016h,0e8h,09dh,0fdh,0e8h,02ah
       E8 2A
 3588  00 73 03 E8 6D FE      C  DB 000h,073h,003h,0e8h,06dh,0feh,0e8h,030h
       E8 30
 3590  00 73 06 E8 B8 FA      C  DB 000h,073h,006h,0e8h,0b8h,0fah,0e8h,058h
       E8 58
 3598  FD C3 2B 57 0D 8B      C  DB 0fdh,0c3h,02bh,057h,00dh,08bh,0cah,08bh
       CA 8B
 35A0  77 0B E3 0E AC 3C      C  DB 077h,00bh,0e3h,00eh,0ach,03ch,000h,074h
       00 74
 35A8  06 3C 01 74 02 75      C  DB 006h,03ch,001h,074h,002h,075h,0f5h,049h
       F5 49
 35B0  EB F0 C3 3B 57 0D      C  DB 0ebh,0f0h,0c3h,03bh,057h,00dh,072h,005h
       72 05
 35B8  3B 57 0F 76 02 F9      C  DB 03bh,057h,00fh,076h,002h,0f9h,0c3h,0f8h
       C3 F8
 35C0  C3 60 51 B9 00 02      C  DB 0c3h,060h,051h,0b9h,000h,002h,0e8h,0ach
       E8 AC
 35C8  03 59 75 13 E8 CB      C  DB 003h,059h,075h,013h,0e8h,0cbh,0ffh,080h
       FF 80
 35D0  3C 00 74 0B 80 3C      C  DB 03ch,000h,074h,00bh,080h,03ch,001h,074h
       01 74
 35D8  03 46 EB F3 61 F9      C  DB 003h,046h,0ebh,0f3h,061h,0f9h,0c3h,061h
       C3 61
 35E0  F8 C3 B9 04 00 BE      C  DB 0f8h,0c3h,0b9h,004h,000h,0beh,086h,000h
       86 00
 35E8  C6 02 20 46 EB 10      C  DB 0c6h,002h,020h,046h,0ebh,010h,0b9h,004h
       B9 04
 35F0  00 EB 08 B9 03 00      C  DB 000h,0ebh,008h,0b9h,003h,000h,0ebh,003h
       EB 03
 35F8  B9 02 00 BE 86 00      C  DB 0b9h,002h,000h,0beh,086h,000h,051h,0c1h
       51 C1
 3600  C8 04 E2 FB 59 8B      C  DB 0c8h,004h,0e2h,0fbh,059h,08bh,0f8h,0c1h
       F8 C1
 3608  C7 04 8B C7 25 0F      C  DB 0c7h,004h,08bh,0c7h,025h,00fh,000h,0b4h
       00 B4
 3610  30 3C 09 76 04 B4      C  DB 030h,03ch,009h,076h,004h,0b4h,040h,02ch
       40 2C
 3618  09 02 C4 88 02 46      C  DB 009h,002h,0c4h,088h,002h,046h,0e2h,0e7h
       E2 E7
 3620  C6 02 00 C3 BE 86      C  DB 0c6h,002h,000h,0c3h,0beh,086h,000h,0e8h
       00 E8
 3628  4B F0 C3 10 27 E8      C  DB 04bh,0f0h,0c3h,010h,027h,0e8h,003h,064h
       03 64
 3630  00 0A 00 B9 01 00      C  DB 000h,00ah,000h,0b9h,001h,000h,0bfh,031h
       BF 31
 3638  36 EB 18 B9 02 00      C  DB 036h,0ebh,018h,0b9h,002h,000h,0bfh,02fh
       BF 2F
 3640  36 EB 10 B9 03 00      C  DB 036h,0ebh,010h,0b9h,003h,000h,0bfh,02dh
       BF 2D
 3648  36 EB 08 B9 04 00      C  DB 036h,0ebh,008h,0b9h,004h,000h,0bfh,02bh
       BF 2B
 3650  36 EB 00 BE 86 00      C  DB 036h,0ebh,000h,0beh,086h,000h,032h,0d2h
       32 D2
 3658  C6 02 30 FE 02 2E      C  DB 0c6h,002h,030h,0feh,002h,02eh,02bh,005h
       2B 05
 3660  74 07 73 F7 2E 03      C  DB 074h,007h,073h,0f7h,02eh,003h,005h,0feh
       05 FE
 3668  0A 80 3A 30 75 09      C  DB 00ah,080h,03ah,030h,075h,009h,00ah,0d2h
       0A D2
 3670  75 05 C6 02 20 EB      C  DB 075h,005h,0c6h,002h,020h,0ebh,002h,0feh
       02 FE
 3678  C2 47 47 46 C6 02      C  DB 0c2h,047h,047h,046h,0c6h,002h,030h,0e2h
       30 E2
 3680  DA 00 02 C6 42 01      C  DB 0dah,000h,002h,0c6h,042h,001h,000h,0c3h
       00 C3
 3688  1E 8B F5 81 C6 86      C  DB 01eh,08bh,0f5h,081h,0c6h,086h,000h,016h
       00 16
 3690  1F E8 02 00 1F C3      C  DB 01fh,0e8h,002h,000h,01fh,0c3h,006h,057h
       06 57
 3698  53 AC 3C 00 74 1A      C  DB 053h,0ach,03ch,000h,074h,01ah,03ch,001h
       3C 01
 36A0  74 16 3C 14 76 05      C  DB 074h,016h,03ch,014h,076h,005h,0e8h,01ah
       E8 1A
 36A8  02 EB EE 32 FF D0      C  DB 002h,0ebh,0eeh,032h,0ffh,0d0h,0e0h,08ah
       E0 8A
 36B0  D8 2E FF 97 BD 36      C  DB 0d8h,02eh,0ffh,097h,0bdh,036h,0ebh,0e1h
       EB E1
 36B8  5B 5F 07 C3 C3 BC      C  DB 05bh,05fh,007h,0c3h,0c3h,0bch,036h,0bch
       36 BC
 36C0  36 DF 36 F8 37 0D      C  DB 036h,0dfh,036h,0f8h,037h,00dh,038h,034h
       38 34
 36C8  38 49 38 5A 38 6B      C  DB 038h,049h,038h,05ah,038h,06bh,038h,07bh
       38 7B
 36D0  38 81 38 92 38 A3      C  DB 038h,081h,038h,092h,038h,0a3h,038h,0a9h
       38 A9
 36D8  38 AF 38 B5 38 BB      C  DB 038h,0afh,038h,0b5h,038h,0bbh,038h,053h
       38 53
 36E0  4E 8B DE F6 47 05      C  DB 04eh,08bh,0deh,0f6h,047h,005h,002h,074h
       02 74
 36E8  19 53 51 B8 00 06      C  DB 019h,053h,051h,0b8h,000h,006h,08ah,04fh
       8A 4F
 36F0  01 8A 6F 02 8A 57      C  DB 001h,08ah,06fh,002h,08ah,057h,003h,08ah
       03 8A
 36F8  77 04 8A BE 80 00      C  DB 077h,004h,08ah,0beh,080h,000h,0cdh,010h
       CD 10
 3700  59 5B 8A 47 01 88      C  DB 059h,05bh,08ah,047h,001h,088h,086h,081h
       86 81
 3708  00 8A 47 02 88 86      C  DB 000h,08ah,047h,002h,088h,086h,082h,000h
       82 00
 3710  B0 CD F6 47 05 01      C  DB 0b0h,0cdh,0f6h,047h,005h,001h,075h,002h
       75 02
 3718  B0 C4 E8 A6 01 8A      C  DB 0b0h,0c4h,0e8h,0a6h,001h,08ah,0a6h,081h
       A6 81
 3720  00 3A 67 03 76 EA      C  DB 000h,03ah,067h,003h,076h,0eah,08ah,047h
       8A 47
 3728  01 88 86 81 00 8A      C  DB 001h,088h,086h,081h,000h,08ah,047h,004h
       47 04
 3730  88 86 82 00 B0 CD      C  DB 088h,086h,082h,000h,0b0h,0cdh,0f6h,047h
       F6 47
 3738  05 01 75 02 B0 C4      C  DB 005h,001h,075h,002h,0b0h,0c4h,0e8h,082h
       E8 82
 3740  01 8A A6 81 00 3A      C  DB 001h,08ah,0a6h,081h,000h,03ah,067h,003h
       67 03
 3748  72 EA B0 BA F6 47      C  DB 072h,0eah,0b0h,0bah,0f6h,047h,005h,001h
       05 01
 3750  75 02 B0 B3 8A 57      C  DB 075h,002h,0b0h,0b3h,08ah,057h,001h,08ah
       01 8A
 3758  77 02 FE C6 8A 4F      C  DB 077h,002h,0feh,0c6h,08ah,04fh,004h,02ah
       04 2A
 3760  CE 8A 6F 01 3A 6F      C  DB 0ceh,08ah,06fh,001h,03ah,06fh,003h,075h
       03 75
 3768  05 80 C1 02 FE CE      C  DB 005h,080h,0c1h,002h,0feh,0ceh,0e8h,07ah
       E8 7A
 3770  01 8A 57 03 E8 74      C  DB 001h,08ah,057h,003h,0e8h,074h,001h,08ah
       01 8A
 3778  47 01 3A 47 03 74      C  DB 047h,001h,03ah,047h,003h,074h,074h,08ah
       74 8A
 3780  47 02 3A 47 04 74      C  DB 047h,002h,03ah,047h,004h,074h,06ch,08ah
       6C 8A
 3788  47 01 88 86 81 00      C  DB 047h,001h,088h,086h,081h,000h,08ah,047h
       8A 47
 3790  02 88 86 82 00 B0      C  DB 002h,088h,086h,082h,000h,0b0h,0c9h,0f6h
       C9 F6
 3798  47 05 01 75 02 B0      C  DB 047h,005h,001h,075h,002h,0b0h,0dah,0e8h
       DA E8
 37A0  21 01 8A 47 03 88      C  DB 021h,001h,08ah,047h,003h,088h,086h,081h
       86 81
 37A8  00 8A 47 02 88 86      C  DB 000h,08ah,047h,002h,088h,086h,082h,000h
       82 00
 37B0  B0 BB F6 47 05 01      C  DB 0b0h,0bbh,0f6h,047h,005h,001h,075h,002h
       75 02
 37B8  B0 BF E8 06 01 8A      C  DB 0b0h,0bfh,0e8h,006h,001h,08ah,047h,001h
       47 01
 37C0  88 86 81 00 8A 47      C  DB 088h,086h,081h,000h,08ah,047h,004h,088h
       04 88
 37C8  86 82 00 B0 C8 F6      C  DB 086h,082h,000h,0b0h,0c8h,0f6h,047h,005h
       47 05
 37D0  01 75 02 B0 C0 E8      C  DB 001h,075h,002h,0b0h,0c0h,0e8h,0ebh,000h
       EB 00
 37D8  8A 47 03 88 86 81      C  DB 08ah,047h,003h,088h,086h,081h,000h,08ah
       00 8A
 37E0  47 04 88 86 82 00      C  DB 047h,004h,088h,086h,082h,000h,0b0h,0bch
       B0 BC
 37E8  F6 47 05 01 75 02      C  DB 0f6h,047h,005h,001h,075h,002h,0b0h,0d9h
       B0 D9
 37F0  E8 D0 00 83 C6 06      C  DB 0e8h,0d0h,000h,083h,0c6h,006h,05bh,0c3h
       5B C3
 37F8  60 AD 8B C8 AD 8B      C  DB 060h,0adh,08bh,0c8h,0adh,08bh,0d0h,0b8h
       D0 B8
 3800  00 06 8A BE 80 00      C  DB 000h,006h,08ah,0beh,080h,000h,0cdh,010h
       CD 10
 3808  61 83 C6 04 C3 53      C  DB 061h,083h,0c6h,004h,0c3h,053h,04eh,08bh
       4E 8B
 3810  DE 8A 47 01 3C FF      C  DB 0deh,08ah,047h,001h,03ch,0ffh,074h,004h
       74 04
 3818  88 86 81 00 8A 47      C  DB 088h,086h,081h,000h,08ah,047h,002h,03ch
       02 3C
 3820  FF 74 04 88 86 82      C  DB 0ffh,074h,004h,088h,086h,082h,000h,056h
       00 56
 3828  8B 77 03 E8 68 FE      C  DB 08bh,077h,003h,0e8h,068h,0feh,05eh,083h
       5E 83
 3830  C6 05 5B C3 50 AC      C  DB 0c6h,005h,05bh,0c3h,050h,0ach,03ch,0ffh
       3C FF
 3838  74 04 88 86 81 00      C  DB 074h,004h,088h,086h,081h,000h,0ach,03ch
       AC 3C
 3840  FF 74 04 88 86 82      C  DB 0ffh,074h,004h,088h,086h,082h,000h,058h
       00 58
 3848  C3 50 53 8B 9E 2B      C  DB 0c3h,050h,053h,08bh,09eh,02bh,001h,02eh
       01 2E
 3850  8A 47 01 88 86 80      C  DB 08ah,047h,001h,088h,086h,080h,000h,05bh
       00 5B
 3858  58 C3 50 53 8B 9E      C  DB 058h,0c3h,050h,053h,08bh,09eh,02bh,001h
       2B 01
 3860  2E 8A 47 02 88 86      C  DB 02eh,08ah,047h,002h,088h,086h,080h,000h
       80 00
 3868  5B 58 C3 50 53 8B      C  DB 05bh,058h,0c3h,050h,053h,08bh,09eh,02bh
       9E 2B
 3870  01 2E 8A 07 88 86      C  DB 001h,02eh,08ah,007h,088h,086h,080h,000h
       80 00
 3878  5B 58 C3 80 8E 80      C  DB 05bh,058h,0c3h,080h,08eh,080h,000h,080h
       00 80
 3880  C3 50 53 8B 9E 2B      C  DB 0c3h,050h,053h,08bh,09eh,02bh,001h,02eh
       01 2E
 3888  8A 47 03 88 86 80      C  DB 08ah,047h,003h,088h,086h,080h,000h,05bh
       00 5B
 3890  58 C3 50 9C FE 86      C  DB 058h,0c3h,050h,09ch,0feh,086h,082h,000h
       82 00
 3898  8A 86 B1 00 88 86      C  DB 08ah,086h,0b1h,000h,088h,086h,081h,000h
       81 00
 38A0  9D 58 C3 AC 00 86      C  DB 09dh,058h,0c3h,0ach,000h,086h,081h,000h
       81 00
 38A8  C3 AC 28 86 81 00      C  DB 0c3h,0ach,028h,086h,081h,000h,0c3h,0ach
       C3 AC
 38B0  00 86 82 00 C3 AC      C  DB 000h,086h,082h,000h,0c3h,0ach,028h,086h
       28 86
 38B8  82 00 C3 AD 1E 56      C  DB 082h,000h,0c3h,0adh,01eh,056h,0ffh,0d0h
       FF D0
 38C0  5E 1F C3 50 53 51      C  DB 05eh,01fh,0c3h,050h,053h,051h,052h,050h
       52 50
 38C8  8A 96 81 00 8A B6      C  DB 08ah,096h,081h,000h,08ah,0b6h,082h,000h
       82 00
 38D0  32 FF B4 02 CD 10      C  DB 032h,0ffh,0b4h,002h,0cdh,010h,058h,0b4h
       58 B4
 38D8  09 8A 9E 80 00 B9      C  DB 009h,08ah,09eh,080h,000h,0b9h,001h,000h
       01 00
 38E0  CD 10 FE 86 81 00      C  DB 0cdh,010h,0feh,086h,081h,000h,05ah,059h
       5A 59
 38E8  5B 58 C3 51 80 F9      C  DB 05bh,058h,0c3h,051h,080h,0f9h,000h,07ch
       00 7C
 38F0  17 32 ED 88 96 81      C  DB 017h,032h,0edh,088h,096h,081h,000h,088h
       00 88
 38F8  B6 82 00 E8 C5 FF      C  DB 0b6h,082h,000h,0e8h,0c5h,0ffh,0feh,08eh
       FE 8E
 3900  81 00 FE 86 82 00      C  DB 081h,000h,0feh,086h,082h,000h,0e2h,0f3h
       E2 F3
 3908  59 C3 51 32 ED 88      C  DB 059h,0c3h,051h,032h,0edh,088h,096h,081h
       96 81
 3910  00 88 B6 82 00 E8      C  DB 000h,088h,0b6h,082h,000h,0e8h,0abh,0ffh
       AB FF
 3918  E2 FB 59 C3 60 8B      C  DB 0e2h,0fbh,059h,0c3h,060h,08bh,0b6h,08eh
       B6 8E
 3920  00 BF B6 00 2E 8B      C  DB 000h,0bfh,0b6h,000h,02eh,08bh,004h,089h
       04 89
 3928  03 47 47 83 C6 19      C  DB 003h,047h,047h,083h,0c6h,019h,03bh,0b6h
       3B B6
 3930  90 00 72 F0 61 C3      C  DB 090h,000h,072h,0f0h,061h,0c3h,056h,053h
       56 53
 3938  51 33 F6 83 EB 19      C  DB 051h,033h,0f6h,083h,0ebh,019h,03bh,09eh
       3B 9E
 3940  8E 00 72 03 46 EB      C  DB 08eh,000h,072h,003h,046h,0ebh,0f4h,0b1h
       F4 B1
 3948  01 D3 E6 8B 82 B6      C  DB 001h,0d3h,0e6h,08bh,082h,0b6h,000h,059h
       00 59
 3950  5B 80 BE 24 01 00      C  DB 05bh,080h,0beh,024h,001h,000h,074h,002h
       74 02
 3958  8B 07 5E C3 60 33      C  DB 08bh,007h,05eh,0c3h,060h,033h,0f6h,083h
       F6 83
 3960  EB 19 3B 9E 8E 00      C  DB 0ebh,019h,03bh,09eh,08eh,000h,072h,003h
       72 03
 3968  46 EB F4 B1 01 D3      C  DB 046h,0ebh,0f4h,0b1h,001h,0d3h,0e6h,089h
       E6 89
 3970  82 B6 00 61 C3 50      C  DB 082h,0b6h,000h,061h,0c3h,050h,0e8h,0bdh
       E8 BD
 3978  FF 85 C1 58 C3 60      C  DB 0ffh,085h,0c1h,058h,0c3h,060h,09ch,08bh
       9C 8B
 3980  9E 8E 00 BA 01 00      C  DB 09eh,08eh,000h,0bah,001h,000h,03bh,09eh
       3B 9E
 3988  90 00 74 10 51 B9      C  DB 090h,000h,074h,010h,051h,0b9h,00ch,080h
       0C 80
 3990  E8 E2 FF 59 75 01      C  DB 0e8h,0e2h,0ffh,059h,075h,001h,042h,083h
       42 83
 3998  C3 19 EB EA 9D 4A      C  DB 0c3h,019h,0ebh,0eah,09dh,04ah,061h,0c3h
       61 C3
 39A0  56 57 8B 86 A0 00      C  DB 056h,057h,08bh,086h,0a0h,000h,03dh,000h
       3D 00
 39A8  48 75 06 FF 96 1C      C  DB 048h,075h,006h,0ffh,096h,01ch,001h,0ebh
       01 EB
 39B0  1F 3D 00 50 75 06      C  DB 01fh,03dh,000h,050h,075h,006h,0ffh,096h
       FF 96
 39B8  1E 01 EB 14 3D 00      C  DB 01eh,001h,0ebh,014h,03dh,000h,04bh,075h
       4B 75
 39C0  06 FF 96 20 01 EB      C  DB 006h,0ffh,096h,020h,001h,0ebh,009h,03dh
       09 3D
 39C8  00 4D 75 0E FF 96      C  DB 000h,04dh,075h,00eh,0ffh,096h,022h,001h
       22 01
 39D0  3B DE 74 06 8B DE      C  DB 03bh,0deh,074h,006h,08bh,0deh,05fh,05eh
       5F 5E
 39D8  F8 C3 5F 5E F9 C3      C  DB 0f8h,0c3h,05fh,05eh,0f9h,0c3h,053h,083h
       53 83
 39E0  EB 19 3B 9E 8E 00      C  DB 0ebh,019h,03bh,09eh,08eh,000h,073h,007h
       73 07
 39E8  8B 9E 90 00 83 EB      C  DB 08bh,09eh,090h,000h,083h,0ebh,019h,051h
       19 51
 39F0  B9 0C 80 E8 7F FF      C  DB 0b9h,00ch,080h,0e8h,07fh,0ffh,059h,075h
       59 75
 39F8  E6 8B F3 5B C3 53      C  DB 0e6h,08bh,0f3h,05bh,0c3h,053h,083h,0c3h
       83 C3
 3A00  19 3B 9E 90 00 72      C  DB 019h,03bh,09eh,090h,000h,072h,004h,08bh
       04 8B
 3A08  9E 8E 00 51 B9 0C      C  DB 09eh,08eh,000h,051h,0b9h,00ch,080h,0e8h
       80 E8
 3A10  63 FF 59 75 E9 8B      C  DB 063h,0ffh,059h,075h,0e9h,08bh,0f3h,05bh
       F3 5B
 3A18  C3 BF 00 00 EB 03      C  DB 0c3h,0bfh,000h,000h,0ebh,003h,0bfh,004h
       BF 04
 3A20  00 53 E8 19 00 56      C  DB 000h,053h,0e8h,019h,000h,056h,0e8h,099h
       E8 99
 3A28  00 58 3B F0 75 0E      C  DB 000h,058h,03bh,0f0h,075h,00eh,057h,0bfh
       57 BF
 3A30  08 00 90 E8 8C 00      C  DB 008h,000h,090h,0e8h,08ch,000h,05fh,08bh
       5F 8B
 3A38  DE E8 02 00 5B C3      C  DB 0deh,0e8h,002h,000h,05bh,0c3h,057h,081h
       57 81
 3A40  CF 00 80 81 F7 04      C  DB 0cfh,000h,080h,081h,0f7h,004h,000h,0e8h
       00 E8
 3A48  78 00 5F C3 B4 FF      C  DB 078h,000h,05fh,0c3h,0b4h,0ffh,0e8h,007h
       E8 07
 3A50  00 C3 B4 01 E8 01      C  DB 000h,0c3h,0b4h,001h,0e8h,001h,000h,0c3h
       00 C3
 3A58  51 53 52 57 8A 6F      C  DB 051h,053h,052h,057h,08ah,06fh,011h,08ah
       11 8A
 3A60  4F 12 BA 17 00 02      C  DB 04fh,012h,0bah,017h,000h,002h,0cch,080h
       CC 80
 3A68  F9 01 73 02 B1 17      C  DB 0f9h,001h,073h,002h,0b1h,017h,080h,0f9h
       80 F9
 3A70  17 76 02 B1 01 BF      C  DB 017h,076h,002h,0b1h,001h,0bfh,003h,000h
       03 00
 3A78  90 52 E8 72 00 5A      C  DB 090h,052h,0e8h,072h,000h,05ah,03bh,0deh
       3B DE
 3A80  75 03 4A 75 E0 5F      C  DB 075h,003h,04ah,075h,0e0h,05fh,05ah,05bh
       5A 5B
 3A88  59 C3 BF 06 00 90      C  DB 059h,0c3h,0bfh,006h,000h,090h,0ebh,032h
       EB 32
 3A90  90 BF 06 80 90 EB      C  DB 090h,0bfh,006h,080h,090h,0ebh,02bh,090h
       2B 90
 3A98  BF 02 00 90 EB 24      C  DB 0bfh,002h,000h,090h,0ebh,024h,090h,0bfh
       90 BF
 3AA0  02 80 90 EB 1D 90      C  DB 002h,080h,090h,0ebh,01dh,090h,0bfh,000h
       BF 00
 3AA8  00 90 EB 16 90 BF      C  DB 000h,090h,0ebh,016h,090h,0bfh,000h,080h
       00 80
 3AB0  90 EB 0F 90 BF 04      C  DB 090h,0ebh,00fh,090h,0bfh,004h,000h,090h
       00 90
 3AB8  EB 08 90 BF 04 80      C  DB 0ebh,008h,090h,0bfh,004h,080h,090h,0ebh
       90 EB
 3AC0  01 90 53 8A 6F 11      C  DB 001h,090h,053h,08ah,06fh,011h,08ah,04fh
       8A 4F
 3AC8  12 F7 C7 02 00 75      C  DB 012h,0f7h,0c7h,002h,000h,075h,002h,086h
       02 86
 3AD0  E9 E8 1B 00 3B F3      C  DB 0e9h,0e8h,01bh,000h,03bh,0f3h,075h,015h
       75 15
 3AD8  F7 C7 00 80 75 0F      C  DB 0f7h,0c7h,000h,080h,075h,00fh,057h,081h
       57 81
 3AE0  F7 04 00 81 CF 00      C  DB 0f7h,004h,000h,081h,0cfh,000h,080h,08bh
       80 8B
 3AE8  DE E8 03 00 5F 5B      C  DB 0deh,0e8h,003h,000h,05fh,05bh,0c3h,050h
       C3 50
 3AF0  53 52 B4 FF F7 C7      C  DB 053h,052h,0b4h,0ffh,0f7h,0c7h,000h,080h
       00 80
 3AF8  74 02 B4 00 8B F3      C  DB 074h,002h,0b4h,000h,08bh,0f3h,08bh,09eh
       8B 9E
 3B00  8E 00 8A 77 11 8A      C  DB 08eh,000h,08ah,077h,011h,08ah,057h,012h
       57 12
 3B08  F7 C7 02 00 75 02      C  DB 0f7h,0c7h,002h,000h,075h,002h,086h,0f2h
       86 F2
 3B10  3B 9E 90 00 74 55      C  DB 03bh,09eh,090h,000h,074h,055h,051h,0b9h
       51 B9
 3B18  0C 80 E8 58 FE 59      C  DB 00ch,080h,0e8h,058h,0feh,059h,075h,046h
       75 46
 3B20  83 FF 08 75 08 3A      C  DB 083h,0ffh,008h,075h,008h,03ah,0cah,074h
       CA 74
 3B28  3D 8B F3 EB 3E 3A      C  DB 03dh,08bh,0f3h,0ebh,03eh,03ah,0cah,075h
       CA 75
 3B30  35 83 FF 03 75 0A      C  DB 035h,083h,0ffh,003h,075h,00ah,08ah,0c6h
       8A C6
 3B38  2A C5 73 1C F6 D8      C  DB 02ah,0c5h,073h,01ch,0f6h,0d8h,0ebh,018h
       EB 18
 3B40  F7 C7 04 00 74 06      C  DB 0f7h,0c7h,004h,000h,074h,006h,08ah,0c6h
       8A C6
 3B48  2A C5 EB 04 8A C5      C  DB 02ah,0c5h,0ebh,004h,08ah,0c5h,02ah,0c6h
       2A C6
 3B50  76 14 F7 C7 00 80      C  DB 076h,014h,0f7h,0c7h,000h,080h,075h,006h
       75 06
 3B58  3A C4 73 0A EB 04      C  DB 03ah,0c4h,073h,00ah,0ebh,004h,03ah,0c4h
       3A C4
 3B60  76 04 8A E0 8B F3      C  DB 076h,004h,08ah,0e0h,08bh,0f3h,083h,0c3h
       83 C3
 3B68  19 EB 97 5A 5B 58      C  DB 019h,0ebh,097h,05ah,05bh,058h,0c3h,0ffh
       C3 FF
 3B70  B6 25 01 81 BE A0      C  DB 0b6h,025h,001h,081h,0beh,0a0h,000h,00dh
       00 0D
 3B78  1C 75 1A 80 BE 8D      C  DB 01ch,075h,01ah,080h,0beh,08dh,000h,001h
       00 01
 3B80  75 05 E8 26 00 EB      C  DB 075h,005h,0e8h,026h,000h,0ebh,00fh,080h
       0F 80
 3B88  BE 8D 00 02 75 07      C  DB 0beh,08dh,000h,002h,075h,007h,0b8h,000h
       B8 00
 3B90  4D 89 86 A0 00 F8      C  DB 04dh,089h,086h,0a0h,000h,0f8h,08fh,086h
       8F 86
 3B98  25 01 C3 60 BA 02      C  DB 025h,001h,0c3h,060h,0bah,002h,000h,0e8h
       00 E8
 3BA0  12 00 61 C3 80 BE      C  DB 012h,000h,061h,0c3h,080h,0beh,08dh,000h
       8D 00
 3BA8  01 74 08 60 BA 00      C  DB 001h,074h,008h,060h,0bah,000h,000h,0e8h
       00 E8
 3BB0  02 00 61 C3 83 FA      C  DB 002h,000h,061h,0c3h,083h,0fah,002h,074h
       02 74
 3BB8  04 0B D2 75 1D 52      C  DB 004h,00bh,0d2h,075h,01dh,052h,0e8h,0c1h
       E8 C1
 3BC0  18 5A 72 16 83 FA      C  DB 018h,05ah,072h,016h,083h,0fah,002h,0bah
       02 BA
 3BC8  1F 54 74 0B BA 82      C  DB 01fh,054h,074h,00bh,0bah,082h,053h,0e8h
       53 E8
 3BD0  99 18 74 03 BA 65      C  DB 099h,018h,074h,003h,0bah,065h,055h,0ffh
       55 FF
 3BD8  D2 C3 8A 8E 8D 00      C  DB 0d2h,0c3h,08ah,08eh,08dh,000h,0feh,0c9h
       FE C9
 3BE0  50 B8 06 00 F6 E1      C  DB 050h,0b8h,006h,000h,0f6h,0e1h,0beh,027h
       BE 27
 3BE8  28 03 F0 03 F2 58      C  DB 028h,003h,0f0h,003h,0f2h,058h,02eh,08bh
       2E 8B
 3BF0  34 2E 8B 0C 83 C6      C  DB 034h,02eh,08bh,00ch,083h,0c6h,002h,00bh
       02 0B
 3BF8  C9 F8 74 11 2E 3B      C  DB 0c9h,0f8h,074h,011h,02eh,03bh,01ch,074h
       1C 74
 3C00  08 83 C6 04 E2 F6      C  DB 008h,083h,0c6h,004h,0e2h,0f6h,0f8h,0ebh
       F8 EB
 3C08  04 2E FF 54 02 C3      C  DB 004h,02eh,0ffh,054h,002h,0c3h,0c7h,086h
       C7 86
 3C10  A0 00 00 00 C3 53      C  DB 0a0h,000h,000h,000h,0c3h,053h,08ah,09eh
       8A 9E
 3C18  80 00 53 BB 4D 5A      C  DB 080h,000h,053h,0bbh,04dh,05ah,02eh,0f7h
       2E F7
 3C20  07 08 00 75 2A F6      C  DB 007h,008h,000h,075h,02ah,0f6h,046h,011h
       46 11
 3C28  02 74 24 F6 46 11      C  DB 002h,074h,024h,0f6h,046h,011h,001h,075h
       01 75
 3C30  04 3C 02 74 1A C6      C  DB 004h,03ch,002h,074h,01ah,0c6h,086h,08dh
       86 8D
 3C38  00 00 C7 86 A0 00      C  DB 000h,000h,0c7h,086h,0a0h,000h,000h,000h
       00 00
 3C40  E8 13 00 2E 3B 06      C  DB 0e8h,013h,000h,02eh,03bh,006h,060h,0ech
       60 EC
 3C48  74 05 3B 46 1C 75      C  DB 074h,005h,03bh,046h,01ch,075h,0e6h,05bh
       E6 5B
 3C50  88 9E 80 00 5B C3      C  DB 088h,09eh,080h,000h,05bh,0c3h,0beh,082h
       BE 82
 3C58  3C EB 03 BE 9F 3C      C  DB 03ch,0ebh,003h,0beh,09fh,03ch,01eh,00eh
       1E 0E
 3C60  1F E8 32 FA 1F B2      C  DB 01fh,0e8h,032h,0fah,01fh,0b2h,097h,0b1h
       97 B1
 3C68  08 E8 90 F4 80 BE      C  DB 008h,0e8h,090h,0f4h,080h,0beh,0a2h,000h
       A2 00
 3C70  00 74 0D 81 BE A0      C  DB 000h,074h,00dh,081h,0beh,0a0h,000h,00dh
       00 0D
 3C78  1C 75 05 E8 38 00      C  DB 01ch,075h,005h,0e8h,038h,000h,0f8h,0c3h
       F8 C3
 3C80  F9 C3 07 02 18 0D      C  DB 0f9h,0c3h,007h,002h,018h,00dh,036h,00fh
       36 0F
 3C88  02 05 1A 0E 45 6E      C  DB 002h,005h,01ah,00eh,045h,06eh,074h,065h
       74 65
 3C90  72 20 50 61 73 73      C  DB 072h,020h,050h,061h,073h,073h,077h,06fh
       77 6F
 3C98  72 64 3A 20 20 20      C  DB 072h,064h,03ah,020h,020h,020h,000h,007h
       00 07
 3CA0  05 1A 0E 43 6F 6E      C  DB 005h,01ah,00eh,043h,06fh,06eh,066h,069h
       66 69
 3CA8  72 6D 20 50 61 73      C  DB 072h,06dh,020h,050h,061h,073h,073h,077h
       73 77
 3CB0  6F 72 64 3A 20 00      C  DB 06fh,072h,064h,03ah,020h,000h,056h,053h
       56 53
 3CB8  51 52 33 F6 33 DB      C  DB 051h,052h,033h,0f6h,033h,0dbh,032h,0e4h
       32 E4
 3CC0  B9 08 00 8A 82 A2      C  DB 0b9h,008h,000h,08ah,082h,0a2h,000h,00ah
       00 0A
 3CC8  C0 74 09 D1 C3 D1      C  DB 0c0h,074h,009h,0d1h,0c3h,0d1h,0c3h,003h
       C3 03
 3CD0  D8 46 E2 EF 93 5A      C  DB 0d8h,046h,0e2h,0efh,093h,05ah,059h,05bh
       59 5B
 3CD8  5E C3 50 51 56 57      C  DB 05eh,0c3h,050h,051h,056h,057h,0ffh,0b6h
       FF B6
 3CE0  84 00 FF B6 B3 00      C  DB 084h,000h,0ffh,0b6h,0b3h,000h,0e8h,0a3h
       E8 A3
 3CE8  50 89 B6 84 00 C7      C  DB 050h,089h,0b6h,084h,000h,0c7h,086h,0b3h
       86 B3
 3CF0  00 00 41 E8 7E F6      C  DB 000h,000h,041h,0e8h,07eh,0f6h,08fh,086h
       8F 86
 3CF8  B3 00 8F 86 84 00      C  DB 0b3h,000h,08fh,086h,084h,000h,05fh,05eh
       5F 5E
 3D00  59 58 C3 50 51 56      C  DB 059h,058h,0c3h,050h,051h,056h,057h,0ffh
       57 FF
 3D08  B6 84 00 FF B6 B3      C  DB 0b6h,084h,000h,0ffh,0b6h,0b3h,000h,0c7h
       00 C7
 3D10  86 B3 00 00 41 1E      C  DB 086h,0b3h,000h,000h,041h,01eh,0b8h,000h
       B8 00
 3D18  00 8E D8 A0 D9 04      C  DB 000h,08eh,0d8h,0a0h,0d9h,004h,0f6h,046h
       F6 46
 3D20  3F C0 74 08 3C 30      C  DB 03fh,0c0h,074h,008h,03ch,030h,073h,002h
       73 02
 3D28  B0 30 2C 20 32 E4      C  DB 0b0h,030h,02ch,020h,032h,0e4h,0b1h,003h
       B1 03
 3D30  D3 E8 48 48 1F BE      C  DB 0d3h,0e8h,048h,048h,01fh,0beh,00ch,006h
       0C 06
 3D38  8A 56 3D 80 E2 7E      C  DB 08ah,056h,03dh,080h,0e2h,07eh,032h,0f6h
       32 F6
 3D40  03 F2 2E 8B 34 E8      C  DB 003h,0f2h,02eh,08bh,034h,0e8h,02eh,02ah
       2E 2A
 3D48  03 F0 2E 8B 34 89      C  DB 003h,0f0h,02eh,08bh,034h,089h,0b6h,084h
       B6 84
 3D50  00 E8 20 F6 2E 8B      C  DB 000h,0e8h,020h,0f6h,02eh,08bh,07fh,009h
       7F 09
 3D58  E8 D8 F6 50 E8 C4      C  DB 0e8h,0d8h,0f6h,050h,0e8h,0c4h,0f5h,05ah
       F5 5A
 3D60  D3 EA 8F 86 B3 00      C  DB 0d3h,0eah,08fh,086h,0b3h,000h,08fh,086h
       8F 86
 3D68  84 00 5F 5E 59 58      C  DB 084h,000h,05fh,05eh,059h,058h,0c3h,03ch
       C3 3C
 3D70  AA 75 43 E8 AD F5      C  DB 0aah,075h,043h,0e8h,0adh,0f5h,033h,0ffh
       33 FF
 3D78  0B D2 74 03 83 CF      C  DB 00bh,0d2h,074h,003h,083h,0cfh,004h,0ffh
       04 FF
 3D80  B6 81 00 53 8B 9E      C  DB 0b6h,081h,000h,053h,08bh,09eh,08eh,000h
       8E 00
 3D88  51 B9 00 40 E8 E6      C  DB 051h,0b9h,000h,040h,0e8h,0e6h,0fbh,059h
       FB 59
 3D90  74 16 F7 07 04 00      C  DB 074h,016h,0f7h,007h,004h,000h,075h,00bh
       75 0B
 3D98  E8 9B FB 25 FB FF      C  DB 0e8h,09bh,0fbh,025h,0fbh,0ffh,00bh,0c7h
       0B C7
 3DA0  E8 B9 FB 60 E8 10      C  DB 0e8h,0b9h,0fbh,060h,0e8h,010h,0f7h,061h
       F7 61
 3DA8  83 C3 19 3B 9E 90      C  DB 083h,0c3h,019h,03bh,09eh,090h,000h,076h
       00 76
 3DB0  D7 5B 8F 86 81 00      C  DB 0d7h,05bh,08fh,086h,081h,000h,0f8h,0c3h
       F8 C3
 3DB8  FF B6 81 00 50 51      C  DB 0ffh,0b6h,081h,000h,050h,051h,0e8h,075h
       E8 75
 3DC0  FB 0D 08 00 E8 95      C  DB 0fbh,00dh,008h,000h,0e8h,095h,0fbh,0b4h
       FB B4
 3DC8  01 B9 26 00 80 BE      C  DB 001h,0b9h,026h,000h,080h,0beh,081h,000h
       81 00
 3DD0  28 76 04 49 80 C4      C  DB 028h,076h,004h,049h,080h,0c4h,028h,088h
       28 88
 3DD8  A6 81 00 B0 20 E8      C  DB 0a6h,081h,000h,0b0h,020h,0e8h,0e3h,0fah
       E3 FA
 3DE0  E2 FB 59 58 8F 86      C  DB 0e2h,0fbh,059h,058h,08fh,086h,081h,000h
       81 00
 3DE8  C3 00 0B 00 C2 3F      C  DB 0c3h,000h,00bh,000h,0c2h,03fh,043h,045h
       43 45
 3DF0  DB 3F 4E 45 F4 3F      C  DB 0dbh,03fh,04eh,045h,0f4h,03fh,054h,045h
       54 45
 3DF8  0D 40 5A 45 26 40      C  DB 00dh,040h,05ah,045h,026h,040h,060h,045h
       60 45
 3E00  3F 40 B4 47 58 40      C  DB 03fh,040h,0b4h,047h,058h,040h,0beh,047h
       BE 47
 3E08  71 40 6D 47 8A 40      C  DB 071h,040h,06dh,047h,08ah,040h,0f7h,045h
       F7 45
 3E10  A3 40 84 45 BC 40      C  DB 0a3h,040h,084h,045h,0bch,040h,066h,045h
       66 45
 3E18  00 00 19 3A 1E 3A      C  DB 000h,000h,019h,03ah,01eh,03ah,098h,03ah
       98 3A
 3E20  8A 3A 0A 02 00 03      C  DB 08ah,03ah,00ah,002h,000h,003h,04fh,018h
       4F 18
 3E28  01 02 01 11 4E 11      C  DB 001h,002h,001h,011h,04eh,011h,000h,005h
       00 05
 3E30  00 11 C7 05 4F 11      C  DB 000h,011h,0c7h,005h,04fh,011h,0b6h,002h
       B6 02
 3E38  01 14 4E 14 00 05      C  DB 001h,014h,04eh,014h,000h,005h,000h,014h
       00 14
 3E40  C7 05 4F 14 B6 02      C  DB 0c7h,005h,04fh,014h,0b6h,002h,028h,004h
       28 04
 3E48  28 10 00 05 28 03      C  DB 028h,010h,000h,005h,028h,003h,0d1h,005h
       D1 05
 3E50  28 11 C1 04 FF FF      C  DB 028h,011h,0c1h,004h,0ffh,0ffh,07bh,03fh
       7B 3F
 3E58  05 02 12 45 73 63      C  DB 005h,002h,012h,045h,073h,063h,020h,03ah
       20 3A
 3E60  20 51 75 69 74 05      C  DB 020h,051h,075h,069h,074h,005h,002h,013h
       02 13
 3E68  46 31 30 20 3A 20      C  DB 046h,031h,030h,020h,03ah,020h,053h,061h
       53 61
 3E70  76 65 20 26 20 45      C  DB 076h,065h,020h,026h,020h,045h,078h,069h
       78 69
 3E78  74 20 53 65 74 75      C  DB 074h,020h,053h,065h,074h,075h,070h,005h
       70 05
 3E80  2A 12 18 20 19 20      C  DB 02ah,012h,018h,020h,019h,020h,01ah,020h
       1A 20
 3E88  1B 20 20 20 3A 20      C  DB 01bh,020h,020h,020h,03ah,020h,053h,065h
       53 65
 3E90  6C 65 63 74 20 49      C  DB 06ch,065h,063h,074h,020h,049h,074h,065h
       74 65
 3E98  6D 05 2A 13 28 53      C  DB 06dh,005h,02ah,013h,028h,053h,068h,069h
       68 69
 3EA0  66 74 29 46 32 20      C  DB 066h,074h,029h,046h,032h,020h,03ah,020h
       3A 20
 3EA8  43 68 61 6E 67 65      C  DB 043h,068h,061h,06eh,067h,065h,020h,043h
       20 43
 3EB0  6F 6C 6F 72 00 0A      C  DB 06fh,06ch,06fh,072h,000h,00ah,002h,028h
       02 28
 3EB8  12 4F 18 00 02 00      C  DB 012h,04fh,018h,000h,002h,000h,003h,04fh
       03 4F
 3EC0  18 01 02 28 03 28      C  DB 018h,001h,002h,028h,003h,028h,015h,000h
       15 00
 3EC8  05 28 03 D1 05 28      C  DB 005h,028h,003h,0d1h,005h,028h,018h,0cfh
       18 CF
 3ED0  05 28 12 C3 05 4F      C  DB 005h,028h,012h,0c3h,005h,04fh,012h,0b6h
       12 B6
 3ED8  08 05 2A 13 45 53      C  DB 008h,005h,02ah,013h,045h,053h,043h,020h
       43 20
 3EE0  3A 20 51 75 69 74      C  DB 03ah,020h,051h,075h,069h,074h,005h,03ch
       05 3C
 3EE8  13 18 19 1A 1B 20      C  DB 013h,018h,019h,01ah,01bh,020h,03ah,020h
       3A 20
 3EF0  53 65 6C 65 63 74      C  DB 053h,065h,06ch,065h,063h,074h,020h,049h
       20 49
 3EF8  74 65 6D 05 2A 14      C  DB 074h,065h,06dh,005h,02ah,014h,046h,031h
       46 31
 3F00  20 20 3A 20 48 65      C  DB 020h,020h,03ah,020h,048h,065h,06ch,070h
       6C 70
 3F08  05 3C 14 50 55 2F      C  DB 005h,03ch,014h,050h,055h,02fh,050h,044h
       50 44
 3F10  2F 2B 2F 2D 20 3A      C  DB 02fh,02bh,02fh,02dh,020h,03ah,020h,04dh
       20 4D
 3F18  6F 64 69 66 79 05      C  DB 06fh,064h,069h,066h,079h,005h,02ah,015h
       2A 15
 3F20  46 35 20 20 3A 20      C  DB 046h,035h,020h,020h,03ah,020h,04fh,06ch
       4F 6C
 3F28  64 20 56 61 6C 75      C  DB 064h,020h,056h,061h,06ch,075h,065h,073h
       65 73
 3F30  05 3C 15 28 53 68      C  DB 005h,03ch,015h,028h,053h,068h,069h,066h
       69 66
 3F38  74 29 46 32 20 3A      C  DB 074h,029h,046h,032h,020h,03ah,020h,043h
       20 43
 3F40  6F 6C 6F 72 05 2A      C  DB 06fh,06ch,06fh,072h,005h,02ah,016h,046h
       16 46
 3F48  36 20 20 3A 20 4C      C  DB 036h,020h,020h,03ah,020h,04ch,06fh,061h
       6F 61
 3F50  64 20 42 49 4F 53      C  DB 064h,020h,042h,049h,04fh,053h,020h,044h
       20 44
 3F58  65 66 61 75 6C 74      C  DB 065h,066h,061h,075h,06ch,074h,073h,005h
       73 05
 3F60  2A 17 46 37 20 20      C  DB 02ah,017h,046h,037h,020h,020h,03ah,020h
       3A 20
 3F68  4C 6F 61 64 20 53      C  DB 04ch,06fh,061h,064h,020h,053h,065h,074h
       65 74
 3F70  75 70 20 44 65 66      C  DB 075h,070h,020h,044h,065h,066h,061h,075h
       61 75
 3F78  6C 74 73 05 1C 00      C  DB 06ch,074h,073h,005h,01ch,000h,008h,052h
       08 52
 3F80  4F 4D 20 04 FF FF      C  DB 04fh,04dh,020h,004h,0ffh,0ffh,0d9h,0ffh
       D9 FF
 3F88  20 42 49 4F 53 20      C  DB 020h,042h,049h,04fh,053h,020h,028h,004h
       28 04
 3F90  FF FF E0 EC 29 05      C  DB 0ffh,0ffh,0e0h,0ech,029h,005h,01fh,001h
       1F 01
 3F98  43 4D 4F 53 20 53      C  DB 043h,04dh,04fh,053h,020h,053h,045h,054h
       45 54
 3FA0  55 50 20 55 54 49      C  DB 055h,050h,020h,055h,054h,049h,04ch,049h
       4C 49
 3FA8  54 59 05 1E 02 41      C  DB 054h,059h,005h,01eh,002h,041h,057h,041h
       57 41
 3FB0  52 44 20 53 4F 46      C  DB 052h,044h,020h,053h,04fh,046h,054h,057h
       54 57
 3FB8  41 52 45 2C 20 49      C  DB 041h,052h,045h,02ch,020h,049h,04eh,043h
       4E 43
 3FC0  2E 00 00 00 38 4E      C  DB 02eh,000h,000h,000h,038h,04eh,0ffh,0ffh
       FF FF
 3FC8  00 00 B5 01 00 9A      C  DB 000h,000h,0b5h,001h,000h,09ah,042h,000h
       42 00
 3FD0  00 00 00 05 05 00      C  DB 000h,000h,000h,005h,005h,000h,000h,000h
       00 00
 3FD8  00 D5 40 00 00 38      C  DB 000h,0d5h,040h,000h,000h,038h,04eh,0ffh
       4E FF
 3FE0  FF 00 00 B5 01 00      C  DB 0ffh,000h,000h,0b5h,001h,000h,0aeh,042h
       AE 42
 3FE8  00 00 00 00 05 07      C  DB 000h,000h,000h,000h,005h,007h,000h,000h
       00 00
 3FF0  00 00 F6 40 00 00      C  DB 000h,000h,0f6h,040h,000h,000h,038h,04eh
       38 4E
 3FF8  FF FF 00 00 B5 01      C  DB 0ffh,0ffh,000h,000h,0b5h,001h,000h,0c2h
       00 C2
 4000  42 00 00 00 00 05      C  DB 042h,000h,000h,000h,000h,005h,009h,000h
       09 00
 4008  00 00 00 1C 41 00      C  DB 000h,000h,000h,01ch,041h,000h,000h,038h
       00 38
 4010  4E FF FF 01 00 B5      C  DB 04eh,0ffh,0ffh,001h,000h,0b5h,001h,000h
       01 00
 4018  C8 67 00 00 00 00      C  DB 0c8h,067h,000h,000h,000h,000h,005h,00bh
       05 0B
 4020  00 00 00 00 5C 41      C  DB 000h,000h,000h,000h,05ch,041h,008h,000h
       08 00
 4028  38 4E FF FF 01 00      C  DB 038h,04eh,0ffh,0ffh,001h,000h,0b5h,001h
       B5 01
 4030  00 5A 71 00 00 00      C  DB 000h,05ah,071h,000h,000h,000h,000h,005h
       00 05
 4038  0C 00 00 00 00 39      C  DB 00ch,000h,000h,000h,000h,039h,041h,000h
       41 00
 4040  00 38 4E FF FF 00      C  DB 000h,038h,04eh,0ffh,0ffh,000h,000h,0b5h
       00 B5
 4048  01 00 D9 42 00 00      C  DB 001h,000h,0d9h,042h,000h,000h,000h,000h
       00 00
 4050  05 0D 00 00 00 00      C  DB 005h,00dh,000h,000h,000h,000h,07dh,041h
       7D 41
 4058  00 00 38 4E FF FF      C  DB 000h,000h,038h,04eh,0ffh,0ffh,000h,000h
       00 00
 4060  B5 01 00 EC 42 00      C  DB 0b5h,001h,000h,0ech,042h,000h,000h,000h
       00 00
 4068  00 05 0F 00 00 00      C  DB 000h,005h,00fh,000h,000h,000h,000h,0aeh
       00 AE
 4070  41 00 00 38 4E FF      C  DB 041h,000h,000h,038h,04eh,0ffh,0ffh,000h
       FF 00
 4078  00 B5 01 00 00 43      C  DB 000h,0b5h,001h,000h,000h,043h,000h,000h
       00 00
 4080  00 00 2D 05 00 00      C  DB 000h,000h,02dh,005h,000h,000h,000h,000h
       00 00
 4088  E0 41 00 00 38 4E      C  DB 0e0h,041h,000h,000h,038h,04eh,0ffh,0ffh
       FF FF
 4090  00 00 B5 01 00 11      C  DB 000h,000h,0b5h,001h,000h,011h,043h,000h
       43 00
 4098  00 00 00 2D 07 00      C  DB 000h,000h,000h,02dh,007h,000h,000h,000h
       00 00
 40A0  00 FF 41 00 00 38      C  DB 000h,0ffh,041h,000h,000h,038h,04eh,0ffh
       4E FF
 40A8  FF 00 00 B5 01 00      C  DB 0ffh,000h,000h,0b5h,001h,000h,03dh,043h
       3D 43
 40B0  00 00 00 00 2D 09      C  DB 000h,000h,000h,000h,02dh,009h,000h,000h
       00 00
 40B8  00 00 56 42 00 00      C  DB 000h,000h,056h,042h,000h,000h,038h,04eh
       38 4E
 40C0  FF FF 00 00 B5 01      C  DB 0ffh,0ffh,000h,000h,0b5h,001h,000h,04fh
       00 4F
 40C8  43 00 00 00 00 2D      C  DB 043h,000h,000h,000h,000h,02dh,00bh,000h
       0B 00
 40D0  00 00 00 78 42 05      C  DB 000h,000h,000h,078h,042h,005h,01bh,016h
       1B 16
 40D8  54 69 6D 65 2C 20      C  DB 054h,069h,06dh,065h,02ch,020h,044h,061h
       44 61
 40E0  74 65 2C 20 48 61      C  DB 074h,065h,02ch,020h,048h,061h,072h,064h
       72 64
 40E8  20 44 69 73 6B 20      C  DB 020h,044h,069h,073h,06bh,020h,054h,079h
       54 79
 40F0  70 65 2E 2E 2E 00      C  DB 070h,065h,02eh,02eh,02eh,000h,005h,018h
       05 18
 40F8  16 56 69 72 75 73      C  DB 016h,056h,069h,072h,075h,073h,020h,050h
       20 50
 4100  72 6F 74 65 63 74      C  DB 072h,06fh,074h,065h,063h,074h,069h,06fh
       69 6F
 4108  6E 2C 20 42 6F 6F      C  DB 06eh,02ch,020h,042h,06fh,06fh,074h,020h
       74 20
 4110  53 65 71 75 65 6E      C  DB 053h,065h,071h,075h,065h,06eh,063h,065h
       63 65
 4118  2E 2E 2E 00 05 1C      C  DB 02eh,02eh,02eh,000h,005h,01ch,016h,041h
       16 41
 4120  54 20 63 6C 6F 63      C  DB 054h,020h,063h,06ch,06fh,063h,06bh,02ch
       6B 2C
 4128  20 44 52 41 4D 20      C  DB 020h,044h,052h,041h,04dh,020h,074h,069h
       74 69
 4130  6D 69 6E 67 73 2E      C  DB 06dh,069h,06eh,067h,073h,02eh,02eh,02eh
       2E 2E
 4138  00 05 1A 16 49 52      C  DB 000h,005h,01ah,016h,049h,052h,051h,020h
       51 20
 4140  53 65 74 74 69 6E      C  DB 053h,065h,074h,074h,069h,06eh,067h,073h
       67 73
 4148  2C 20 4C 61 74 65      C  DB 02ch,020h,04ch,061h,074h,065h,06eh,063h
       6E 63
 4150  79 20 54 69 6D 65      C  DB 079h,020h,054h,069h,06dh,065h,072h,073h
       72 73
 4158  2E 2E 2E 00 05 1A      C  DB 02eh,02eh,02eh,000h,005h,01ah,016h,053h
       16 53
 4160  6C 65 65 70 20 74      C  DB 06ch,065h,065h,070h,020h,074h,069h,06dh
       69 6D
 4168  65 72 2C 20 53 75      C  DB 065h,072h,02ch,020h,053h,075h,073h,070h
       73 70
 4170  65 6E 64 20 74 69      C  DB 065h,06eh,064h,020h,074h,069h,06dh,065h
       6D 65
 4178  72 2E 2E 2E 00 05      C  DB 072h,02eh,02eh,02eh,000h,005h,012h,016h
       12 16
 4180  4C 6F 61 64 20 42      C  DB 04ch,06fh,061h,064h,020h,042h,049h,04fh
       49 4F
 4188  53 20 44 65 66 61      C  DB 053h,020h,044h,065h,066h,061h,075h,06ch
       75 6C
 4190  74 73 20 65 78 63      C  DB 074h,073h,020h,065h,078h,063h,065h,070h
       65 70
 4198  74 20 53 74 61 6E      C  DB 074h,020h,053h,074h,061h,06eh,064h,061h
       64 61
 41A0  72 64 20 43 4D 4F      C  DB 072h,064h,020h,043h,04dh,04fh,053h,020h
       53 20
 41A8  53 45 54 55 50 00      C  DB 053h,045h,054h,055h,050h,000h,005h,012h
       05 12
 41B0  16 4C 6F 61 64 20      C  DB 016h,04ch,06fh,061h,064h,020h,053h,045h
       53 45
 41B8  54 55 50 20 44 65      C  DB 054h,055h,050h,020h,044h,065h,066h,061h
       66 61
 41C0  75 6C 74 73 20 65      C  DB 075h,06ch,074h,073h,020h,065h,078h,063h
       78 63
 41C8  65 70 74 20 53 74      C  DB 065h,070h,074h,020h,053h,074h,061h,06eh
       61 6E
 41D0  64 61 72 64 20 43      C  DB 064h,061h,072h,064h,020h,043h,04dh,04fh
       4D 4F
 41D8  53 20 53 45 54 55      C  DB 053h,020h,053h,045h,054h,055h,050h,000h
       50 00
 41E0  05 1B 16 43 68 61      C  DB 005h,01bh,016h,043h,068h,061h,06eh,067h
       6E 67
 41E8  65 2F 53 65 74 2F      C  DB 065h,02fh,053h,065h,074h,02fh,044h,069h
       44 69
 41F0  73 61 62 6C 65 20      C  DB 073h,061h,062h,06ch,065h,020h,050h,061h
       50 61
 41F8  73 73 77 6F 72 64      C  DB 073h,073h,077h,06fh,072h,064h,000h,005h
       00 05
 4200  13 16 41 75 74 6F      C  DB 013h,016h,041h,075h,074h,06fh,02dh,043h
       2D 43
 4208  6F 6E 66 69 67 75      C  DB 06fh,06eh,066h,069h,067h,075h,072h,065h
       72 65
 4210  20 48 44 44 3A 20      C  DB 020h,048h,044h,044h,03ah,020h,053h,065h
       53 65
 4218  63 74 6F 72 2C 20      C  DB 063h,074h,06fh,072h,02ch,020h,043h,079h
       43 79
 4220  6C 69 6E 64 65 72      C  DB 06ch,069h,06eh,064h,065h,072h,02ch,020h
       2C 20
 4228  48 65 61 64 2E 2E      C  DB 048h,065h,061h,064h,02eh,02eh,02eh,000h
       2E 00
 4230  05 18 16 48 61 72      C  DB 005h,018h,016h,048h,061h,072h,064h,020h
       64 20
 4238  44 69 73 6B 20 4C      C  DB 044h,069h,073h,06bh,020h,04ch,06fh,077h
       6F 77
 4240  20 4C 65 76 65 6C      C  DB 020h,04ch,065h,076h,065h,06ch,020h,046h
       20 46
 4248  6F 72 6D 61 74 20      C  DB 06fh,072h,06dh,061h,074h,020h,055h,074h
       55 74
 4250  69 6C 69 74 79 00      C  DB 069h,06ch,069h,074h,079h,000h,005h,01ah
       05 1A
 4258  16 53 61 76 65 20      C  DB 016h,053h,061h,076h,065h,020h,044h,061h
       44 61
 4260  74 61 20 74 6F 20      C  DB 074h,061h,020h,074h,06fh,020h,043h,04dh
       43 4D
 4268  4F 53 20 26 20 45      C  DB 04fh,053h,020h,026h,020h,045h,078h,069h
       78 69
 4270  74 20 53 45 54 55      C  DB 074h,020h,053h,045h,054h,055h,050h,000h
       50 00
 4278  05 1A 16 41 62 61      C  DB 005h,01ah,016h,041h,062h,061h,06eh,064h
       6E 64
 4280  6F 6E 20 61 6C 6C      C  DB 06fh,06eh,020h,061h,06ch,06ch,020h,044h
       20 44
 4288  61 74 61 73 20 26      C  DB 061h,074h,061h,073h,020h,026h,020h,045h
       20 45
 4290  78 69 74 20 53 45      C  DB 078h,069h,074h,020h,053h,045h,054h,055h
       54 55
 4298  50 00 53 54 41 4E      C  DB 050h,000h,053h,054h,041h,04eh,044h,041h
       44 41
 42A0  52 44 20 43 4D 4F      C  DB 052h,044h,020h,043h,04dh,04fh,053h,020h
       53 20
 42A8  53 45 54 55 50 00      C  DB 053h,045h,054h,055h,050h,000h,042h,049h
       42 49
 42B0  4F 53 20 46 45 41      C  DB 04fh,053h,020h,046h,045h,041h,054h,055h
       54 55
 42B8  52 45 53 20 53 45      C  DB 052h,045h,053h,020h,053h,045h,054h,055h
       54 55
 42C0  50 00 43 48 49 50      C  DB 050h,000h,043h,048h,049h,050h,053h,045h
       53 45
 42C8  54 20 46 45 41 54      C  DB 054h,020h,046h,045h,041h,054h,055h,052h
       55 52
 42D0  45 53 20 53 45 54      C  DB 045h,053h,020h,053h,045h,054h,055h,050h
       55 50
 42D8  00 4C 4F 41 44 20      C  DB 000h,04ch,04fh,041h,044h,020h,042h,049h
       42 49
 42E0  4F 53 20 44 45 46      C  DB 04fh,053h,020h,044h,045h,046h,041h,055h
       41 55
 42E8  4C 54 53 00 4C 4F      C  DB 04ch,054h,053h,000h,04ch,04fh,041h,044h
       41 44
 42F0  20 53 45 54 55 50      C  DB 020h,053h,045h,054h,055h,050h,020h,044h
       20 44
 42F8  45 46 41 55 4C 54      C  DB 045h,046h,041h,055h,04ch,054h,053h,000h
       53 00
 4300  50 41 53 53 57 4F      C  DB 050h,041h,053h,053h,057h,04fh,052h,044h
       52 44
 4308  20 53 45 54 54 49      C  DB 020h,053h,045h,054h,054h,049h,04eh,047h
       4E 47
 4310  00 49 44 45 20 48      C  DB 000h,049h,044h,045h,020h,048h,044h,044h
       44 44
 4318  20 41 55 54 4F 20      C  DB 020h,041h,055h,054h,04fh,020h,044h,045h
       44 45
 4320  54 45 43 54 49 4F      C  DB 054h,045h,043h,054h,049h,04fh,04eh,000h
       4E 00
 4328  48 44 44 20 4C 4F      C  DB 048h,044h,044h,020h,04ch,04fh,057h,020h
       57 20
 4330  4C 45 56 45 4C 20      C  DB 04ch,045h,056h,045h,04ch,020h,046h,04fh
       46 4F
 4338  52 4D 41 54 00 53      C  DB 052h,04dh,041h,054h,000h,053h,041h,056h
       41 56
 4340  45 20 26 20 45 58      C  DB 045h,020h,026h,020h,045h,058h,049h,054h
       49 54
 4348  20 53 45 54 55 50      C  DB 020h,053h,045h,054h,055h,050h,000h,045h
       00 45
 4350  58 49 54 20 57 49      C  DB 058h,049h,054h,020h,057h,049h,054h,048h
       54 48
 4358  4F 55 54 20 53 41      C  DB 04fh,055h,054h,020h,053h,041h,056h,049h
       56 49
 4360  4E 47 00 07 02 16      C  DB 04eh,047h,000h,007h,002h,016h,00bh,039h
       0B 39
 4368  0F 02 05 19 0D 53      C  DB 00fh,002h,005h,019h,00dh,053h,041h,056h
       41 56
 4370  45 20 74 6F 20 43      C  DB 045h,020h,074h,06fh,020h,043h,04dh,04fh
       4D 4F
 4378  53 20 61 6E 64 20      C  DB 053h,020h,061h,06eh,064h,020h,045h,058h
       45 58
 4380  49 54 20 28 59 2F      C  DB 049h,054h,020h,028h,059h,02fh,04eh,029h
       4E 29
 4388  3F 20 00 07 02 16      C  DB 03fh,020h,000h,007h,002h,016h,00bh,039h
       0B 39
 4390  0F 02 05 1A 0D 51      C  DB 00fh,002h,005h,01ah,00dh,051h,075h,069h
       75 69
 4398  74 20 57 69 74 68      C  DB 074h,020h,057h,069h,074h,068h,06fh,075h
       6F 75
 43A0  74 20 53 61 76 69      C  DB 074h,020h,053h,061h,076h,069h,06eh,067h
       6E 67
 43A8  20 28 59 2F 4E 29      C  DB 020h,028h,059h,02fh,04eh,029h,03fh,020h
       3F 20
 43B0  00 07 02 16 0B 39      C  DB 000h,007h,002h,016h,00bh,039h,00fh,002h
       0F 02
 43B8  05 19 0C 4E 4F 54      C  DB 005h,019h,00ch,04eh,04fh,054h,020h,041h
       20 41
 43C0  56 41 49 4C 41 42      C  DB 056h,041h,049h,04ch,041h,042h,04ch,045h
       4C 45
 43C8  20 69 6E 20 44 4F      C  DB 020h,069h,06eh,020h,044h,04fh,053h,020h
       53 20
 43D0  76 65 72 73 69 6F      C  DB 076h,065h,072h,073h,069h,06fh,06eh,020h
       6E 20
 43D8  21 09 04 1A 0E E0      C  DB 021h,009h,004h,01ah,00eh,0e0h,043h,000h
       43 00
 43E0  50 72 65 73 73 20      C  DB 050h,072h,065h,073h,073h,020h,061h,06eh
       61 6E
 43E8  79 20 6B 65 79 20      C  DB 079h,020h,06bh,065h,079h,020h,074h,06fh
       74 6F
 43F0  20 63 6F 6E 74 69      C  DB 020h,063h,06fh,06eh,074h,069h,06eh,075h
       6E 75
 43F8  65 2E 2E 2E 00 07      C  DB 065h,02eh,02eh,02eh,000h,007h,002h,016h
       02 16
 4400  0C 39 0F 02 05 1D      C  DB 00ch,039h,00fh,002h,005h,01dh,00dh,050h
       0D 50
 4408  41 53 53 57 4F 52      C  DB 041h,053h,053h,057h,04fh,052h,044h,020h
       44 20
 4410  44 49 53 41 42 4C      C  DB 044h,049h,053h,041h,042h,04ch,045h,044h
       45 44
 4418  20 21 21 21 20 20      C  DB 020h,021h,021h,021h,020h,020h,009h,004h
       09 04
 4420  1A 0E E0 43 00 0A      C  DB 01ah,00eh,0e0h,043h,000h,00ah,002h,000h
       02 00
 4428  03 4F 18 03 05 23      C  DB 003h,04fh,018h,003h,005h,023h,017h,045h
       17 45
 4430  53 43 20 3A 20 53      C  DB 053h,043h,020h,03ah,020h,053h,06bh,069h
       6B 69
 4438  70 04 FF FF 30 49      C  DB 070h,004h,0ffh,0ffh,030h,049h,000h,007h
       00 07
 4440  02 07 0E 4A 16 02      C  DB 002h,007h,00eh,04ah,016h,002h,005h,01ah
       05 1A
 4448  0F 41 75 74 6F 2D      C  DB 00fh,041h,075h,074h,06fh,02dh,044h,065h
       44 65
 4450  74 65 63 74 69 6E      C  DB 074h,065h,063h,074h,069h,06eh,067h,020h
       67 20
 4458  10 48 47 2E 2E 2E      C  DB 010h,048h,047h,02eh,02eh,02eh,000h,007h
       00 07
 4460  02 0D 12 46 12 00      C  DB 002h,00dh,012h,046h,012h,000h,004h,013h
       04 13
 4468  11 B7 4E 05 0D 11      C  DB 011h,0b7h,04eh,005h,00dh,011h,04fh,050h
       4F 50
 4470  54 49 4F 4E 53 0C      C  DB 054h,049h,04fh,04eh,053h,00ch,006h,053h
       06 53
 4478  49 5A 45 05 11 13      C  DB 049h,05ah,045h,005h,011h,013h,028h,059h
       28 59
 4480  29 03 16 0F 37 0F      C  DB 029h,003h,016h,00fh,037h,00fh,005h,014h
       05 14
 4488  0F 53 65 6C 65 63      C  DB 00fh,053h,065h,06ch,065h,063h,074h,020h
       74 20
 4490  10 48 47 20 4F 70      C  DB 010h,048h,047h,020h,04fh,070h,074h,069h
       74 69
 4498  6F 6E 20 28 4E 3D      C  DB 06fh,06eh,020h,028h,04eh,03dh,053h,06bh
       53 6B
 44A0  69 70 29 20 3A 20      C  DB 069h,070h,029h,020h,03ah,020h,000h,007h
       00 07
 44A8  03 16 0F 37 0F 05      C  DB 003h,016h,00fh,037h,00fh,005h,01bh,00fh
       1B 0F
 44B0  48 44 44 20 4E 6F      C  DB 048h,044h,044h,020h,04eh,06fh,074h,020h
       74 20
 44B8  46 6F 75 6E 64 2E      C  DB 046h,06fh,075h,06eh,064h,02eh,02eh,02eh
       2E 2E
 44C0  2E 04 FF FF C7 44      C  DB 02eh,004h,0ffh,0ffh,0c7h,044h,000h,008h
       00 08
 44C8  09 04 16 16 E0 43      C  DB 009h,004h,016h,016h,0e0h,043h,000h,020h
       00 20
 44D0  20 20 20 00 08 03      C  DB 020h,020h,020h,000h,008h,003h,016h,00bh
       16 0B
 44D8  39 0F 00 08 03 12      C  DB 039h,00fh,000h,008h,003h,012h,00bh,03dh
       0B 3D
 44E0  0F 00 07 02 16 0B      C  DB 00fh,000h,007h,002h,016h,00bh,039h,00fh
       39 0F
 44E8  03 05 1A 0D 4C 6F      C  DB 003h,005h,01ah,00dh,04ch,06fh,061h,064h
       61 64
 44F0  20 20 42 49 4F 53      C  DB 020h,020h,042h,049h,04fh,053h,020h,044h
       20 44
 44F8  65 66 61 75 6C 74      C  DB 065h,066h,061h,075h,06ch,074h,073h,020h
       73 20
 4500  28 59 2F 4E 29 3F      C  DB 028h,059h,02fh,04eh,029h,03fh,020h,000h
       20 00
 4508  04 FF FF E2 44 05      C  DB 004h,0ffh,0ffh,0e2h,044h,005h,01fh,00dh
       1F 0D
 4510  53 45 54 55 50 0C      C  DB 053h,045h,054h,055h,050h,00ch,011h,000h
       11 00
 4518  81 BE A0 00 1B 01      C  DB 081h,0beh,0a0h,000h,01bh,001h,074h,002h
       74 02
 4520  F8 C3 81 BE 8E 00      C  DB 0f8h,0c3h,081h,0beh,08eh,000h,0c2h,03fh
       C2 3F
 4528  75 05 E8 39 00 F8      C  DB 075h,005h,0e8h,039h,000h,0f8h,0c3h,0e8h
       C3 E8
 4530  01 00 C3 C6 86 B3      C  DB 001h,000h,0c3h,0c6h,086h,0b3h,001h,02eh
       01 2E
 4538  C6 86 B5 00 00 B0      C  DB 0c6h,086h,0b5h,000h,000h,0b0h,001h,0e8h
       01 E8
 4540  E7 E4 C3 C6 86 B3      C  DB 0e7h,0e4h,0c3h,0c6h,086h,0b3h,001h,02fh
       01 2F
 4548  B0 02 E8 DC E4 C3      C  DB 0b0h,002h,0e8h,0dch,0e4h,0c3h,0b0h,003h
       B0 03
 4550  E8 D6 E4 C3 B0 04      C  DB 0e8h,0d6h,0e4h,0c3h,0b0h,004h,0e8h,0d0h
       E8 D0
 4558  E4 C3 B0 05 E8 CA      C  DB 0e4h,0c3h,0b0h,005h,0e8h,0cah,0e4h,0c3h
       E4 C3
 4560  B0 06 E8 C4 E4 C3      C  DB 0b0h,006h,0e8h,0c4h,0e4h,0c3h,0beh,08bh
       BE 8B
 4568  43 E8 2A F1 F9 E8      C  DB 043h,0e8h,02ah,0f1h,0f9h,0e8h,054h,0e6h
       54 E6
 4570  75 02 73 03 E9 65      C  DB 075h,002h,073h,003h,0e9h,065h,002h,08bh
       02 8B
 4578  A6 1A 01 E9 93 E4      C  DB 0a6h,01ah,001h,0e9h,093h,0e4h,03dh,000h
       3D 00
 4580  44 74 01 C3 81 BE      C  DB 044h,074h,001h,0c3h,081h,0beh,08eh,000h
       8E 00
 4588  C2 3F 75 F7 BE 63      C  DB 0c2h,03fh,075h,0f7h,0beh,063h,043h,0e8h
       43 E8
 4590  04 F1 F9 E8 2E E6      C  DB 004h,0f1h,0f9h,0e8h,02eh,0e6h,075h,002h
       75 02
 4598  73 03 E9 3F 02 80      C  DB 073h,003h,0e9h,03fh,002h,080h,0beh,02dh
       BE 2D
 45A0  01 02 75 1F BE CA      C  DB 001h,002h,075h,01fh,0beh,0cah,045h,0e8h
       45 E8
 45A8  EC F0 F9 E8 16 E6      C  DB 0ech,0f0h,0f9h,0e8h,016h,0e6h,074h,005h
       74 05
 45B0  E8 D1 EE EB D7 72      C  DB 0e8h,0d1h,0eeh,0ebh,0d7h,072h,00ch,0c6h
       0C C6
 45B8  86 2D 01 AA B8 BE      C  DB 086h,02dh,001h,0aah,0b8h,0beh,0ddh,050h
       DD 50
 45C0  E9 12 E4 8B A6 1A      C  DB 0e9h,012h,0e4h,08bh,0a6h,01ah,001h,0e9h
       01 E9
 45C8  0B E4 07 05 36 0D      C  DB 00bh,0e4h,007h,005h,036h,00dh,059h,002h
       59 02
 45D0  21 0E 3B 12 02 05      C  DB 021h,00eh,03bh,012h,002h,005h,024h,010h
       24 10
 45D8  52 65 62 6F 6F 74      C  DB 052h,065h,062h,06fh,06fh,074h,020h,053h
       20 53
 45E0  79 73 74 65 6D 20      C  DB 079h,073h,074h,065h,06dh,020h,028h,059h
       28 59
 45E8  2F 4E 29 3F 20 00      C  DB 02fh,04eh,029h,03fh,020h,000h,0e8h,0a5h
       E8 A5
 45F0  F0 E8 36 EC E9 E5      C  DB 0f0h,0e8h,036h,0ech,0e9h,0e5h,001h,080h
       01 80
 45F8  BE 2D 01 AA 74 05      C  DB 0beh,02dh,001h,0aah,074h,005h,0beh,0b1h
       BE B1
 4600  43 EB EB 8D 36 25      C  DB 043h,0ebh,0ebh,08dh,036h,025h,044h,0e8h
       44 E8
 4608  8C F0 1E 06 B9 04      C  DB 08ch,0f0h,01eh,006h,0b9h,004h,000h,0bbh
       00 BB
 4610  B4 4A 88 8E AB 00      C  DB 0b4h,04ah,088h,08eh,0abh,000h,051h,053h
       51 53
 4618  E8 1B 00 5B 72 09      C  DB 0e8h,01bh,000h,05bh,072h,009h,0c7h,086h
       C7 86
 4620  A0 00 2B 4E E8 7E      C  DB 0a0h,000h,02bh,04eh,0e8h,07eh,00dh,059h
       0D 59
 4628  81 C3 C8 00 E2 E4      C  DB 081h,0c3h,0c8h,000h,0e2h,0e4h,0e8h,053h
       E8 53
 4630  EE 07 1F E9 D8 F5      C  DB 0eeh,007h,01fh,0e9h,0d8h,0f5h,08dh,036h
       8D 36
 4638  3F 44 E8 59 F0 FF      C  DB 03fh,044h,0e8h,059h,0f0h,0ffh,076h,03bh
       76 3B
 4640  FF 76 79 E8 3C 0E      C  DB 0ffh,076h,079h,0e8h,03ch,00eh,0ffh,076h
       FF 76
 4648  12 FF 32 8B C7 B9      C  DB 012h,0ffh,032h,08bh,0c7h,0b9h,008h,000h
       08 00
 4650  FF 33 83 C7 02 E2      C  DB 0ffh,033h,083h,0c7h,002h,0e2h,0f9h,08bh
       F9 8B
 4658  F8 90 C7 86 A2 00      C  DB 0f8h,090h,0c7h,086h,0a2h,000h,04eh,06eh
       4E 6E
 4660  C7 86 A4 00 59 79      C  DB 0c7h,086h,0a4h,000h,059h,079h,0c7h,086h
       C7 86
 4668  A6 00 31 00 C6 86      C  DB 0a6h,000h,031h,000h,0c6h,086h,0a8h,000h
       A8 00
 4670  00 C7 86 B4 01 1B      C  DB 000h,0c7h,086h,0b4h,001h,01bh,001h,0e8h
       01 E8
 4678  15 31 C6 86 24 01      C  DB 015h,031h,0c6h,086h,024h,001h,013h,0c6h
       13 C6
 4680  86 A9 00 00 F6 C6      C  DB 086h,0a9h,000h,000h,0f6h,0c6h,002h,074h
       02 74
 4688  15 C6 86 A9 00 01      C  DB 015h,0c6h,086h,0a9h,000h,001h,0b0h,001h
       B0 01
 4690  B4 01 E8 71 00 FE      C  DB 0b4h,001h,0e8h,071h,000h,0feh,086h,024h
       86 24
 4698  01 C6 86 A7 00 32      C  DB 001h,0c6h,086h,0a7h,000h,032h,032h,0c0h
       32 C0
 46A0  E8 63 00 E8 DC 0D      C  DB 0e8h,063h,000h,0e8h,0dch,00dh,081h,03bh
       81 3B
 46A8  00 04 76 0E FE 86      C  DB 000h,004h,076h,00eh,0feh,086h,024h,001h
       24 01
 46B0  B0 02 E8 51 00 C6      C  DB 0b0h,002h,0e8h,051h,000h,0c6h,086h,0a8h
       86 A8
 46B8  00 33 BE 5F 44 E8      C  DB 000h,033h,0beh,05fh,044h,0e8h,0d6h,0efh
       D6 EF
 46C0  B9 07 00 E8 24 E5      C  DB 0b9h,007h,000h,0e8h,024h,0e5h,075h,01bh
       75 1B
 46C8  8A 86 A9 00 73 09      C  DB 08ah,086h,0a9h,000h,073h,009h,083h,0feh
       83 FE
 46D0  01 76 10 8B C6 2C      C  DB 001h,076h,010h,08bh,0c6h,02ch,004h,024h
       04 24
 46D8  03 C6 86 24 01 01      C  DB 003h,0c6h,086h,024h,001h,001h,0e8h,042h
       E8 42
 46E0  00 EB 1E E8 9C 0D      C  DB 000h,0ebh,01eh,0e8h,09ch,00dh,0b9h,008h
       B9 08
 46E8  00 83 C7 0E 8F 03      C  DB 000h,083h,0c7h,00eh,08fh,003h,083h,0efh
       83 EF
 46F0  02 E2 F9 8F 02 8F      C  DB 002h,0e2h,0f9h,08fh,002h,08fh,046h,012h
       46 12
 46F8  8F 46 79 8F 46 3B      C  DB 08fh,046h,079h,08fh,046h,03bh,0f9h,0ebh
       F9 EB
 4700  04 F8 83 C4 18 C3      C  DB 004h,0f8h,083h,0c4h,018h,0c3h,050h,050h
       50 50
 4708  E8 4F F1 58 8A A6      C  DB 0e8h,04fh,0f1h,058h,08ah,0a6h,024h,001h
       24 01
 4710  88 A6 82 00 C6 86      C  DB 088h,0a6h,082h,000h,0c6h,086h,081h,000h
       81 00
 4718  10 0C 30 FE C0 E8      C  DB 010h,00ch,030h,0feh,0c0h,0e8h,0a3h,0f1h
       A3 F1
 4720  58 EB 00 E8 5C 0D      C  DB 058h,0ebh,000h,0e8h,05ch,00dh,052h,08bh
       52 8B
 4728  DA 81 C3 AF 00 8A      C  DB 0dah,081h,0c3h,0afh,000h,08ah,0d0h,032h
       D0 32
 4730  F6 E8 BD EB 5A 8B      C  DB 0f6h,0e8h,0bdh,0ebh,05ah,08bh,0dah,0e8h
       DA E8
 4738  AE ED C6 86 29 01      C  DB 0aeh,0edh,0c6h,086h,029h,001h,0ffh,0e8h
       FF E8
 4740  61 0E C6 86 29 01      C  DB 061h,00eh,0c6h,086h,029h,001h,000h,0c3h
       00 C3
 4748  60 BE 65 47 8A 86      C  DB 060h,0beh,065h,047h,08ah,086h,0abh,000h
       AB 00
 4750  FE C8 32 E4 D1 E0      C  DB 0feh,0c8h,032h,0e4h,0d1h,0e0h,003h,0f0h
       03 F0
 4758  2E 8B 34 E8 38 EF      C  DB 02eh,08bh,034h,0e8h,038h,0efh,080h,0aeh
       80 AE
 4760  81 00 03 61 C3 0A      C  DB 081h,000h,003h,061h,0c3h,00ah,04fh,0f6h
       4F F6
 4768  4E E2 4E A3 4E 60      C  DB 04eh,0e2h,04eh,0a3h,04eh,060h,0e8h,015h
       E8 15
 4770  00 73 0F 80 66 11      C  DB 000h,073h,00fh,080h,066h,011h,0fdh,00ah
       FD 0A
 4778  C9 74 07 89 46 1C      C  DB 0c9h,074h,007h,089h,046h,01ch,080h,04eh
       80 4E
 4780  11 02 61 EB 57 90      C  DB 011h,002h,061h,0ebh,057h,090h,0e8h,0cdh
       E8 CD
 4788  F4 73 15 81 BE A0      C  DB 0f4h,073h,015h,081h,0beh,0a0h,000h,01bh
       00 1B
 4790  01 74 1F BE FD 43      C  DB 001h,074h,01fh,0beh,0fdh,043h,0e8h,0fdh
       E8 FD
 4798  EE E8 8E EA 32 C9      C  DB 0eeh,0e8h,08eh,0eah,032h,0c9h,0ebh,010h
       EB 10
 47A0  50 E8 B7 F4 73 03      C  DB 050h,0e8h,0b7h,0f4h,073h,003h,058h,0ebh
       58 EB
 47A8  DD 5A 3B C2 75 D8      C  DB 0ddh,05ah,03bh,0c2h,075h,0d8h,0b1h,001h
       B1 01
 47B0  F9 C3 F8 C3 BE E2      C  DB 0f9h,0c3h,0f8h,0c3h,0beh,0e2h,044h,0bfh
       44 BF
 47B8  13 00 E8 0B 00 C3      C  DB 013h,000h,0e8h,00bh,000h,0c3h,0beh,008h
       BE 08
 47C0  45 BF 15 00 E8 01      C  DB 045h,0bfh,015h,000h,0e8h,001h,000h,0c3h
       00 C3
 47C8  E8 CB EE F9 E8 F5      C  DB 0e8h,0cbh,0eeh,0f9h,0e8h,0f5h,0e3h,075h
       E3 75
 47D0  0B 72 09 B9 03 00      C  DB 00bh,072h,009h,0b9h,003h,000h,0e8h,02ah
       E8 2A
 47D8  E6 E8 57 FD BE D4      C  DB 0e6h,0e8h,057h,0fdh,0beh,0d4h,044h,0e8h
       44 E8
 47E0  B4 EE E8 B6 EC E9      C  DB 0b4h,0eeh,0e8h,0b6h,0ech,0e9h,026h,0f4h
       26 F4
 47E8  0D 00 D4 4D 0B 57      C  DB 00dh,000h,0d4h,04dh,00bh,057h,063h,04bh
       63 4B
 47F0  43 58 2B 4C 43 58      C  DB 043h,058h,02bh,04ch,043h,058h,0f3h,04ch
       F3 4C
 47F8  43 58 BB 4D 43 58      C  DB 043h,058h,0bbh,04dh,043h,058h,0a1h,049h
       A1 49
 4800  28 52 88 49 28 52      C  DB 028h,052h,088h,049h,028h,052h,06fh,049h
       6F 49
 4808  28 52 56 49 28 52      C  DB 028h,052h,056h,049h,028h,052h,0ech,049h
       EC 49
 4810  04 52 05 4A 04 52      C  DB 004h,052h,005h,04ah,004h,052h,01eh,04ah
       1E 4A
 4818  04 52 BA 49 33 52      C  DB 004h,052h,0bah,049h,033h,052h,009h,000h
       09 00
 4820  69 4A 6B 53 82 4A      C  DB 069h,04ah,06bh,053h,082h,04ah,067h,053h
       67 53
 4828  9B 4A 63 53 A1 49      C  DB 09bh,04ah,063h,053h,0a1h,049h,05bh,052h
       5B 52
 4830  88 49 8E 52 6F 49      C  DB 088h,049h,08eh,052h,06fh,049h,08eh,052h
       8E 52
 4838  56 49 8E 52 D3 49      C  DB 056h,049h,08eh,052h,0d3h,049h,0a5h,052h
       A5 52
 4840  BA 49 69 52 DE 39      C  DB 0bah,049h,069h,052h,0deh,039h,0fdh,039h
       FD 39
 4848  DE 39 FD 39 0A 02      C  DB 0deh,039h,0fdh,039h,00ah,002h,028h,00fh
       28 0F
 4850  4F 15 00 02 00 03      C  DB 04fh,015h,000h,002h,000h,003h,04fh,018h
       4F 18
 4858  01 02 00 15 4F 18      C  DB 001h,002h,000h,015h,04fh,018h,001h,002h
       01 02
 4860  00 15 4F 15 00 05      C  DB 000h,015h,04fh,015h,000h,005h,000h,015h
       00 15
 4868  C7 05 4F 15 B6 05      C  DB 0c7h,005h,04fh,015h,0b6h,005h,028h,015h
       28 15
 4870  C1 05 4F 0F B6 04      C  DB 0c1h,005h,04fh,00fh,0b6h,004h,0ffh,0ffh
       FF FF
 4878  7B 3F 05 1E 01 53      C  DB 07bh,03fh,005h,01eh,001h,053h,054h,041h
       54 41
 4880  4E 44 41 52 44 20      C  DB 04eh,044h,041h,052h,044h,020h,043h,04dh
       43 4D
 4888  4F 53 20 53 45 54      C  DB 04fh,053h,020h,053h,045h,054h,055h,050h
       55 50
 4890  04 FF FF 30 49 05      C  DB 004h,0ffh,0ffh,030h,049h,005h,002h,016h
       02 16
 4898  45 53 43 20 3A 20      C  DB 045h,053h,043h,020h,03ah,020h,051h,075h
       51 75
 48A0  69 74 05 02 17 46      C  DB 069h,074h,005h,002h,017h,046h,031h,020h
       31 20
 48A8  20 3A 20 48 65 6C      C  DB 020h,03ah,020h,048h,065h,06ch,070h,005h
       70 05
 48B0  1B 16 18 20 19 20      C  DB 01bh,016h,018h,020h,019h,020h,01ah,020h
       1A 20
 48B8  1B 20 20 20 3A 20      C  DB 01bh,020h,020h,020h,03ah,020h,053h,065h
       53 65
 48C0  6C 65 63 74 20 49      C  DB 06ch,065h,063h,074h,020h,049h,074h,065h
       74 65
 48C8  6D 05 1B 17 28 53      C  DB 06dh,005h,01bh,017h,028h,053h,068h,069h
       68 69
 48D0  66 74 29 46 32 20      C  DB 066h,074h,029h,046h,032h,020h,03ah,020h
       3A 20
 48D8  43 68 61 6E 67 65      C  DB 043h,068h,061h,06eh,067h,065h,020h,043h
       20 43
 48E0  6F 6C 6F 72 05 39      C  DB 06fh,06ch,06fh,072h,005h,039h,016h,050h
       16 50
 48E8  55 2F 50 44 2F 2B      C  DB 055h,02fh,050h,044h,02fh,02bh,02fh,02dh
       2F 2D
 48F0  20 3A 20 4D 6F 64      C  DB 020h,03ah,020h,04dh,06fh,064h,069h,066h
       69 66
 48F8  79 00 28 0C 04 4D      C  DB 079h,000h,028h,00ch,004h,04dh,062h,029h
       62 29
 4900  00 0A 02 15 08 3C      C  DB 000h,00ah,002h,015h,008h,03ch,016h,003h
       16 03
 4908  05 16 15 06 50 72      C  DB 005h,016h,015h,006h,050h,072h,065h,073h
       65 73
 4910  73 20 46 31 20 6F      C  DB 073h,020h,046h,031h,020h,06fh,072h,020h
       72 20
 4918  45 53 43 20 74 6F      C  DB 045h,053h,043h,020h,074h,06fh,020h,065h
       20 65
 4920  78 69 74 20 68 65      C  DB 078h,069h,074h,020h,068h,065h,06ch,070h
       6C 70
 4928  00 08 03 15 08 3C      C  DB 000h,008h,003h,015h,008h,03ch,016h,000h
       16 00
 4930  08 02 05 09 4B 09      C  DB 008h,002h,005h,009h,04bh,009h,000h,005h
       00 05
 4938  05 08 48 41 52 44      C  DB 005h,008h,048h,041h,052h,044h,020h,044h
       20 44
 4940  49 53 4B 53 0C 09      C  DB 049h,053h,04bh,053h,00ch,009h,054h,059h
       54 59
 4948  50 45 0C 03 53 49      C  DB 050h,045h,00ch,003h,053h,049h,05ah,045h
       5A 45
 4950  04 18 08 B7 4E 00      C  DB 004h,018h,008h,0b7h,04eh,000h,0c0h,009h
       C0 09
 4958  3C 4E FF FF 00 00      C  DB 03ch,04eh,0ffh,0ffh,000h,000h,008h,0ffh
       08 FF
 4960  00 A0 50 01 00 0C      C  DB 000h,0a0h,050h,001h,000h,00ch,000h,005h
       00 05
 4968  05 01 00 01 00 11      C  DB 005h,001h,000h,001h,000h,011h,051h,0c0h
       51 C0
 4970  03 38 4E FF FF 00      C  DB 003h,038h,04eh,0ffh,0ffh,000h,000h,007h
       00 07
 4978  FF 00 38 4E 01 00      C  DB 0ffh,000h,038h,04eh,001h,000h,01fh,000h
       1F 00
 4980  20 05 01 00 01 00      C  DB 020h,005h,001h,000h,001h,000h,011h,051h
       11 51
 4988  C4 03 38 4E FF FF      C  DB 0c4h,003h,038h,04eh,0ffh,0ffh,000h,000h
       00 00
 4990  32 FF 00 38 4E 13      C  DB 032h,0ffh,000h,038h,04eh,013h,000h,014h
       00 14
 4998  00 23 05 13 00 13      C  DB 000h,023h,005h,013h,000h,013h,000h,011h
       00 11
 49A0  51 C4 03 38 4E FF      C  DB 051h,0c4h,003h,038h,04eh,0ffh,0ffh,000h
       FF 00
 49A8  00 09 FF 00 38 4E      C  DB 000h,009h,0ffh,000h,038h,04eh,000h,000h
       00 00
 49B0  63 00 25 05 5F 00      C  DB 063h,000h,025h,005h,05fh,000h,05fh,000h
       5F 00
 49B8  11 51 81 13 38 4E      C  DB 011h,051h,081h,013h,038h,04eh,0ffh,0ffh
       FF FF
 49C0  00 00 B3 FF FF 38      C  DB 000h,000h,0b3h,0ffh,0ffh,038h,04eh,0cah
       4E CA
 49C8  07 33 08 23 05 CA      C  DB 007h,033h,008h,023h,005h,0cah,007h,0cah
       07 CA
 49D0  07 11 51 84 00 38      C  DB 007h,011h,051h,084h,000h,038h,04eh,0ffh
       4E FF
 49D8  FF 00 00 B2 FF 00      C  DB 0ffh,000h,000h,0b2h,0ffh,000h,0d0h,050h
       D0 50
 49E0  00 00 06 00 17 05      C  DB 000h,000h,006h,000h,017h,005h,000h,000h
       00 00
 49E8  01 00 11 51 C0 03      C  DB 001h,000h,011h,051h,0c0h,003h,051h,04eh
       51 4E
 49F0  FF FF 00 00 04 FF      C  DB 0ffh,0ffh,000h,000h,004h,0ffh,000h,038h
       00 38
 49F8  4E 00 00 17 00 05      C  DB 04eh,000h,000h,017h,000h,005h,006h,000h
       06 00
 4A00  00 00 00 45 51 C0      C  DB 000h,000h,000h,045h,051h,0c0h,003h,039h
       03 39
 4A08  4E FF FF 00 00 02      C  DB 04eh,0ffh,0ffh,000h,000h,002h,0ffh,000h
       FF 00
 4A10  38 4E 00 00 3B 00      C  DB 038h,04eh,000h,000h,03bh,000h,01ah,006h
       1A 06
 4A18  00 00 00 00 45 51      C  DB 000h,000h,000h,000h,045h,051h,0c0h,003h
       C0 03
 4A20  39 4E FF FF 00 00      C  DB 039h,04eh,0ffh,0ffh,000h,000h,000h,0ffh
       00 FF
 4A28  00 38 4E 00 00 3B      C  DB 000h,038h,04eh,000h,000h,03bh,000h,01fh
       00 1F
 4A30  06 00 00 00 00 45      C  DB 006h,000h,000h,000h,000h,045h,051h,008h
       51 08
 4A38  00 64 4E FF FF 00      C  DB 000h,064h,04eh,0ffh,0ffh,000h,000h,011h
       00 11
 4A40  04 00 8E 50 00 00      C  DB 004h,000h,08eh,050h,000h,000h,001h,000h
       01 00
 4A48  05 07 00 00 00 00      C  DB 005h,007h,000h,000h,000h,000h,038h,04eh
       38 4E
 4A50  C5 1A 3A 4F FF FF      C  DB 0c5h,01ah,03ah,04fh,0ffh,0ffh,000h,000h
       00 00
 4A58  15 FF FF 38 4E 00      C  DB 015h,0ffh,0ffh,038h,04eh,000h,000h,0ffh
       00 FF
 4A60  FF 2F 10 00 00 01      C  DB 0ffh,02fh,010h,000h,000h,001h,000h,038h
       00 38
 4A68  4E C5 1A 48 4F FF      C  DB 04eh,0c5h,01ah,048h,04fh,0ffh,0ffh,000h
       FF 00
 4A70  00 30 FF FF 38 4E      C  DB 000h,030h,0ffh,0ffh,038h,04eh,000h,000h
       00 00
 4A78  FF FF 2F 11 00 00      C  DB 0ffh,0ffh,02fh,011h,000h,000h,001h,000h
       01 00
 4A80  38 4E C4 00 64 4F      C  DB 038h,04eh,0c4h,000h,064h,04fh,0ffh,0ffh
       FF FF
 4A88  00 00 00 FF FF 38      C  DB 000h,000h,000h,0ffh,0ffh,038h,04eh,000h
       4E 00
 4A90  00 FF FF 2F 12 00      C  DB 000h,0ffh,0ffh,02fh,012h,000h,000h,001h
       00 01
 4A98  00 38 4E C4 00 79      C  DB 000h,038h,04eh,0c4h,000h,079h,04fh,0ffh
       4F FF
 4AA0  FF 00 00 00 FF FF      C  DB 0ffh,000h,000h,000h,0ffh,0ffh,038h,04eh
       38 4E
 4AA8  00 00 FF FF 2F 14      C  DB 000h,000h,0ffh,0ffh,02fh,014h,000h,000h
       00 00
 4AB0  01 00 38 4E 00 13      C  DB 001h,000h,038h,04eh,000h,013h,0a3h,04eh
       A3 4E
 4AB8  FF FF 02 00 19 FF      C  DB 0ffh,0ffh,002h,000h,019h,0ffh,000h,038h
       00 38
 4AC0  4E 00 00 31 00 05      C  DB 04eh,000h,000h,031h,000h,005h,00ah,000h
       0A 00
 4AC8  00 00 00 69 51 85      C  DB 000h,000h,000h,069h,051h,085h,012h,038h
       12 38
 4AD0  4E FF FF 00 00 9C      C  DB 04eh,0ffh,0ffh,000h,000h,09ch,0ffh,0ffh
       FF FF
 4AD8  38 4E 00 00 FF FF      C  DB 038h,04eh,000h,000h,0ffh,0ffh,01fh,00ah
       1F 0A
 4AE0  00 00 00 00 69 51      C  DB 000h,000h,000h,000h,069h,051h,081h,01bh
       81 1B
 4AE8  38 4E FF FF 00 00      C  DB 038h,04eh,0ffh,0ffh,000h,000h,094h,0ffh
       94 FF
 4AF0  FF 38 4E 00 00 FF      C  DB 0ffh,038h,04eh,000h,000h,0ffh,0ffh,026h
       FF 26
 4AF8  0A 00 00 00 00 69      C  DB 00ah,000h,000h,000h,000h,069h,051h,080h
       51 80
 4B00  13 38 4E FF FF 00      C  DB 013h,038h,04eh,0ffh,0ffh,000h,000h,096h
       00 96
 4B08  FF 00 38 4E 00 00      C  DB 0ffh,000h,038h,04eh,000h,000h,0ffh,000h
       FF 00
 4B10  2C 0A 00 00 00 00      C  DB 02ch,00ah,000h,000h,000h,000h,069h,051h
       69 51
 4B18  81 1B 38 4E FF FF      C  DB 081h,01bh,038h,04eh,0ffh,0ffh,000h,000h
       00 00
 4B20  97 FF FF 38 4E 00      C  DB 097h,0ffh,0ffh,038h,04eh,000h,000h,0ffh
       00 FF
 4B28  FF 33 0A 00 00 00      C  DB 0ffh,033h,00ah,000h,000h,000h,000h,069h
       00 69
 4B30  51 81 1B 38 4E FF      C  DB 051h,081h,01bh,038h,04eh,0ffh,0ffh,000h
       FF 00
 4B38  00 99 FF FF 38 4E      C  DB 000h,099h,0ffh,0ffh,038h,04eh,000h,000h
       00 00
 4B40  FF FF 39 0A 00 00      C  DB 0ffh,0ffh,039h,00ah,000h,000h,000h,000h
       00 00
 4B48  69 51 80 13 38 4E      C  DB 069h,051h,080h,013h,038h,04eh,0ffh,0ffh
       FF FF
 4B50  00 00 9B FF 00 38      C  DB 000h,000h,09bh,0ffh,000h,038h,04eh,000h
       4E 00
 4B58  00 FF 00 41 0A 00      C  DB 000h,0ffh,000h,041h,00ah,000h,000h,000h
       00 00
 4B60  00 69 51 80 00 38      C  DB 000h,069h,051h,080h,000h,038h,04eh,0ffh
       4E FF
 4B68  FF 00 00 3B 0C 00      C  DB 0ffh,000h,000h,03bh,00ch,000h,01eh,04fh
       1E 4F
 4B70  00 00 02 00 46 0A      C  DB 000h,000h,002h,000h,046h,00ah,000h,000h
       00 00
 4B78  00 00 69 51 00 13      C  DB 000h,000h,069h,051h,000h,013h,0e2h,04eh
       E2 4E
 4B80  FF FF 02 00 1A FF      C  DB 0ffh,0ffh,002h,000h,01ah,0ffh,000h,038h
       00 38
 4B88  4E 00 00 30 00 05      C  DB 04eh,000h,000h,030h,000h,005h,00bh,000h
       0B 00
 4B90  00 00 00 69 51 85      C  DB 000h,000h,000h,069h,051h,085h,012h,038h
       12 38
 4B98  4E FF FF 00 00 9C      C  DB 04eh,0ffh,0ffh,000h,000h,09ch,0ffh,0ffh
       FF FF
 4BA0  38 4E 00 00 FF FF      C  DB 038h,04eh,000h,000h,0ffh,0ffh,01fh,00bh
       1F 0B
 4BA8  00 00 00 00 69 51      C  DB 000h,000h,000h,000h,069h,051h,081h,01bh
       81 1B
 4BB0  38 4E FF FF 00 00      C  DB 038h,04eh,0ffh,0ffh,000h,000h,094h,0ffh
       94 FF
 4BB8  FF 38 4E 00 00 FF      C  DB 0ffh,038h,04eh,000h,000h,0ffh,0ffh,026h
       FF 26
 4BC0  0B 00 00 00 00 69      C  DB 00bh,000h,000h,000h,000h,069h,051h,080h
       51 80
 4BC8  13 38 4E FF FF 00      C  DB 013h,038h,04eh,0ffh,0ffh,000h,000h,096h
       00 96
 4BD0  FF 00 38 4E 00 00      C  DB 0ffh,000h,038h,04eh,000h,000h,0ffh,000h
       FF 00
 4BD8  2C 0B 00 00 00 00      C  DB 02ch,00bh,000h,000h,000h,000h,069h,051h
       69 51
 4BE0  81 1B 38 4E FF FF      C  DB 081h,01bh,038h,04eh,0ffh,0ffh,000h,000h
       00 00
 4BE8  97 FF FF 38 4E 00      C  DB 097h,0ffh,0ffh,038h,04eh,000h,000h,0ffh
       00 FF
 4BF0  FF 33 0B 00 00 00      C  DB 0ffh,033h,00bh,000h,000h,000h,000h,069h
       00 69
 4BF8  51 81 1B 38 4E FF      C  DB 051h,081h,01bh,038h,04eh,0ffh,0ffh,000h
       FF 00
 4C00  00 99 FF FF 38 4E      C  DB 000h,099h,0ffh,0ffh,038h,04eh,000h,000h
       00 00
 4C08  FF FF 39 0B 00 00      C  DB 0ffh,0ffh,039h,00bh,000h,000h,000h,000h
       00 00
 4C10  69 51 80 13 38 4E      C  DB 069h,051h,080h,013h,038h,04eh,0ffh,0ffh
       FF FF
 4C18  00 00 9B FF 00 38      C  DB 000h,000h,09bh,0ffh,000h,038h,04eh,000h
       4E 00
 4C20  00 FF 00 41 0B 00      C  DB 000h,0ffh,000h,041h,00bh,000h,000h,000h
       00 00
 4C28  00 69 51 80 00 38      C  DB 000h,069h,051h,080h,000h,038h,04eh,0ffh
       4E FF
 4C30  FF 00 00 3C 0C 00      C  DB 0ffh,000h,000h,03ch,00ch,000h,01eh,04fh
       1E 4F
 4C38  00 00 02 00 46 0B      C  DB 000h,000h,002h,000h,046h,00bh,000h,000h
       00 00
 4C40  00 00 69 51 00 13      C  DB 000h,000h,069h,051h,000h,013h,0f6h,04eh
       F6 4E
 4C48  FF FF 02 00 67 7F      C  DB 0ffh,0ffh,002h,000h,067h,07fh,000h,038h
       00 38
 4C50  4E 00 00 33 00 05      C  DB 04eh,000h,000h,033h,000h,005h,00ch,000h
       0C 00
 4C58  00 00 00 69 51 85      C  DB 000h,000h,000h,069h,051h,085h,012h,038h
       12 38
 4C60  4E FF FF 00 00 9C      C  DB 04eh,0ffh,0ffh,000h,000h,09ch,0ffh,0ffh
       FF FF
 4C68  38 4E 00 00 FF FF      C  DB 038h,04eh,000h,000h,0ffh,0ffh,01fh,00ch
       1F 0C
 4C70  00 00 00 00 69 51      C  DB 000h,000h,000h,000h,069h,051h,081h,01bh
       81 1B
 4C78  38 4E FF FF 00 00      C  DB 038h,04eh,0ffh,0ffh,000h,000h,094h,0ffh
       94 FF
 4C80  FF 38 4E 00 00 FF      C  DB 0ffh,038h,04eh,000h,000h,0ffh,0ffh,026h
       FF 26
 4C88  0C 00 00 00 00 69      C  DB 00ch,000h,000h,000h,000h,069h,051h,080h
       51 80
 4C90  13 38 4E FF FF 00      C  DB 013h,038h,04eh,0ffh,0ffh,000h,000h,096h
       00 96
 4C98  FF 00 38 4E 00 00      C  DB 0ffh,000h,038h,04eh,000h,000h,0ffh,000h
       FF 00
 4CA0  2C 0C 00 00 00 00      C  DB 02ch,00ch,000h,000h,000h,000h,069h,051h
       69 51
 4CA8  81 1B 38 4E FF FF      C  DB 081h,01bh,038h,04eh,0ffh,0ffh,000h,000h
       00 00
 4CB0  97 FF FF 38 4E 00      C  DB 097h,0ffh,0ffh,038h,04eh,000h,000h,0ffh
       00 FF
 4CB8  FF 33 0C 00 00 00      C  DB 0ffh,033h,00ch,000h,000h,000h,000h,069h
       00 69
 4CC0  51 81 1B 38 4E FF      C  DB 051h,081h,01bh,038h,04eh,0ffh,0ffh,000h
       FF 00
 4CC8  00 99 FF FF 38 4E      C  DB 000h,099h,0ffh,0ffh,038h,04eh,000h,000h
       00 00
 4CD0  FF FF 39 0C 00 00      C  DB 0ffh,0ffh,039h,00ch,000h,000h,000h,000h
       00 00
 4CD8  69 51 80 13 38 4E      C  DB 069h,051h,080h,013h,038h,04eh,0ffh,0ffh
       FF FF
 4CE0  00 00 9B FF 00 38      C  DB 000h,000h,09bh,0ffh,000h,038h,04eh,000h
       4E 00
 4CE8  00 FF 00 41 0C 00      C  DB 000h,0ffh,000h,041h,00ch,000h,000h,000h
       00 00
 4CF0  00 69 51 80 00 38      C  DB 000h,069h,051h,080h,000h,038h,04eh,0ffh
       4E FF
 4CF8  FF 00 00 79 03 00      C  DB 0ffh,000h,000h,079h,003h,000h,01eh,04fh
       1E 4F
 4D00  00 00 02 00 46 0C      C  DB 000h,000h,002h,000h,046h,00ch,000h,000h
       00 00
 4D08  00 00 69 51 00 13      C  DB 000h,000h,069h,051h,000h,013h,00ah,04fh
       0A 4F
 4D10  FF FF 02 00 70 7F      C  DB 0ffh,0ffh,002h,000h,070h,07fh,000h,038h
       00 38
 4D18  4E 00 00 32 00 05      C  DB 04eh,000h,000h,032h,000h,005h,00dh,000h
       0D 00
 4D20  00 00 00 69 51 85      C  DB 000h,000h,000h,069h,051h,085h,012h,038h
       12 38
 4D28  4E FF FF 00 00 9C      C  DB 04eh,0ffh,0ffh,000h,000h,09ch,0ffh,0ffh
       FF FF
 4D30  38 4E 00 00 FF FF      C  DB 038h,04eh,000h,000h,0ffh,0ffh,01fh,00dh
       1F 0D
 4D38  00 00 00 00 69 51      C  DB 000h,000h,000h,000h,069h,051h,081h,01bh
       81 1B
 4D40  38 4E FF FF 00 00      C  DB 038h,04eh,0ffh,0ffh,000h,000h,094h,0ffh
       94 FF
 4D48  FF 38 4E 00 00 FF      C  DB 0ffh,038h,04eh,000h,000h,0ffh,0ffh,026h
       FF 26
 4D50  0D 00 00 00 00 69      C  DB 00dh,000h,000h,000h,000h,069h,051h,080h
       51 80
 4D58  13 38 4E FF FF 00      C  DB 013h,038h,04eh,0ffh,0ffh,000h,000h,096h
       00 96
 4D60  FF 00 38 4E 00 00      C  DB 0ffh,000h,038h,04eh,000h,000h,0ffh,000h
       FF 00
 4D68  2C 0D 00 00 00 00      C  DB 02ch,00dh,000h,000h,000h,000h,069h,051h
       69 51
 4D70  81 1B 38 4E FF FF      C  DB 081h,01bh,038h,04eh,0ffh,0ffh,000h,000h
       00 00
 4D78  97 FF FF 38 4E 00      C  DB 097h,0ffh,0ffh,038h,04eh,000h,000h,0ffh
       00 FF
 4D80  FF 33 0D 00 00 00      C  DB 0ffh,033h,00dh,000h,000h,000h,000h,069h
       00 69
 4D88  51 81 1B 38 4E FF      C  DB 051h,081h,01bh,038h,04eh,0ffh,0ffh,000h
       FF 00
 4D90  00 99 FF FF 38 4E      C  DB 000h,099h,0ffh,0ffh,038h,04eh,000h,000h
       00 00
 4D98  FF FF 39 0D 00 00      C  DB 0ffh,0ffh,039h,00dh,000h,000h,000h,000h
       00 00
 4DA0  69 51 80 13 38 4E      C  DB 069h,051h,080h,013h,038h,04eh,0ffh,0ffh
       FF FF
 4DA8  00 00 9B FF 00 38      C  DB 000h,000h,09bh,0ffh,000h,038h,04eh,000h
       4E 00
 4DB0  00 FF 00 41 0D 00      C  DB 000h,0ffh,000h,041h,00dh,000h,000h,000h
       00 00
 4DB8  00 69 51 80 00 38      C  DB 000h,069h,051h,080h,000h,038h,04eh,0ffh
       4E FF
 4DC0  FF 00 00 79 0C 00      C  DB 0ffh,000h,000h,079h,00ch,000h,01eh,04fh
       1E 4F
 4DC8  00 00 02 00 46 0D      C  DB 000h,000h,002h,000h,046h,00dh,000h,000h
       00 00
 4DD0  00 00 69 51 00 00      C  DB 000h,000h,069h,051h,000h,000h,077h,04eh
       77 4E
 4DD8  FF FF 00 00 10 F0      C  DB 0ffh,0ffh,000h,000h,010h,0f0h,000h,08eh
       00 8E
 4DE0  4F 00 00 05 00 05      C  DB 04fh,000h,000h,005h,000h,005h,00fh,000h
       0F 00
 4DE8  00 40 00 FD 50 00      C  DB 000h,040h,000h,0fdh,050h,000h,000h,082h
       00 82
 4DF0  4E FF FF 00 00 10      C  DB 04eh,0ffh,0ffh,000h,000h,010h,00fh,000h
       0F 00
 4DF8  8E 4F 00 00 05 00      C  DB 08eh,04fh,000h,000h,005h,000h,005h,010h
       05 10
 4E00  00 00 00 00 FD 50      C  DB 000h,000h,000h,000h,0fdh,050h,000h,000h
       00 00
 4E08  8D 4E FF FF 00 00      C  DB 08dh,04eh,0ffh,0ffh,000h,000h,014h,030h
       14 30
 4E10  00 EE 4F 00 00 03      C  DB 000h,0eeh,04fh,000h,000h,003h,000h,005h
       00 05
 4E18  12 00 00 00 00 FD      C  DB 012h,000h,000h,000h,000h,0fdh,050h,000h
       50 00
 4E20  00 98 4E FF FF 07      C  DB 000h,098h,04eh,0ffh,0ffh,007h,000h,03eh
       00 3E
 4E28  07 00 0E 50 00 00      C  DB 007h,000h,00eh,050h,000h,000h,006h,000h
       06 00
 4E30  05 13 00 00 00 00      C  DB 005h,013h,000h,000h,000h,000h,0fdh,050h
       FD 50
 4E38  00 3A 20 00 44 61      C  DB 000h,03ah,020h,000h,044h,061h,074h,065h
       74 65
 4E40  20 28 6D 6D 3A 64      C  DB 020h,028h,06dh,06dh,03ah,064h,064h,03ah
       64 3A
 4E48  79 79 29 20 3A 20      C  DB 079h,079h,029h,020h,03ah,020h,00ch,005h
       0C 05
 4E50  00 54 69 6D 65 20      C  DB 000h,054h,069h,06dh,065h,020h,028h,068h
       28 68
 4E58  68 3A 6D 6D 3A 73      C  DB 068h,03ah,06dh,06dh,03ah,073h,073h,029h
       73 29
 4E60  20 3A 20 00 44 61      C  DB 020h,03ah,020h,000h,044h,061h,079h,06ch
       79 6C
 4E68  69 67 68 74 20 53      C  DB 069h,067h,068h,074h,020h,053h,061h,076h
       61 76
 4E70  69 6E 67 20 3A 20      C  DB 069h,06eh,067h,020h,03ah,020h,000h,044h
       00 44
 4E78  72 69 76 65 20 41      C  DB 072h,069h,076h,065h,020h,041h,020h,03ah
       20 3A
 4E80  20 00 44 72 69 76      C  DB 020h,000h,044h,072h,069h,076h,065h,020h
       65 20
 4E88  42 20 3A 20 00 56      C  DB 042h,020h,03ah,020h,000h,056h,069h,064h
       69 64
 4E90  65 6F 20 20 20 3A      C  DB 065h,06fh,020h,020h,020h,03ah,020h,000h
       20 00
 4E98  48 61 6C 74 20 4F      C  DB 048h,061h,06ch,074h,020h,04fh,06eh,020h
       6E 20
 4EA0  3A 20 00 50 72 69      C  DB 03ah,020h,000h,050h,072h,069h,06dh,061h
       6D 61
 4EA8  72 79 20 4D 61 73      C  DB 072h,079h,020h,04dh,061h,073h,074h,065h
       74 65
 4EB0  72 20 20 20 3A 20      C  DB 072h,020h,020h,020h,03ah,020h,000h,00ch
       00 0C
 4EB8  0F 43 59 4C 53 20      C  DB 00fh,043h,059h,04ch,053h,020h,048h,045h
       48 45
 4EC0  41 44 20 50 52 45      C  DB 041h,044h,020h,050h,052h,045h,043h,04fh
       43 4F
 4EC8  4D 50 20 4C 41 4E      C  DB 04dh,050h,020h,04ch,041h,04eh,044h,05ah
       44 5A
 4ED0  20 53 45 43 54 4F      C  DB 020h,053h,045h,043h,054h,04fh,052h,020h
       52 20
 4ED8  20 4D 4F 44 45 0D      C  DB 020h,04dh,04fh,044h,045h,00dh,033h,00eh
       33 0E
 4EE0  02 00 50 72 69 6D      C  DB 002h,000h,050h,072h,069h,06dh,061h,072h
       61 72
 4EE8  79 20 53 6C 61 76      C  DB 079h,020h,053h,06ch,061h,076h,065h,020h
       65 20
 4EF0  20 20 20 3A 20 00      C  DB 020h,020h,020h,03ah,020h,000h,053h,065h
       53 65
 4EF8  63 6F 6E 64 61 72      C  DB 063h,06fh,06eh,064h,061h,072h,079h,020h
       79 20
 4F00  4D 61 73 74 65 72      C  DB 04dh,061h,073h,074h,065h,072h,020h,03ah
       20 3A
 4F08  20 00 53 65 63 6F      C  DB 020h,000h,053h,065h,063h,06fh,06eh,064h
       6E 64
 4F10  61 72 79 20 53 6C      C  DB 061h,072h,079h,020h,053h,06ch,061h,076h
       61 76
 4F18  65 20 20 3A 20 00      C  DB 065h,020h,020h,03ah,020h,000h,04eh,04fh
       4E 4F
 4F20  52 4D 41 4C 00 20      C  DB 052h,04dh,041h,04ch,000h,020h,04ch,042h
       4C 42
 4F28  41 20 20 00 4C 41      C  DB 041h,020h,020h,000h,04ch,041h,052h,047h
       52 47
 4F30  45 20 00 2D 2D 2D      C  DB 045h,020h,000h,02dh,02dh,02dh,02dh,02dh
       2D 2D
 4F38  2D 00 0C 04 42 61      C  DB 02dh,000h,00ch,004h,042h,061h,073h,065h
       73 65
 4F40  04 FF FF 6B 4F 0C      C  DB 004h,0ffh,0ffh,06bh,04fh,00ch,001h,000h
       01 00
 4F48  45 78 74 65 6E 64      C  DB 045h,078h,074h,065h,06eh,064h,065h,064h
       65 64
 4F50  04 FF FF 6B 4F 00      C  DB 004h,0ffh,0ffh,06bh,04fh,000h,045h,078h
       45 78
 4F58  70 61 6E 64 65 64      C  DB 070h,061h,06eh,064h,065h,064h,004h,0ffh
       04 FF
 4F60  FF 6B 4F 00 0C 03      C  DB 0ffh,06bh,04fh,000h,00ch,003h,04fh,074h
       4F 74
 4F68  68 65 72 20 4D 65      C  DB 068h,065h,072h,020h,04dh,065h,06dh,06fh
       6D 6F
 4F70  72 79 3A 0C 06 4B      C  DB 072h,079h,03ah,00ch,006h,04bh,00dh,007h
       0D 07
 4F78  00 02 2F 13 45 13      C  DB 000h,002h,02fh,013h,045h,013h,000h,00eh
       00 0E
 4F80  01 0D 13 54 6F 74      C  DB 001h,00dh,013h,054h,06fh,074h,061h,06ch
       61 6C
 4F88  04 FF FF 6B 4F 00      C  DB 004h,0ffh,0ffh,06bh,04fh,000h,04eh,06fh
       4E 6F
 4F90  6E 65 20 20 20 20      C  DB 06eh,065h,020h,020h,020h,020h,020h,020h
       20 20
 4F98  20 20 20 20 20 00      C  DB 020h,020h,020h,020h,020h,000h,033h,036h
       33 36
 4FA0  30 4B 20 2C 20 35      C  DB 030h,04bh,020h,02ch,020h,035h,02eh,032h
       2E 32
 4FA8  35 20 69 6E 2E 00      C  DB 035h,020h,069h,06eh,02eh,000h,031h,02eh
       31 2E
 4FB0  32 4D 20 2C 20 35      C  DB 032h,04dh,020h,02ch,020h,035h,02eh,032h
       2E 32
 4FB8  35 20 69 6E 2E 00      C  DB 035h,020h,069h,06eh,02eh,000h,037h,032h
       37 32
 4FC0  30 4B 20 2C 20 33      C  DB 030h,04bh,020h,02ch,020h,033h,02eh,035h
       2E 35
 4FC8  20 69 6E 2E 20 00      C  DB 020h,069h,06eh,02eh,020h,000h,031h,02eh
       31 2E
 4FD0  34 34 4D 2C 20 33      C  DB 034h,034h,04dh,02ch,020h,033h,02eh,035h
       2E 35
 4FD8  20 69 6E 2E 20 00      C  DB 020h,069h,06eh,02eh,020h,000h,032h,02eh
       32 2E
 4FE0  38 38 4D 2C 20 33      C  DB 038h,038h,04dh,02ch,020h,033h,02eh,035h
       2E 35
 4FE8  20 69 6E 2E 20 00      C  DB 020h,069h,06eh,02eh,020h,000h,045h,047h
       45 47
 4FF0  41 2F 56 47 41 00      C  DB 041h,02fh,056h,047h,041h,000h,043h,047h
       43 47
 4FF8  41 20 34 30 20 00      C  DB 041h,020h,034h,030h,020h,000h,043h,047h
       43 47
 5000  41 20 38 30 20 00      C  DB 041h,020h,038h,030h,020h,000h,04dh,04fh
       4D 4F
 5008  4E 4F 20 20 20 00      C  DB 04eh,04fh,020h,020h,020h,000h,041h,06ch
       41 6C
 5010  6C 20 45 72 72 6F      C  DB 06ch,020h,045h,072h,072h,06fh,072h,073h
       72 73
 5018  20 20 20 20 20 20      C  DB 020h,020h,020h,020h,020h,020h,000h,04eh
       00 4E
 5020  6F 20 45 72 72 6F      C  DB 06fh,020h,045h,072h,072h,06fh,072h,073h
       72 73
 5028  20 20 20 20 20 20      C  DB 020h,020h,020h,020h,020h,020h,020h,000h
       20 00
 5030  41 6C 6C 2C 42 75      C  DB 041h,06ch,06ch,02ch,042h,075h,074h,020h
       74 20
 5038  4B 65 79 62 6F 61      C  DB 04bh,065h,079h,062h,06fh,061h,072h,064h
       72 64
 5040  00 49 6E 76 61 6C      C  DB 000h,049h,06eh,076h,061h,06ch,069h,064h
       69 64
 5048  20 20 20 20 20 20      C  DB 020h,020h,020h,020h,020h,020h,020h,020h
       20 20
 5050  20 01 41 6C 6C 2C      C  DB 020h,001h,041h,06ch,06ch,02ch,042h,075h
       42 75
 5058  74 20 44 69 73 6B      C  DB 074h,020h,044h,069h,073h,06bh,065h,074h
       65 74
 5060  74 65 00 49 6E 76      C  DB 074h,065h,000h,049h,06eh,076h,061h,06ch
       61 6C
 5068  69 64 20 20 20 20      C  DB 069h,064h,020h,020h,020h,020h,020h,020h
       20 20
 5070  20 20 20 01 41 6C      C  DB 020h,020h,020h,001h,041h,06ch,06ch,02ch
       6C 2C
 5078  42 75 74 20 44 69      C  DB 042h,075h,074h,020h,044h,069h,073h,06bh
       73 6B
 5080  2F 4B 65 79 00 45      C  DB 02fh,04bh,065h,079h,000h,045h,06eh,061h
       6E 61
 5088  62 6C 65 64 20 00      C  DB 062h,06ch,065h,064h,020h,000h,044h,069h
       44 69
 5090  73 61 62 6C 65 64      C  DB 073h,061h,062h,06ch,065h,064h,000h,045h
       00 45
 5098  6E 61 62 6C 65 64      C  DB 06eh,061h,062h,06ch,065h,064h,020h,000h
       20 00
 50A0  4A 61 6E 00 46 65      C  DB 04ah,061h,06eh,000h,046h,065h,062h,000h
       62 00
 50A8  4D 61 72 00 41 70      C  DB 04dh,061h,072h,000h,041h,070h,072h,000h
       72 00
 50B0  4D 61 79 00 4A 75      C  DB 04dh,061h,079h,000h,04ah,075h,06eh,000h
       6E 00
 50B8  4A 75 6C 00 41 75      C  DB 04ah,075h,06ch,000h,041h,075h,067h,000h
       67 00
 50C0  53 65 70 00 4F 63      C  DB 053h,065h,070h,000h,04fh,063h,074h,000h
       74 00
 50C8  4E 6F 76 00 44 65      C  DB 04eh,06fh,076h,000h,044h,065h,063h,000h
       63 00
 50D0  53 75 6E 2C 00 4D      C  DB 053h,075h,06eh,02ch,000h,04dh,06fh,06eh
       6F 6E
 50D8  2C 00 54 75 65 2C      C  DB 02ch,000h,054h,075h,065h,02ch,000h,057h
       00 57
 50E0  65 64 2C 00 54 68      C  DB 065h,064h,02ch,000h,054h,068h,075h,02ch
       75 2C
 50E8  00 46 72 69 2C 00      C  DB 000h,046h,072h,069h,02ch,000h,053h,061h
       53 61
 50F0  74 2C 00 55 73 65      C  DB 074h,02ch,000h,055h,073h,065h,072h,000h
       72 00
 50F8  4E 6F 6E 65 00 41      C  DB 04eh,06fh,06eh,065h,000h,041h,076h,061h
       76 61
 5100  69 6C 61 62 6C 65      C  DB 069h,06ch,061h,062h,06ch,065h,020h,04fh
       20 4F
 5108  70 74 69 6F 6E 73      C  DB 070h,074h,069h,06fh,06eh,073h,03ah,00bh
       3A 0B
 5110  00 44 41 54 45 3A      C  DB 000h,044h,041h,054h,045h,03ah,00bh,00bh
       0B 0B
 5118  20 20 43 68 61 6E      C  DB 020h,020h,043h,068h,061h,06eh,067h,065h
       67 65
 5120  20 74 68 65 20 64      C  DB 020h,074h,068h,065h,020h,064h,061h,079h
       61 79
 5128  2C 20 6D 6F 6E 74      C  DB 02ch,020h,06dh,06fh,06eh,074h,068h,02ch
       68 2C
 5130  20 79 65 61 72 0B      C  DB 020h,079h,065h,061h,072h,00bh,020h,020h
       20 20
 5138  61 6E 64 20 63 65      C  DB 061h,06eh,064h,020h,063h,065h,06eh,074h
       6E 74
 5140  75 72 79 2E 00 54      C  DB 075h,072h,079h,02eh,000h,054h,049h,04dh
       49 4D
 5148  45 3A 0B 0B 20 20      C  DB 045h,03ah,00bh,00bh,020h,020h,043h,068h
       43 68
 5150  61 6E 67 65 20 74      C  DB 061h,06eh,067h,065h,020h,074h,068h,065h
       68 65
 5158  20 69 6E 74 65 72      C  DB 020h,069h,06eh,074h,065h,072h,06eh,061h
       6E 61
 5160  6C 20 63 6C 6F 63      C  DB 06ch,020h,063h,06ch,06fh,063h,06bh,02eh
       6B 2E
 5168  00 46 49 58 45 44      C  DB 000h,046h,049h,058h,045h,044h,020h,044h
       20 44
 5170  49 53 4B 0B 0B 20      C  DB 049h,053h,04bh,00bh,00bh,020h,020h,053h
       20 53
 5178  65 6C 65 63 74 73      C  DB 065h,06ch,065h,063h,074h,073h,020h,074h
       20 74
 5180  68 65 20 74 79 70      C  DB 068h,065h,020h,074h,079h,070h,065h,020h
       65 20
 5188  6F 66 20 66 69 78      C  DB 06fh,066h,020h,066h,069h,078h,065h,064h
       65 64
 5190  20 64 69 73 6B 2E      C  DB 020h,064h,069h,073h,06bh,02eh,00bh,020h
       0B 20
 5198  20 27 55 73 65 72      C  DB 020h,027h,055h,073h,065h,072h,020h,074h
       20 74
 51A0  79 70 65 27 20 77      C  DB 079h,070h,065h,027h,020h,077h,069h,06ch
       69 6C
 51A8  6C 20 6C 65 74 20      C  DB 06ch,020h,06ch,065h,074h,020h,079h,06fh
       79 6F
 51B0  75 20 73 65 6C 65      C  DB 075h,020h,073h,065h,06ch,065h,063h,074h
       63 74
 51B8  20 74 68 65 0B 20      C  DB 020h,074h,068h,065h,00bh,020h,020h,06eh
       20 6E
 51C0  75 6D 62 65 72 20      C  DB 075h,06dh,062h,065h,072h,020h,06fh,066h
       6F 66
 51C8  20 63 79 6C 69 6E      C  DB 020h,063h,079h,06ch,069h,06eh,064h,065h
       64 65
 51D0  72 73 2C 20 68 65      C  DB 072h,073h,02ch,020h,068h,065h,061h,064h
       61 64
 51D8  73 2C 20 65 74 63      C  DB 073h,02ch,020h,065h,074h,063h,02eh,00bh
       2E 0B
 51E0  0B 20 20 4E 6F 74      C  DB 00bh,020h,020h,04eh,06fh,074h,065h,03ah
       65 3A
 51E8  20 50 52 45 43 4F      C  DB 020h,050h,052h,045h,043h,04fh,04dh,050h
       4D 50
 51F0  3D 36 35 35 33 35      C  DB 03dh,036h,035h,035h,033h,035h,020h,06dh
       20 6D
 51F8  65 61 6E 73 20 4E      C  DB 065h,061h,06eh,073h,020h,04eh,04fh,04eh
       4F 4E
 5200  45 20 21 00 3C 55      C  DB 045h,020h,021h,000h,03ch,055h,075h,01eh
       75 1E
 5208  60 E8 17 E1 8A E2      C  DB 060h,0e8h,017h,0e1h,08ah,0e2h,0e8h,008h
       E8 08
 5210  E0 50 B8 0B 82 E8      C  DB 0e0h,050h,0b8h,00bh,082h,0e8h,083h,097h
       83 97
 5218  58 8A 47 08 E8 7C      C  DB 058h,08ah,047h,008h,0e8h,07ch,097h,0b8h
       97 B8
 5220  0B 02 E8 76 97 61      C  DB 00bh,002h,0e8h,076h,097h,061h,0f8h,0c3h
       F8 C3
 5228  3C 55 75 06 E8 C9      C  DB 03ch,055h,075h,006h,0e8h,0c9h,000h,0e8h
       00 E8
 5230  D6 FF C3 3C 55 75      C  DB 0d6h,0ffh,0c3h,03ch,055h,075h,022h,08bh
       22 8B
 5238  86 B3 00 33 D2 B9      C  DB 086h,0b3h,000h,033h,0d2h,0b9h,064h,000h
       64 00
 5240  F7 F1 89 46 32 89      C  DB 0f7h,0f1h,089h,046h,032h,089h,056h,009h
       56 09
 5248  53 BB A1 49 E8 B9      C  DB 053h,0bbh,0a1h,049h,0e8h,0b9h,0ffh,0bbh
       FF BB
 5250  88 49 E8 B3 FF E8      C  DB 088h,049h,0e8h,0b3h,0ffh,0e8h,0a0h,000h
       A0 00
 5258  5B F8 C3 3C 55 75      C  DB 05bh,0f8h,0c3h,03ch,055h,075h,008h,053h
       08 53
 5260  BB BA 49 E8 51 E2      C  DB 0bbh,0bah,049h,0e8h,051h,0e2h,05bh,0f8h
       5B F8
 5268  C3 3C AA 75 1C 8A      C  DB 0c3h,03ch,0aah,075h,01ch,08ah,046h,032h
       46 32
 5270  32 E4 B9 64 00 F7      C  DB 032h,0e4h,0b9h,064h,000h,0f7h,0e1h,08bh
       E1 8B
 5278  C8 8A 46 09 32 E4      C  DB 0c8h,08ah,046h,009h,032h,0e4h,003h,0c1h
       03 C1
 5280  8B D0 E8 6C E0 8B      C  DB 08bh,0d0h,0e8h,06ch,0e0h,08bh,0c2h,0ebh
       C2 EB
 5288  03 E8 02 00 F8 C3      C  DB 003h,0e8h,002h,000h,0f8h,0c3h,0ffh,0b6h
       FF B6
 5290  80 00 FF B6 81 00      C  DB 080h,000h,0ffh,0b6h,081h,000h,0bbh,0d3h
       BB D3
 5298  49 E8 1B E2 8F 86      C  DB 049h,0e8h,01bh,0e2h,08fh,086h,081h,000h
       81 00
 52A0  8F 86 80 00 C3 3C      C  DB 08fh,086h,080h,000h,0c3h,03ch,0aah,075h
       AA 75
 52A8  4D 60 B8 6D 01 33      C  DB 04dh,060h,0b8h,06dh,001h,033h,0c9h,08ah
       C9 8A
 52B0  4E 09 F7 E1 C1 E9      C  DB 04eh,009h,0f7h,0e1h,0c1h,0e9h,002h,003h
       02 03
 52B8  C1 BE 49 53 8A 4E      C  DB 0c1h,0beh,049h,053h,08ah,04eh,008h,032h
       08 32
 52C0  ED 83 E9 01 D1 E1      C  DB 0edh,083h,0e9h,001h,0d1h,0e1h,003h,0f1h
       03 F1
 52C8  2E 03 04 F6 46 09      C  DB 02eh,003h,004h,0f6h,046h,009h,003h,075h
       03 75
 52D0  07 80 7E 08 02 77      C  DB 007h,080h,07eh,008h,002h,077h,001h,048h
       01 48
 52D8  8A 4E 07 32 ED 03      C  DB 08ah,04eh,007h,032h,0edh,003h,0c1h,080h
       C1 80
 52E0  7E 32 13 74 03 05      C  DB 07eh,032h,013h,074h,003h,005h,006h,000h
       06 00
 52E8  2D 07 00 73 FB 05      C  DB 02dh,007h,000h,073h,0fbh,005h,007h,000h
       07 00
 52F0  8B D0 E8 FC DF 61      C  DB 08bh,0d0h,0e8h,0fch,0dfh,061h,0f8h,0c3h
       F8 C3
 52F8  60 BE 49 53 8A 46      C  DB 060h,0beh,049h,053h,08ah,046h,008h,032h
       08 32
 5300  E4 D1 E0 2D 02 00      C  DB 0e4h,0d1h,0e0h,02dh,002h,000h,003h,0f0h
       03 F0
 5308  2E 8B 44 02 2E 2B      C  DB 02eh,08bh,044h,002h,02eh,02bh,004h,0f6h
       04 F6
 5310  46 09 03 75 07 80      C  DB 046h,009h,003h,075h,007h,080h,07eh,008h
       7E 08
 5318  02 75 01 40 38 46      C  DB 002h,075h,001h,040h,038h,046h,007h,076h
       07 76
 5320  26 8A E0 81 FB 6F      C  DB 026h,08ah,0e0h,081h,0fbh,06fh,049h,075h
       49 75
 5328  12 81 BE A0 00 00      C  DB 012h,081h,0beh,0a0h,000h,000h,049h,074h
       49 74
 5330  0A 81 BE A0 00 2D      C  DB 00ah,081h,0beh,0a0h,000h,02dh,04ah,074h
       4A 74
 5338  02 B4 01 88 66 07      C  DB 002h,0b4h,001h,088h,066h,007h,0bbh,06fh
       BB 6F
 5340  49 E8 C4 FE E8 70      C  DB 049h,0e8h,0c4h,0feh,0e8h,070h,0e1h,061h
       E1 61
 5348  C3 00 00 1F 00 3B      C  DB 0c3h,000h,000h,01fh,000h,03bh,000h,05ah
       00 5A
 5350  00 78 00 97 00 B5      C  DB 000h,078h,000h,097h,000h,0b5h,000h,0d4h
       00 D4
 5358  00 F3 00 11 01 30      C  DB 000h,0f3h,000h,011h,001h,030h,001h,04eh
       01 4E
 5360  01 6D 01 B1 00 EB      C  DB 001h,06dh,001h,0b1h,000h,0ebh,00ch,0b1h
       0C B1
 5368  04 EB 08 B1 02 EB      C  DB 004h,0ebh,008h,0b1h,002h,0ebh,004h,0b1h
       04 B1
 5370  03 EB 00 3C AA 75      C  DB 003h,0ebh,000h,03ch,0aah,075h,00ah,0e8h
       0A E8
 5378  43 D2 E8 A7 E2 E8      C  DB 043h,0d2h,0e8h,0a7h,0e2h,0e8h,008h,0e3h
       08 E3
 5380  F9 C3 60 3C 55 74      C  DB 0f9h,0c3h,060h,03ch,055h,074h,00ch,0e8h
       0C E8
 5388  81 03 E8 96 DF 88      C  DB 081h,003h,0e8h,096h,0dfh,088h,096h,09fh
       96 9F
 5390  00 EB 0F E8 0F 00      C  DB 000h,0ebh,00fh,0e8h,00fh,000h,0e8h,052h
       E8 52
 5398  01 FF 76 19 E8 2D      C  DB 001h,0ffh,076h,019h,0e8h,02dh,0dah,08fh
       DA 8F
 53A0  46 19 61 F8 C3 E8      C  DB 046h,019h,061h,0f8h,0c3h,0e8h,07bh,0dfh
       7B DF
 53A8  33 C0 EB 29 B8 01      C  DB 033h,0c0h,0ebh,029h,0b8h,001h,000h,081h
       00 81
 53B0  BE A0 00 00 51 74      C  DB 0beh,0a0h,000h,000h,051h,074h,01eh,081h
       1E 81
 53B8  BE A0 00 2B 4E 74      C  DB 0beh,0a0h,000h,02bh,04eh,074h,016h,0b8h
       16 B8
 53C0  FF FF 81 BE A0 00      C  DB 0ffh,0ffh,081h,0beh,0a0h,000h,000h,049h
       00 49
 53C8  74 0B 81 BE A0 00      C  DB 074h,00bh,081h,0beh,0a0h,000h,02dh,04ah
       2D 4A
 53D0  74 03 B8 01 00 03      C  DB 074h,003h,0b8h,001h,000h,003h,0d0h,080h
       D0 80
 53D8  FA 2E 74 D0 B9 05      C  DB 0fah,02eh,074h,0d0h,0b9h,005h,000h,090h
       00 90
 53E0  BF 07 54 81 FB B4      C  DB 0bfh,007h,054h,081h,0fbh,0b4h,04ah,074h
       4A 74
 53E8  12 03 F9 81 FB 7C      C  DB 012h,003h,0f9h,081h,0fbh,07ch,04bh,074h
       4B 74
 53F0  0A 03 F9 81 FB 44      C  DB 00ah,003h,0f9h,081h,0fbh,044h,04ch,074h
       4C 74
 53F8  02 03 F9 2E 3A 15      C  DB 002h,003h,0f9h,02eh,03ah,015h,074h,0ach
       74 AC
 5400  47 E2 F8 E8 EB DE      C  DB 047h,0e2h,0f8h,0e8h,0ebh,0deh,0c3h,00fh
       C3 0F
 5408  2F 30 32 33 0F 2F      C  DB 02fh,030h,032h,033h,00fh,02fh,031h,032h
       31 32
 5410  33 0F 2F 30 31 32      C  DB 033h,00fh,02fh,030h,031h,032h,00fh,02fh
       0F 2F
 5418  30 31 33 19 1A 67      C  DB 030h,031h,033h,019h,01ah,067h,070h,03ch
       70 3C
 5420  AA 75 1B 80 BE 29      C  DB 0aah,075h,01bh,080h,0beh,029h,001h,0ffh
       01 FF
 5428  74 13 FF B6 80 00      C  DB 074h,013h,0ffh,0b6h,080h,000h,0e8h,0bah
       E8 BA
 5430  00 73 03 E8 6D 01      C  DB 000h,073h,003h,0e8h,06dh,001h,08fh,086h
       8F 86
 5438  80 00 E8 91 03 C3      C  DB 080h,000h,0e8h,091h,003h,0c3h,0e8h,02ah
       E8 2A
 5440  00 75 1B E8 DD DE      C  DB 000h,075h,01bh,0e8h,0ddh,0deh,0beh,0f8h
       BE F8
 5448  50 0B D2 74 09 83      C  DB 050h,00bh,0d2h,074h,009h,083h,0fah,030h
       FA 30
 5450  BE F3 50 73 01 C3      C  DB 0beh,0f3h,050h,073h,001h,0c3h,080h,0aeh
       80 AE
 5458  81 00 04 E8 38 E2      C  DB 081h,000h,004h,0e8h,038h,0e2h,0c3h,060h
       C3 60
 5460  E8 1F 00 81 C2 AF      C  DB 0e8h,01fh,000h,081h,0c2h,0afh,000h,03bh
       00 3B
 5468  DA 61 C3 81 FB B4      C  DB 0dah,061h,0c3h,081h,0fbh,0b4h,04ah,074h
       4A 74
 5470  10 81 FB 7C 4B 74      C  DB 010h,081h,0fbh,07ch,04bh,074h,00ah,081h
       0A 81
 5478  FB 44 4C 74 04 81      C  DB 0fbh,044h,04ch,074h,004h,081h,0fbh,00ch
       FB 0C
 5480  4D C3 50 81 FB B4      C  DB 04dh,0c3h,050h,081h,0fbh,0b4h,04ah,072h
       4A 72
 5488  5F 81 FB D4 4D 73      C  DB 05fh,081h,0fbh,0d4h,04dh,073h,059h,0bfh
       59 BF
 5490  71 00 BE 0C 4D B9      C  DB 071h,000h,0beh,00ch,04dh,0b9h,004h,079h
       04 79
 5498  3B DE 73 23 BF 68      C  DB 03bh,0deh,073h,023h,0bfh,068h,000h,0beh
       00 BE
 54A0  44 4C B9 01 79 3B      C  DB 044h,04ch,0b9h,001h,079h,03bh,0deh,073h
       DE 73
 54A8  16 BF 1E 00 BE 7C      C  DB 016h,0bfh,01eh,000h,0beh,07ch,04bh,0b9h
       4B B9
 54B0  04 3C 3B DE 73 09      C  DB 004h,03ch,03bh,0deh,073h,009h,0bfh,026h
       BF 26
 54B8  00 BE B4 4A B9 04      C  DB 000h,0beh,0b4h,04ah,0b9h,004h,03bh,02eh
       3B 2E
 54C0  8A 54 08 32 F6 87      C  DB 08ah,054h,008h,032h,0f6h,087h,0d6h,08bh
       D6 8B
 54C8  C2 05 19 00 3B D8      C  DB 0c2h,005h,019h,000h,03bh,0d8h,074h,018h
       74 18
 54D0  05 96 00 3B D8 74      C  DB 005h,096h,000h,03bh,0d8h,074h,011h,032h
       11 32
 54D8  C0 8A A6 B3 01 38      C  DB 0c0h,08ah,0a6h,0b3h,001h,038h,022h,076h
       22 76
 54E0  02 B0 01 0A C0 58      C  DB 002h,0b0h,001h,00ah,0c0h,058h,0f8h,0c3h
       F8 C3
 54E8  58 F9 C3 E8 7D FF      C  DB 058h,0f9h,0c3h,0e8h,07dh,0ffh,074h,005h
       74 05
 54F0  E8 10 01 F8 C3 E8      C  DB 0e8h,010h,001h,0f8h,0c3h,0e8h,02bh,0deh
       2B DE
 54F8  83 FA 30 BF 08 00      C  DB 083h,0fah,030h,0bfh,008h,000h,0bah,004h
       BA 04
 5500  00 72 11 33 D2 33      C  DB 000h,072h,011h,033h,0d2h,033h,0ffh,0e8h
       FF E8
 5508  8A 03 74 05 E8 81      C  DB 08ah,003h,074h,005h,0e8h,081h,003h,075h
       03 75
 5510  03 BA 04 00 53 83      C  DB 003h,0bah,004h,000h,053h,083h,0c3h,032h
       C3 32
 5518  B9 05 00 E8 18 E4      C  DB 0b9h,005h,000h,0e8h,018h,0e4h,025h,0fbh
       25 FB
 5520  FF 0B C2 E8 36 E4      C  DB 0ffh,00bh,0c2h,0e8h,036h,0e4h,083h,0c3h
       83 C3
 5528  19 E2 F0 E8 08 E4      C  DB 019h,0e2h,0f0h,0e8h,008h,0e4h,025h,0f7h
       25 F7
 5530  FF 0B C7 E8 26 E4      C  DB 0ffh,00bh,0c7h,0e8h,026h,0e4h,0ffh,0b6h
       FF B6
 5538  81 00 FF B6 29 01      C  DB 081h,000h,0ffh,0b6h,029h,001h,0c6h,086h
       C6 86
 5540  29 01 FF E8 71 DF      C  DB 029h,001h,0ffh,0e8h,071h,0dfh,00bh,0ffh
       0B FF
 5548  74 10 8B 47 11 89      C  DB 074h,010h,08bh,047h,011h,089h,086h,081h
       86 81
 5550  00 E8 17 E3 BE 33      C  DB 000h,0e8h,017h,0e3h,0beh,033h,04fh,0e8h
       4F E8
 5558  3C E1 8F 86 29 01      C  DB 03ch,0e1h,08fh,086h,029h,001h,08fh,086h
       8F 86
 5560  81 00 5B F9 C3 60      C  DB 081h,000h,05bh,0f9h,0c3h,060h,03ch,055h
       3C 55
 5568  75 36 E8 15 FF 72      C  DB 075h,036h,0e8h,015h,0ffh,072h,031h,074h
       31 74
 5570  2F 8B 86 94 00 89      C  DB 02fh,08bh,086h,094h,000h,089h,003h,08ah
       03 8A
 5578  86 96 00 88 43 02      C  DB 086h,096h,000h,088h,043h,002h,08bh,086h
       8B 86
 5580  97 00 89 43 03 8B      C  DB 097h,000h,089h,043h,003h,08bh,086h,099h
       86 99
 5588  00 89 43 05 8A 86      C  DB 000h,089h,043h,005h,08ah,086h,09bh,000h
       9B 00
 5590  88 43 07 52 E8 6C      C  DB 088h,043h,007h,052h,0e8h,06ch,000h,05ah
       00 5A
 5598  8B DA 83 C3 19 E8      C  DB 08bh,0dah,083h,0c3h,019h,0e8h,017h,0dfh
       17 DF
 55A0  61 F8 C3 50 53 51      C  DB 061h,0f8h,0c3h,050h,053h,051h,0e8h,05ah
       E8 5A
 55A8  00 FF B6 80 00 FF      C  DB 000h,0ffh,0b6h,080h,000h,0ffh,0b6h,081h
       B6 81
 55B0  00 B9 07 00 83 C3      C  DB 000h,0b9h,007h,000h,083h,0c3h,019h,051h
       19 51
 55B8  80 BE 24 01 00 74      C  DB 080h,0beh,024h,001h,000h,074h,032h,0e8h
       32 E8
 55C0  A9 E2 E8 23 DF B0      C  DB 0a9h,0e2h,0e8h,023h,0dfh,0b0h,007h,080h
       07 80
 55C8  BE 24 01 02 74 1A      C  DB 0beh,024h,001h,002h,074h,01ah,032h,0c0h
       32 C0
 55D0  80 BE 24 01 01 74      C  DB 080h,0beh,024h,001h,001h,074h,011h,080h
       11 80
 55D8  AE 81 00 05 E8 7B      C  DB 0aeh,081h,000h,005h,0e8h,07bh,0e2h,08ah
       E2 8A
 55E0  86 24 01 C6 86 82      C  DB 086h,024h,001h,0c6h,086h,082h,000h,000h
       00 00
 55E8  00 86 82 00 E8 11      C  DB 000h,086h,082h,000h,0e8h,011h,0dfh,0ebh
       DF EB
 55F0  03 E8 C3 DE 59 E2      C  DB 003h,0e8h,0c3h,0deh,059h,0e2h,0bdh,08fh
       BD 8F
 55F8  86 81 00 8F 86 80      C  DB 086h,081h,000h,08fh,086h,080h,000h,059h
       00 59
 5600  5B 58 C3 33 C0 89      C  DB 05bh,058h,0c3h,033h,0c0h,089h,086h,094h
       86 94
 5608  00 88 86 96 00 88      C  DB 000h,088h,086h,096h,000h,088h,086h,09bh
       86 9B
 5610  00 89 86 97 00 89      C  DB 000h,089h,086h,097h,000h,089h,086h,099h
       86 99
 5618  00 56 E8 65 FE 73      C  DB 000h,056h,0e8h,065h,0feh,073h,003h,0e9h
       03 E9
 5620  B4 00 74 56 8B 03      C  DB 0b4h,000h,074h,056h,08bh,003h,089h,086h
       89 86
 5628  94 00 8A 43 02 88      C  DB 094h,000h,08ah,043h,002h,088h,086h,096h
       86 96
 5630  00 8B 43 03 89 86      C  DB 000h,08bh,043h,003h,089h,086h,097h,000h
       97 00
 5638  8B 43 05 89 86 99      C  DB 08bh,043h,005h,089h,086h,099h,000h,08ah
       00 8A
 5640  43 07 88 86 9B 00      C  DB 043h,007h,088h,086h,09bh,000h,0e8h,047h
       E8 47
 5648  02 BE F1 75 74 0E      C  DB 002h,0beh,0f1h,075h,074h,00eh,0e8h,043h
       E8 43
 5650  02 75 25 BE 9C 75      C  DB 002h,075h,025h,0beh,09ch,075h,0c7h,086h
       C7 86
 5658  97 00 00 00 53 8B      C  DB 097h,000h,000h,000h,053h,08bh,09eh,094h
       9E 94
 5660  00 8A 86 9B 00 8A      C  DB 000h,08ah,086h,09bh,000h,08ah,0a6h,096h
       A6 96
 5668  00 FF D6 89 9E 94      C  DB 000h,0ffh,0d6h,089h,09eh,094h,000h,088h
       00 88
 5670  86 9B 00 88 A6 96      C  DB 086h,09bh,000h,088h,0a6h,096h,000h,05bh
       00 5B
 5678  EB 3C 80 3A 00 74      C  DB 0ebh,03ch,080h,03ah,000h,074h,037h,053h
       37 53
 5680  8A 02 32 E4 48 B1      C  DB 08ah,002h,032h,0e4h,048h,0b1h,010h,0f6h
       10 F6
 5688  E1 BB 01 E4 03 D8      C  DB 0e1h,0bbh,001h,0e4h,003h,0d8h,02eh,08bh
       2E 8B
 5690  07 89 86 94 00 2E      C  DB 007h,089h,086h,094h,000h,02eh,08ah,047h
       8A 47
 5698  02 88 86 96 00 2E      C  DB 002h,088h,086h,096h,000h,02eh,08ah,047h
       8A 47
 56A0  0E 88 86 9B 00 2E      C  DB 00eh,088h,086h,09bh,000h,02eh,08bh,047h
       8B 47
 56A8  05 89 86 97 00 2E      C  DB 005h,089h,086h,097h,000h,02eh,08bh,047h
       8B 47
 56B0  0C 89 86 99 00 5B      C  DB 00ch,089h,086h,099h,000h,05bh,051h,08bh
       51 8B
 56B8  86 94 00 32 ED 8A      C  DB 086h,094h,000h,032h,0edh,08ah,08eh,096h
       8E 96
 56C0  00 F7 E1 8A 8E 9B      C  DB 000h,0f7h,0e1h,08ah,08eh,09bh,000h,0c1h
       00 C1
 56C8  E1 03 F7 E1 B9 09      C  DB 0e1h,003h,0f7h,0e1h,0b9h,009h,03dh,0f7h
       3D F7
 56D0  F1 89 86 9C 00 59      C  DB 0f1h,089h,086h,09ch,000h,059h,05eh,0c3h
       5E C3
 56D8  BE 1B 54 BF 07 54      C  DB 0beh,01bh,054h,0bfh,007h,054h,0b9h,004h
       B9 04
 56E0  00 57 56 51 2E 8B      C  DB 000h,057h,056h,051h,02eh,08bh,034h,081h
       34 81
 56E8  E6 FF 00 8A 02 3C      C  DB 0e6h,0ffh,000h,08ah,002h,03ch,033h,077h
       33 77
 56F0  0D B9 05 00 2E 3A      C  DB 00dh,0b9h,005h,000h,02eh,03ah,005h,074h
       05 74
 56F8  05 47 E2 F8 EB 03      C  DB 005h,047h,0e2h,0f8h,0ebh,003h,0c6h,002h
       C6 02
 5700  00 59 5E 5F 83 C7      C  DB 000h,059h,05eh,05fh,083h,0c7h,005h,046h
       05 46
 5708  E2 D7 C3 8B BE A0      C  DB 0e2h,0d7h,0c3h,08bh,0beh,0a0h,000h,08bh
       00 8B
 5710  86 27 01 81 FF 00      C  DB 086h,027h,001h,081h,0ffh,000h,04bh,075h
       4B 75
 5718  29 8B D8 60 8B 86      C  DB 029h,08bh,0d8h,060h,08bh,086h,084h,000h
       84 00
 5720  3B 86 27 01 61 74      C  DB 03bh,086h,027h,001h,061h,074h,008h,0e8h
       08 E8
 5728  76 E2 E8 3E FD 75      C  DB 076h,0e2h,0e8h,03eh,0fdh,075h,069h,0e8h
       69 E8
 5730  1A E3 8B DE E8 34      C  DB 01ah,0e3h,08bh,0deh,0e8h,034h,0fdh,074h
       FD 74
 5738  49 8B DE E8 53 E3      C  DB 049h,08bh,0deh,0e8h,053h,0e3h,08bh,0deh
       8B DE
 5740  EB 40 81 FF 0D 1C      C  DB 0ebh,040h,081h,0ffh,00dh,01ch,074h,006h
       74 06
 5748  81 FF 00 4D 75 17      C  DB 081h,0ffh,000h,04dh,075h,017h,08bh,0d8h
       8B D8
 5750  E8 4D E2 E8 15 FD      C  DB 0e8h,04dh,0e2h,0e8h,015h,0fdh,074h,00bh
       74 0B
 5758  E8 04 FD 74 06 81      C  DB 0e8h,004h,0fdh,074h,006h,081h,0fbh,0bbh
       FB BB
 5760  4D 76 35 EB 1D 81      C  DB 04dh,076h,035h,0ebh,01dh,081h,0ffh,000h
       FF 00
 5768  48 75 06 8B 9E 84      C  DB 048h,075h,006h,08bh,09eh,084h,000h,0ebh
       00 EB
 5770  BE 81 FF 00 50 74      C  DB 0beh,081h,0ffh,000h,050h,074h,002h,0f8h
       02 F8
 5778  C3 8B 9E 84 00 E8      C  DB 0c3h,08bh,09eh,084h,000h,0e8h,0d2h,0e2h
       D2 E2
 5780  8B DE E8 22 00 39      C  DB 08bh,0deh,0e8h,022h,000h,039h,09eh,084h
       9E 84
 5788  00 74 0B 87 9E 84      C  DB 000h,074h,00bh,087h,09eh,084h,000h,0e8h
       00 E8
 5790  25 DD 8B 9E 84 00      C  DB 025h,0ddh,08bh,09eh,084h,000h,0ebh,007h
       EB 07
 5798  E8 0C 00 8B 9E 84      C  DB 0e8h,00ch,000h,08bh,09eh,084h,000h,0c6h
       00 C6
 57A0  86 29 01 00 E9 67      C  DB 086h,029h,001h,000h,0e9h,067h,0e4h,0c6h
       E4 C6
 57A8  86 29 01 FF 60 FF      C  DB 086h,029h,001h,0ffh,060h,0ffh,0b6h,084h
       B6 84
 57B0  00 87 9E 27 01 E8      C  DB 000h,087h,09eh,027h,001h,0e8h,0b3h,0fch
       B3 FC
 57B8  75 0B C6 86 29 01      C  DB 075h,00bh,0c6h,086h,029h,001h,000h,0c7h
       00 C7
 57C0  86 84 00 FF FF E8      C  DB 086h,084h,000h,0ffh,0ffh,0e8h,0efh,0dch
       EF DC
 57C8  8F 86 84 00 61 C3      C  DB 08fh,086h,084h,000h,061h,0c3h,053h,08bh
       53 8B
 57D0  B6 2B 01 8A 54 02      C  DB 0b6h,02bh,001h,08ah,054h,002h,038h,096h
       38 96
 57D8  80 00 75 45 8B 9E      C  DB 080h,000h,075h,045h,08bh,09eh,084h,000h
       84 00
 57E0  3B 9E 27 01 74 0B      C  DB 03bh,09eh,027h,001h,074h,00bh,0e8h,099h
       E8 99
 57E8  FC 75 36 89 96 27      C  DB 0fch,075h,036h,089h,096h,027h,001h,0ebh
       01 EB
 57F0  30 E8 8E FC 74 2B      C  DB 030h,0e8h,08eh,0fch,074h,02bh,0e8h,072h
       E8 72
 57F8  FC 9C 89 96 84 00      C  DB 0fch,09ch,089h,096h,084h,000h,08bh,0dah
       8B DA
 5800  E8 21 00 89 9E 27      C  DB 0e8h,021h,000h,089h,09eh,027h,001h,0e8h
       01 E8
 5808  8A 00 74 0F E8 81      C  DB 08ah,000h,074h,00fh,0e8h,081h,000h,074h
       00 74
 5810  0A 83 C3 32 89 9E      C  DB 00ah,083h,0c3h,032h,089h,09eh,027h,001h
       27 01
 5818  E8 09 00 9D 74 03      C  DB 0e8h,009h,000h,09dh,074h,003h,058h,0f9h
       58 F9
 5820  C3 5B F8 C3 C6 86      C  DB 0c3h,05bh,0f8h,0c3h,0c6h,086h,029h,001h
       29 01
 5828  FF E8 3F E0 FF B6      C  DB 0ffh,0e8h,03fh,0e0h,0ffh,0b6h,081h,000h
       81 00
 5830  E8 B5 DC E8 24 E0      C  DB 0e8h,0b5h,0dch,0e8h,024h,0e0h,0e8h,0c7h
       E8 C7
 5838  DC 8F 86 81 00 C6      C  DB 0dch,08fh,086h,081h,000h,0c6h,086h,029h
       86 29
 5840  01 00 C3 3C AA 74      C  DB 001h,000h,0c3h,03ch,0aah,074h,00fh,060h
       0F 60
 5848  E8 37 FC 8B DA E8      C  DB 0e8h,037h,0fch,08bh,0dah,0e8h,09bh,0fch
       9B FC
 5850  E8 50 FD 61 F8 C3      C  DB 0e8h,050h,0fdh,061h,0f8h,0c3h,081h,0beh
       81 BE
 5858  A0 00 00 4B 75 1C      C  DB 0a0h,000h,000h,04bh,075h,01ch,0e8h,021h
       E8 21
 5860  FC 89 96 84 00 83      C  DB 0fch,089h,096h,084h,000h,083h,0ebh,019h
       EB 19
 5868  51 B9 04 00 E8 06      C  DB 051h,0b9h,004h,000h,0e8h,006h,0e1h,059h
       E1 59
 5870  74 05 8B DA E9 0B      C  DB 074h,005h,08bh,0dah,0e9h,00bh,0ffh,0e9h
       FF E9
 5878  1E FF 81 BE A0 00      C  DB 01eh,0ffh,081h,0beh,0a0h,000h,000h,048h
       00 48
 5880  75 03 E9 86 FE 81      C  DB 075h,003h,0e9h,086h,0feh,081h,0beh,0a0h
       BE A0
 5888  00 00 50 75 C7 E9      C  DB 000h,000h,050h,075h,0c7h,0e9h,07bh,0feh
       7B FE
 5890  B0 02 EB 02 B0 01      C  DB 0b0h,002h,0ebh,002h,0b0h,001h,060h,0e8h
       60 E8
 5898  E8 FB 8B DA 81 C3      C  DB 0e8h,0fbh,08bh,0dah,081h,0c3h,0afh,000h
       AF 00
 58A0  50 E8 7F DA 58 3A      C  DB 050h,0e8h,07fh,0dah,058h,03ah,0d0h,061h
       D0 61
 58A8  C3 00 00 00 01 00      C  DB 0c3h,000h,000h,000h,001h,000h,0efh,058h
       EF 58
 58B0  F9 5D 19 3A 1E 3A      C  DB 0f9h,05dh,019h,03ah,01eh,03ah,098h,03ah
       98 3A
 58B8  8A 3A 04 FF FF B5      C  DB 08ah,03ah,004h,0ffh,0ffh,0b5h,03eh,005h
       3E 05
 58C0  1E 01 42 49 4F 53      C  DB 01eh,001h,042h,049h,04fh,053h,020h,046h
       20 46
 58C8  45 41 54 55 52 45      C  DB 045h,041h,054h,055h,052h,045h,053h,020h
       53 20
 58D0  53 45 54 55 50 00      C  DB 053h,045h,054h,055h,050h,000h,008h,000h
       08 00
 58D8  16 5B FF FF 80 00      C  DB 016h,05bh,0ffh,0ffh,080h,000h,03ch,080h
       3C 80
 58E0  00 85 50 00 00 01      C  DB 000h,085h,050h,000h,000h,001h,000h,002h
       00 02
 58E8  04 80 00 80 00 15      C  DB 004h,080h,000h,080h,000h,015h,05bh,000h
       5B 00
 58F0  00 7E 5C FF FF 02      C  DB 000h,07eh,05ch,0ffh,0ffh,002h,000h,03bh
       00 3B
 58F8  02 00 8E 50 00 00      C  DB 002h,000h,08eh,050h,000h,000h,001h,000h
       01 00
 5900  02 04 02 00 02 00      C  DB 002h,004h,002h,000h,002h,000h,0fdh,050h
       FD 50
 5908  00 00 9C 5C FF FF      C  DB 000h,000h,09ch,05ch,0ffh,0ffh,001h,000h
       01 00
 5910  3B 01 00 8E 50 00      C  DB 03bh,001h,000h,08eh,050h,000h,000h,001h
       00 01
 5918  00 02 05 01 00 01      C  DB 000h,002h,005h,001h,000h,001h,000h,0fdh
       00 FD
 5920  50 00 00 BA 5C FF      C  DB 050h,000h,000h,0bah,05ch,0ffh,0ffh,010h
       FF 10
 5928  00 3C 10 00 8E 50      C  DB 000h,03ch,010h,000h,08eh,050h,000h,000h
       00 00
 5930  01 00 02 06 00 00      C  DB 001h,000h,002h,006h,000h,000h,000h,000h
       00 00
 5938  FD 50 00 00 34 5B      C  DB 0fdh,050h,000h,000h,034h,05bh,0ffh,0ffh
       FF FF
 5940  01 00 3C 01 00 E7      C  DB 001h,000h,03ch,001h,000h,0e7h,05dh,000h
       5D 00
 5948  00 01 00 02 07 00      C  DB 000h,001h,000h,002h,007h,000h,000h,000h
       00 00
 5950  00 FD 50 00 00 52      C  DB 000h,0fdh,050h,000h,000h,052h,05bh,0ffh
       5B FF
 5958  FF 01 00 3E 10 00      C  DB 0ffh,001h,000h,03eh,010h,000h,08eh,050h
       8E 50
 5960  00 00 01 00 02 08      C  DB 000h,000h,001h,000h,002h,008h,000h,000h
       00 00
 5968  00 00 FD 50 08 00      C  DB 000h,000h,0fdh,050h,008h,000h,070h,05bh
       70 5B
 5970  FF FF 01 00 13 01      C  DB 0ffh,0ffh,001h,000h,013h,001h,000h,08eh
       00 8E
 5978  50 00 00 01 00 02      C  DB 050h,000h,000h,001h,000h,002h,009h,000h
       09 00
 5980  00 00 00 FD 50 00      C  DB 000h,000h,000h,0fdh,050h,000h,000h,08eh
       00 8E
 5988  5B FF FF 80 00 11      C  DB 05bh,0ffh,0ffh,080h,000h,011h,080h,000h
       80 00
 5990  A5 5D 00 00 01 00      C  DB 0a5h,05dh,000h,000h,001h,000h,002h,009h
       02 09
 5998  80 00 80 00 FD 50      C  DB 080h,000h,080h,000h,0fdh,050h,008h,000h
       08 00
 59A0  AC 5B FF FF 20 00      C  DB 0ach,05bh,0ffh,0ffh,020h,000h,03eh,020h
       3E 20
 59A8  00 EF 5D 00 00 01      C  DB 000h,0efh,05dh,000h,000h,001h,000h,002h
       00 02
 59B0  0A 20 00 20 00 FD      C  DB 00ah,020h,000h,020h,000h,0fdh,050h,000h
       50 00
 59B8  00 CA 5B FF FF 40      C  DB 000h,0cah,05bh,0ffh,0ffh,040h,000h,011h
       00 11
 59C0  40 00 8E 50 00 00      C  DB 040h,000h,08eh,050h,000h,000h,001h,000h
       01 00
 59C8  02 0A 40 00 40 00      C  DB 002h,00ah,040h,000h,040h,000h,0fdh,050h
       FD 50
 59D0  00 00 E8 5B FF FF      C  DB 000h,000h,0e8h,05bh,0ffh,0ffh,020h,000h
       20 00
 59D8  11 20 00 AD 5D 00      C  DB 011h,020h,000h,0adh,05dh,000h,000h,001h
       00 01
 59E0  00 02 0B 20 00 20      C  DB 000h,002h,00bh,020h,000h,020h,000h,0fdh
       00 FD
 59E8  50 00 00 06 5C FF      C  DB 050h,000h,000h,006h,05ch,0ffh,0ffh,002h
       FF 02
 59F0  00 13 02 00 8E 50      C  DB 000h,013h,002h,000h,08eh,050h,000h,000h
       00 00
 59F8  01 00 02 0C 00 00      C  DB 001h,000h,002h,00ch,000h,000h,000h,000h
       00 00
 5A00  FD 50 00 00 24 5C      C  DB 0fdh,050h,000h,000h,024h,05ch,0ffh,0ffh
       FF FF
 5A08  80 00 13 80 00 8E      C  DB 080h,000h,013h,080h,000h,08eh,050h,000h
       50 00
 5A10  00 01 00 02 0D 00      C  DB 000h,001h,000h,002h,00dh,000h,000h,000h
       00 00
 5A18  00 FD 50 00 00 42      C  DB 000h,0fdh,050h,000h,000h,042h,05ch,0ffh
       5C FF
 5A20  FF 70 00 13 70 00      C  DB 0ffh,070h,000h,013h,070h,000h,0bbh,05dh
       BB 5D
 5A28  00 00 07 00 02 0E      C  DB 000h,000h,007h,000h,002h,00eh,040h,000h
       40 00
 5A30  40 00 FD 50 00 00      C  DB 040h,000h,0fdh,050h,000h,000h,060h,05ch
       60 5C
 5A38  FF FF 0C 00 13 0C      C  DB 0ffh,0ffh,00ch,000h,013h,00ch,000h,0d3h
       00 D3
 5A40  5D 00 00 03 00 02      C  DB 05dh,000h,000h,003h,000h,002h,00fh,004h
       0F 04
 5A48  00 04 00 FD 50 00      C  DB 000h,004h,000h,0fdh,050h,000h,000h,0d8h
       00 D8
 5A50  5C FF FF 01 00 11      C  DB 05ch,0ffh,0ffh,001h,000h,011h,001h,000h
       01 00
 5A58  97 5D 00 00 01 00      C  DB 097h,05dh,000h,000h,001h,000h,002h,010h
       02 10
 5A60  00 00 00 00 FD 50      C  DB 000h,000h,000h,000h,0fdh,050h,008h,000h
       08 00
 5A68  F6 5C FF FF 40 00      C  DB 0f6h,05ch,0ffh,0ffh,040h,000h,03eh,040h
       3E 40
 5A70  00 8E 50 00 00 01      C  DB 000h,08eh,050h,000h,000h,001h,000h,02ah
       00 2A
 5A78  04 40 00 40 00 FD      C  DB 004h,040h,000h,040h,000h,0fdh,050h,000h
       50 00
 5A80  00 0D 5D FF FF 80      C  DB 000h,00dh,05dh,0ffh,0ffh,080h,000h,03eh
       00 3E
 5A88  80 00 8E 50 00 00      C  DB 080h,000h,08eh,050h,000h,000h,001h,000h
       01 00
 5A90  2A 04 80 00 80 00      C  DB 02ah,004h,080h,000h,080h,000h,0fdh,050h
       FD 50
 5A98  00 00 24 5D FF FF      C  DB 000h,000h,024h,05dh,0ffh,0ffh,008h,000h
       08 00
 5AA0  11 08 00 8E 50 00      C  DB 011h,008h,000h,08eh,050h,000h,000h,001h
       00 01
 5AA8  00 2A 05 00 00 00      C  DB 000h,02ah,005h,000h,000h,000h,000h,0fdh
       00 FD
 5AB0  50 00 00 3B 5D FF      C  DB 050h,000h,000h,03bh,05dh,0ffh,0ffh,001h
       FF 01
 5AB8  00 1B 01 00 8E 50      C  DB 000h,01bh,001h,000h,08eh,050h,000h,000h
       00 00
 5AC0  01 00 2A 06 00 00      C  DB 001h,000h,02ah,006h,000h,000h,000h,000h
       00 00
 5AC8  FD 50 00 00 52 5D      C  DB 0fdh,050h,000h,000h,052h,05dh,0ffh,0ffh
       FF FF
 5AD0  04 00 1B 04 00 8E      C  DB 004h,000h,01bh,004h,000h,08eh,050h,000h
       50 00
 5AD8  00 01 00 2A 07 00      C  DB 000h,001h,000h,02ah,007h,000h,000h,000h
       00 00
 5AE0  00 FD 50 08 00 69      C  DB 000h,0fdh,050h,008h,000h,069h,05dh,0ffh
       5D FF
 5AE8  FF 10 00 1B 10 00      C  DB 0ffh,010h,000h,01bh,010h,000h,08eh,050h
       8E 50
 5AF0  00 00 01 00 2A 08      C  DB 000h,000h,001h,000h,02ah,008h,000h,000h
       00 00
 5AF8  00 00 FD 50 08 00      C  DB 000h,000h,0fdh,050h,008h,000h,080h,05dh
       80 5D
 5B00  FF FF 40 00 1B 40      C  DB 0ffh,0ffh,040h,000h,01bh,040h,000h,08eh
       00 8E
 5B08  50 00 00 01 00 2A      C  DB 050h,000h,000h,001h,000h,02ah,009h,000h
       09 00
 5B10  00 00 00 FD 50 00      C  DB 000h,000h,000h,0fdh,050h,000h,056h,069h
       56 69
 5B18  72 75 73 20 57 61      C  DB 072h,075h,073h,020h,057h,061h,072h,06eh
       72 6E
 5B20  69 6E 67 20 20 20      C  DB 069h,06eh,067h,020h,020h,020h,020h,020h
       20 20
 5B28  20 20 20 20 20 20      C  DB 020h,020h,020h,020h,020h,020h,020h,020h
       20 20
 5B30  20 3A 20 00 42 6F      C  DB 020h,03ah,020h,000h,042h,06fh,06fh,074h
       6F 74
 5B38  20 53 65 71 75 65      C  DB 020h,053h,065h,071h,075h,065h,06eh,063h
       6E 63
 5B40  65 20 20 20 20 20      C  DB 065h,020h,020h,020h,020h,020h,020h,020h
       20 20
 5B48  20 20 20 20 20 20      C  DB 020h,020h,020h,020h,020h,020h,020h,03ah
       20 3A
 5B50  20 00 53 77 61 70      C  DB 020h,000h,053h,077h,061h,070h,020h,046h
       20 46
 5B58  6C 6F 70 70 79 20      C  DB 06ch,06fh,070h,070h,079h,020h,044h,072h
       44 72
 5B60  69 76 65 20 20 20      C  DB 069h,076h,065h,020h,020h,020h,020h,020h
       20 20
 5B68  20 20 20 20 20 3A      C  DB 020h,020h,020h,020h,020h,03ah,020h,000h
       20 00
 5B70  42 6F 6F 74 20 55      C  DB 042h,06fh,06fh,074h,020h,055h,070h,020h
       70 20
 5B78  46 6C 6F 70 70 79      C  DB 046h,06ch,06fh,070h,070h,079h,020h,053h
       20 53
 5B80  65 65 6B 20 20 20      C  DB 065h,065h,06bh,020h,020h,020h,020h,020h
       20 20
 5B88  20 20 20 3A 20 00      C  DB 020h,020h,020h,03ah,020h,000h,042h,06fh
       42 6F
 5B90  6F 74 20 55 70 20      C  DB 06fh,074h,020h,055h,070h,020h,04eh,075h
       4E 75
 5B98  6D 4C 6F 63 6B 20      C  DB 06dh,04ch,06fh,063h,06bh,020h,053h,074h
       53 74
 5BA0  61 74 75 73 20 20      C  DB 061h,074h,075h,073h,020h,020h,020h,020h
       20 20
 5BA8  20 3A 20 00 42 6F      C  DB 020h,03ah,020h,000h,042h,06fh,06fh,074h
       6F 74
 5BB0  20 55 70 20 53 79      C  DB 020h,055h,070h,020h,053h,079h,073h,074h
       73 74
 5BB8  65 6D 20 53 70 65      C  DB 065h,06dh,020h,053h,070h,065h,065h,064h
       65 64
 5BC0  20 20 20 20 20 20      C  DB 020h,020h,020h,020h,020h,020h,020h,03ah
       20 3A
 5BC8  20 00 49 44 45 20      C  DB 020h,000h,049h,044h,045h,020h,048h,044h
       48 44
 5BD0  44 20 42 6C 6F 63      C  DB 044h,020h,042h,06ch,06fh,063h,06bh,020h
       6B 20
 5BD8  4D 6F 64 65 20 20      C  DB 04dh,06fh,064h,065h,020h,020h,020h,020h
       20 20
 5BE0  20 20 20 20 20 3A      C  DB 020h,020h,020h,020h,020h,03ah,020h,000h
       20 00
 5BE8  47 61 74 65 20 41      C  DB 047h,061h,074h,065h,020h,041h,032h,030h
       32 30
 5BF0  20 4F 70 74 69 6F      C  DB 020h,04fh,070h,074h,069h,06fh,06eh,020h
       6E 20
 5BF8  20 20 20 20 20 20      C  DB 020h,020h,020h,020h,020h,020h,020h,020h
       20 20
 5C00  20 20 20 3A 20 00      C  DB 020h,020h,020h,03ah,020h,000h,04dh,065h
       4D 65
 5C08  6D 6F 72 79 20 50      C  DB 06dh,06fh,072h,079h,020h,050h,061h,072h
       61 72
 5C10  69 74 79 20 43 68      C  DB 069h,074h,079h,020h,043h,068h,065h,063h
       65 63
 5C18  6B 20 20 20 20 20      C  DB 06bh,020h,020h,020h,020h,020h,020h,020h
       20 20
 5C20  20 3A 20 00 54 79      C  DB 020h,03ah,020h,000h,054h,079h,070h,065h
       70 65
 5C28  6D 61 74 69 63 20      C  DB 06dh,061h,074h,069h,063h,020h,052h,061h
       52 61
 5C30  74 65 20 53 65 74      C  DB 074h,065h,020h,053h,065h,074h,074h,069h
       74 69
 5C38  6E 67 20 20 20 20      C  DB 06eh,067h,020h,020h,020h,020h,020h,03ah
       20 3A
 5C40  20 00 54 79 70 65      C  DB 020h,000h,054h,079h,070h,065h,06dh,061h
       6D 61
 5C48  74 69 63 20 52 61      C  DB 074h,069h,063h,020h,052h,061h,074h,065h
       74 65
 5C50  20 28 43 68 61 72      C  DB 020h,028h,043h,068h,061h,072h,073h,02fh
       73 2F
 5C58  53 65 63 29 20 3A      C  DB 053h,065h,063h,029h,020h,03ah,020h,000h
       20 00
 5C60  54 79 70 65 6D 61      C  DB 054h,079h,070h,065h,06dh,061h,074h,069h
       74 69
 5C68  63 20 44 65 6C 61      C  DB 063h,020h,044h,065h,06ch,061h,079h,020h
       79 20
 5C70  28 4D 73 65 63 29      C  DB 028h,04dh,073h,065h,063h,029h,020h,020h
       20 20
 5C78  20 20 20 3A 20 00      C  DB 020h,020h,020h,03ah,020h,000h,043h,050h
       43 50
 5C80  55 20 49 6E 74 65      C  DB 055h,020h,049h,06eh,074h,065h,072h,06eh
       72 6E
 5C88  61 6C 20 43 61 63      C  DB 061h,06ch,020h,043h,061h,063h,068h,065h
       68 65
 5C90  20 20 20 20 20 20      C  DB 020h,020h,020h,020h,020h,020h,020h,020h
       20 20
 5C98  20 3A 20 00 45 78      C  DB 020h,03ah,020h,000h,045h,078h,074h,065h
       74 65
 5CA0  72 6E 61 6C 20 43      C  DB 072h,06eh,061h,06ch,020h,043h,061h,063h
       61 63
 5CA8  68 65 20 20 20 20      C  DB 068h,065h,020h,020h,020h,020h,020h,020h
       20 20
 5CB0  20 20 20 20 20 20      C  DB 020h,020h,020h,020h,020h,020h,020h,03ah
       20 3A
 5CB8  20 00 51 75 69 63      C  DB 020h,000h,051h,075h,069h,063h,06bh,020h
       6B 20
 5CC0  50 6F 77 65 72 20      C  DB 050h,06fh,077h,065h,072h,020h,04fh,06eh
       4F 6E
 5CC8  20 53 65 6C 66 20      C  DB 020h,053h,065h,06ch,066h,020h,054h,065h
       54 65
 5CD0  73 74 20 20 20 3A      C  DB 073h,074h,020h,020h,020h,03ah,020h,000h
       20 00
 5CD8  53 65 63 75 72 69      C  DB 053h,065h,063h,075h,072h,069h,074h,079h
       74 79
 5CE0  20 4F 70 74 69 6F      C  DB 020h,04fh,070h,074h,069h,06fh,06eh,020h
       6E 20
 5CE8  20 20 20 20 20 20      C  DB 020h,020h,020h,020h,020h,020h,020h,020h
       20 20
 5CF0  20 20 20 3A 20 00      C  DB 020h,020h,020h,03ah,020h,000h,053h,079h
       53 79
 5CF8  73 74 65 6D 20 42      C  DB 073h,074h,065h,06dh,020h,042h,049h,04fh
       49 4F
 5D00  53 20 53 68 61 64      C  DB 053h,020h,053h,068h,061h,064h,06fh,077h
       6F 77
 5D08  20 20 3A 20 00 56      C  DB 020h,020h,03ah,020h,000h,056h,069h,064h
       69 64
 5D10  65 6F 20 20 42 49      C  DB 065h,06fh,020h,020h,042h,049h,04fh,053h
       4F 53
 5D18  20 53 68 61 64 6F      C  DB 020h,053h,068h,061h,064h,06fh,077h,020h
       77 20
 5D20  20 3A 20 00 43 38      C  DB 020h,03ah,020h,000h,043h,038h,030h,030h
       30 30
 5D28  30 2D 43 46 46 46      C  DB 030h,02dh,043h,046h,046h,046h,046h,020h
       46 20
 5D30  53 68 61 64 6F 77      C  DB 053h,068h,061h,064h,06fh,077h,020h,020h
       20 20
 5D38  3A 20 00 44 30 30      C  DB 03ah,020h,000h,044h,030h,030h,030h,030h
       30 30
 5D40  2D 44 37 46 46 46      C  DB 02dh,044h,037h,046h,046h,046h,020h,053h
       20 53
 5D48  68 61 64 6F 77 20      C  DB 068h,061h,064h,06fh,077h,020h,020h,03ah
       20 3A
 5D50  20 00 44 38 30 30      C  DB 020h,000h,044h,038h,030h,030h,030h,02dh
       30 2D
 5D58  44 46 46 46 46 20      C  DB 044h,046h,046h,046h,046h,020h,053h,068h
       53 68
 5D60  61 64 6F 77 20 20      C  DB 061h,064h,06fh,077h,020h,020h,03ah,020h
       3A 20
 5D68  00 45 30 30 30 30      C  DB 000h,045h,030h,030h,030h,030h,02dh,045h
       2D 45
 5D70  37 46 46 46 20 53      C  DB 037h,046h,046h,046h,020h,053h,068h,061h
       68 61
 5D78  64 6F 77 20 20 3A      C  DB 064h,06fh,077h,020h,020h,03ah,020h,000h
       20 00
 5D80  45 38 30 30 30 2D      C  DB 045h,038h,030h,030h,030h,02dh,045h,046h
       45 46
 5D88  46 46 46 20 53 68      C  DB 046h,046h,046h,020h,053h,068h,061h,064h
       61 64
 5D90  6F 77 20 20 3A 20      C  DB 06fh,077h,020h,020h,03ah,020h,000h,053h
       00 53
 5D98  65 74 75 70 20 00      C  DB 065h,074h,075h,070h,020h,000h,053h,079h
       53 79
 5DA0  73 74 65 6D 00 4F      C  DB 073h,074h,065h,06dh,000h,04fh,066h,066h
       66 66
 5DA8  00 4F 6E 20 00 4E      C  DB 000h,04fh,06eh,020h,000h,04eh,06fh,072h
       6F 72
 5DB0  6D 61 6C 00 46 61      C  DB 06dh,061h,06ch,000h,046h,061h,073h,074h
       73 74
 5DB8  20 20 00 36 20 00      C  DB 020h,020h,000h,036h,020h,000h,038h,020h
       38 20
 5DC0  00 31 30 00 31 32      C  DB 000h,031h,030h,000h,031h,032h,000h,031h
       00 31
 5DC8  35 00 32 30 00 32      C  DB 035h,000h,032h,030h,000h,032h,034h,000h
       34 00
 5DD0  33 30 00 32 35 30      C  DB 033h,030h,000h,032h,035h,030h,020h,000h
       20 00
 5DD8  35 30 30 20 00 37      C  DB 035h,030h,030h,020h,000h,037h,035h,030h
       35 30
 5DE0  20 00 31 30 30 30      C  DB 020h,000h,031h,030h,030h,030h,000h,041h
       00 41
 5DE8  2C 43 00 43 2C 41      C  DB 02ch,043h,000h,043h,02ch,041h,000h,04ch
       00 4C
 5DF0  6F 77 20 00 48 69      C  DB 06fh,077h,020h,000h,048h,069h,067h,068h
       67 68
 5DF8  00 3C AA 75 0A F6      C  DB 000h,03ch,0aah,075h,00ah,0f6h,046h,03dh
       46 3D
 5E00  80 75 04 E8 B2 DF      C  DB 080h,075h,004h,0e8h,0b2h,0dfh,0f9h,0c3h
       F9 C3
 5E08  2E F6 06 E8 FF 80      C  DB 02eh,0f6h,006h,0e8h,0ffh,080h,075h,004h
       75 04
 5E10  E8 A5 DF F9 C3 00      C  DB 0e8h,0a5h,0dfh,0f9h,0c3h,000h,000h,000h
       00 00
 5E18  00 00 00 00 00 00      C  DB 000h,000h,000h,000h,000h,000h,000h,000h
       00 00
 5E20  00 00 02 00 04 62      C  DB 000h,000h,002h,000h,004h,062h,06fh,03dh
       6F 3D
 5E28  E5 62 5E 67 19 3A      C  DB 0e5h,062h,05eh,067h,019h,03ah,01eh,03ah
       1E 3A
 5E30  98 3A 8A 3A 04 FF      C  DB 098h,03ah,08ah,03ah,004h,0ffh,0ffh,0b5h
       FF B5
 5E38  3E 05 1D 01 43 48      C  DB 03eh,005h,01dh,001h,043h,048h,049h,050h
       49 50
 5E40  53 45 54 20 46 45      C  DB 053h,045h,054h,020h,046h,045h,041h,054h
       41 54
 5E48  55 52 45 53 20 53      C  DB 055h,052h,045h,053h,020h,053h,045h,054h
       45 54
 5E50  55 50 00 90 10 2D      C  DB 055h,050h,000h,090h,010h,02dh,02eh,040h
       2E 40
 5E58  5A 5B 67 79 7A 00      C  DB 05ah,05bh,067h,079h,07ah,000h,000h,050h
       00 50
 5E60  00 15 00 01 00 00      C  DB 000h,015h,000h,001h,000h,000h,052h,000h
       52 00
 5E68  FF 00 00 00 00 53      C  DB 0ffh,000h,000h,000h,000h,053h,000h,0cfh
       00 CF
 5E70  00 00 00 00 54 00      C  DB 000h,000h,000h,000h,054h,000h,0ffh,000h
       FF 00
 5E78  00 00 00 55 00 FF      C  DB 000h,000h,000h,055h,000h,0ffh,000h,000h
       00 00
 5E80  00 00 56 00 FF 00      C  DB 000h,000h,056h,000h,0ffh,000h,000h,000h
       00 00
 5E88  00 57 00 E2 00 2A      C  DB 000h,057h,000h,0e2h,000h,02ah,000h,000h
       00 00
 5E90  58 00 BC 00 70 00      C  DB 058h,000h,0bch,000h,070h,000h,000h,059h
       00 59
 5E98  00 C0 00 00 00 00      C  DB 000h,0c0h,000h,000h,000h,000h,05ah,000h
       5A 00
 5EA0  AF 00 00 00 00 5C      C  DB 0afh,000h,000h,000h,000h,05ch,000h,0ffh
       00 FF
 5EA8  00 08 00 00 5E 00      C  DB 000h,008h,000h,000h,05eh,000h,0ffh,000h
       FF 00
 5EB0  1C 00 00 5E 00 FF      C  DB 01ch,000h,000h,05eh,000h,0ffh,000h,008h
       00 08
 5EB8  00 00 5F 00 FF 00      C  DB 000h,000h,05fh,000h,0ffh,000h,01ch,000h
       1C 00
 5EC0  00 60 00 FC 00 00      C  DB 000h,060h,000h,0fch,000h,000h,000h,000h
       00 00
 5EC8  61 00 FF 00 57 00      C  DB 061h,000h,0ffh,000h,057h,000h,000h,063h
       00 63
 5ED0  00 0F 00 0F 00 00      C  DB 000h,00fh,000h,00fh,000h,000h,066h,000h
       66 00
 5ED8  FF 00 05 00 00 67      C  DB 0ffh,000h,005h,000h,000h,067h,000h,0ffh
       00 FF
 5EE0  00 80 00 00 6A 00      C  DB 000h,080h,000h,000h,06ah,000h,0ffh,000h
       FF 00
 5EE8  FF 00 00 6F 00 59      C  DB 0ffh,000h,000h,06fh,000h,059h,000h,040h
       00 40
 5EF0  00 00 70 00 FF 00      C  DB 000h,000h,070h,000h,0ffh,000h,018h,000h
       18 00
 5EF8  00 71 00 3F 00 00      C  DB 000h,071h,000h,03fh,000h,000h,000h,000h
       00 00
 5F00  72 00 7F 00 02 00      C  DB 072h,000h,07fh,000h,002h,000h,000h,073h
       00 73
 5F08  00 F8 00 78 00 00      C  DB 000h,0f8h,000h,078h,000h,000h,074h,000h
       74 00
 5F10  FF 00 00 00 00 75      C  DB 0ffh,000h,000h,000h,000h,075h,000h,004h
       00 04
 5F18  00 04 00 00 F1 00      C  DB 000h,004h,000h,000h,0f1h,000h,0ffh,000h
       FF 00
 5F20  FF 00 03 F2 00 FF      C  DB 0ffh,000h,003h,0f2h,000h,0ffh,048h,000h
       48 00
 5F28  40 03 F3 00 FF 48      C  DB 040h,003h,0f3h,000h,0ffh,048h,000h,040h
       00 40
 5F30  03 F4 00 FF 48 00      C  DB 003h,0f4h,000h,0ffh,048h,000h,040h,031h
       40 31
 5F38  36 4D 48 5A 2C 20      C  DB 036h,04dh,048h,05ah,02ch,020h,032h,062h
       32 62
 5F40  00 32 30 4D 48 5A      C  DB 000h,032h,030h,04dh,048h,05ah,02ch,020h
       2C 20
 5F48  32 62 00 32 35 4D      C  DB 032h,062h,000h,032h,035h,04dh,048h,05ah
       48 5A
 5F50  2C 20 32 62 00 33      C  DB 02ch,020h,032h,062h,000h,033h,033h,04dh
       33 4D
 5F58  48 5A 2C 20 32 62      C  DB 048h,05ah,02ch,020h,032h,062h,000h,034h
       00 34
 5F60  30 4D 48 5A 2C 20      C  DB 030h,04dh,048h,05ah,02ch,020h,032h,062h
       32 62
 5F68  00 35 30 4D 48 5A      C  DB 000h,035h,030h,04dh,048h,05ah,02ch,020h
       2C 20
 5F70  32 62 00 35 30 44      C  DB 032h,062h,000h,035h,030h,044h,058h,032h
       58 32
 5F78  2C 20 32 62 00 36      C  DB 02ch,020h,032h,062h,000h,036h,036h,044h
       36 44
 5F80  58 32 2C 20 32 62      C  DB 058h,032h,02ch,020h,032h,062h,000h,038h
       00 38
 5F88  30 44 58 32 2C 20      C  DB 030h,044h,058h,032h,02ch,020h,032h,062h
       32 62
 5F90  00 37 35 44 58 33      C  DB 000h,037h,035h,044h,058h,033h,02ch,020h
       2C 20
 5F98  32 62 00 31 30 30      C  DB 032h,062h,000h,031h,030h,030h,044h,058h
       44 58
 5FA0  33 2C 32 62 00 31      C  DB 033h,02ch,032h,062h,000h,031h,036h,04dh
       36 4D
 5FA8  48 5A 2C 20 31 62      C  DB 048h,05ah,02ch,020h,031h,062h,000h,032h
       00 32
 5FB0  30 4D 48 5A 2C 20      C  DB 030h,04dh,048h,05ah,02ch,020h,031h,062h
       31 62
 5FB8  00 32 35 4D 48 5A      C  DB 000h,032h,035h,04dh,048h,05ah,02ch,020h
       2C 20
 5FC0  31 62 00 33 33 4D      C  DB 031h,062h,000h,033h,033h,04dh,048h,05ah
       48 5A
 5FC8  2C 20 31 62 00 34      C  DB 02ch,020h,031h,062h,000h,034h,030h,04dh
       30 4D
 5FD0  48 5A 2C 20 31 62      C  DB 048h,05ah,02ch,020h,031h,062h,000h,035h
       00 35
 5FD8  30 4D 48 5A 2C 20      C  DB 030h,04dh,048h,05ah,02ch,020h,031h,062h
       31 62
 5FE0  00 35 30 44 58 32      C  DB 000h,035h,030h,044h,058h,032h,02ch,020h
       2C 20
 5FE8  31 62 00 36 36 44      C  DB 031h,062h,000h,036h,036h,044h,058h,032h
       58 32
 5FF0  2C 20 31 62 00 38      C  DB 02ch,020h,031h,062h,000h,038h,030h,044h
       30 44
 5FF8  58 32 2C 20 31 62      C  DB 058h,032h,02ch,020h,031h,062h,000h,037h
       00 37
 6000  35 44 58 33 2C 20      C  DB 035h,044h,058h,033h,02ch,020h,031h,062h
       31 62
 6008  00 31 30 30 44 58      C  DB 000h,031h,030h,030h,044h,058h,033h,02ch
       33 2C
 6010  31 62 00 90 04 44      C  DB 031h,062h,000h,090h,004h,044h,060h,060h
       60 60
 6018  60 7C 60 B4 60 EC      C  DB 060h,07ch,060h,0b4h,060h,0ech,060h,008h
       60 08
 6020  61 98 60 D0 60 EC      C  DB 061h,098h,060h,0d0h,060h,0ech,060h,098h
       60 98
 6028  60 D0 60 24 61 40      C  DB 060h,0d0h,060h,024h,061h,040h,061h,05ch
       61 5C
 6030  61 94 61 B0 61 CC      C  DB 061h,094h,061h,0b0h,061h,0cch,061h,078h
       61 78
 6038  61 E8 61 B0 61 78      C  DB 061h,0e8h,061h,0b0h,061h,078h,061h,0e8h
       61 E8
 6040  61 87 DB 90 00 50      C  DB 061h,087h,0dbh,090h,000h,050h,000h,0e0h
       00 E0
 6048  00 E0 00 00 51 00      C  DB 000h,0e0h,000h,000h,051h,000h,003h,000h
       03 00
 6050  02 00 00 58 00 42      C  DB 002h,000h,000h,058h,000h,042h,000h,040h
       00 40
 6058  00 00 60 00 E0 00      C  DB 000h,000h,060h,000h,0e0h,000h,000h,000h
       00 00
 6060  00 50 00 E0 00 E0      C  DB 000h,050h,000h,0e0h,000h,0e0h,000h,000h
       00 00
 6068  51 00 03 00 03 00      C  DB 051h,000h,003h,000h,003h,000h,000h,058h
       00 58
 6070  00 42 00 40 00 00      C  DB 000h,042h,000h,040h,000h,000h,060h,000h
       60 00
 6078  E0 00 00 00 00 50      C  DB 0e0h,000h,000h,000h,000h,050h,000h,0e0h
       00 E0
 6080  00 A0 00 00 51 00      C  DB 000h,0a0h,000h,000h,051h,000h,003h,000h
       03 00
 6088  03 00 00 58 00 42      C  DB 003h,000h,000h,058h,000h,042h,000h,000h
       00 00
 6090  00 00 60 00 E0 00      C  DB 000h,000h,060h,000h,0e0h,000h,000h,000h
       00 00
 6098  00 50 00 E0 00 A0      C  DB 000h,050h,000h,0e0h,000h,0a0h,000h,000h
       00 00
 60A0  51 00 03 00 03 00      C  DB 051h,000h,003h,000h,003h,000h,000h,058h
       00 58
 60A8  00 42 00 00 00 00      C  DB 000h,042h,000h,000h,000h,000h,060h,000h
       60 00
 60B0  E0 00 00 00 00 50      C  DB 0e0h,000h,000h,000h,000h,050h,000h,0e0h
       00 E0
 60B8  00 60 00 00 51 00      C  DB 000h,060h,000h,000h,051h,000h,003h,000h
       03 00
 60C0  01 00 00 58 00 42      C  DB 001h,000h,000h,058h,000h,042h,000h,000h
       00 00
 60C8  00 00 60 00 E0 00      C  DB 000h,000h,060h,000h,0e0h,000h,000h,000h
       00 00
 60D0  00 50 00 E0 00 60      C  DB 000h,050h,000h,0e0h,000h,060h,000h,000h
       00 00
 60D8  51 00 03 00 01 00      C  DB 051h,000h,003h,000h,001h,000h,000h,058h
       00 58
 60E0  00 42 00 00 00 00      C  DB 000h,042h,000h,000h,000h,000h,060h,000h
       60 00
 60E8  E0 00 00 00 00 50      C  DB 0e0h,000h,000h,000h,000h,050h,000h,0e0h
       00 E0
 60F0  00 00 00 00 51 00      C  DB 000h,000h,000h,000h,051h,000h,003h,000h
       03 00
 60F8  01 00 00 58 00 42      C  DB 001h,000h,000h,058h,000h,042h,000h,000h
       00 00
 6100  00 00 60 00 E0 00      C  DB 000h,000h,060h,000h,0e0h,000h,000h,000h
       00 00
 6108  00 50 00 E0 00 00      C  DB 000h,050h,000h,0e0h,000h,000h,000h,000h
       00 00
 6110  51 00 03 00 01 00      C  DB 051h,000h,003h,000h,001h,000h,000h,058h
       00 58
 6118  00 42 00 00 00 00      C  DB 000h,042h,000h,000h,000h,000h,060h,000h
       60 00
 6120  E0 00 00 00 00 50      C  DB 0e0h,000h,000h,000h,000h,050h,000h,0e0h
       00 E0
 6128  00 E0 00 00 51 00      C  DB 000h,0e0h,000h,000h,051h,000h,003h,000h
       03 00
 6130  02 00 00 58 00 42      C  DB 002h,000h,000h,058h,000h,042h,000h,040h
       00 40
 6138  00 00 60 00 E0 00      C  DB 000h,000h,060h,000h,0e0h,000h,000h,000h
       00 00
 6140  00 50 00 E0 00 E0      C  DB 000h,050h,000h,0e0h,000h,0e0h,000h,000h
       00 00
 6148  51 00 03 00 03 00      C  DB 051h,000h,003h,000h,003h,000h,000h,058h
       00 58
 6150  00 42 00 70 00 00      C  DB 000h,042h,000h,070h,000h,000h,060h,000h
       60 00
 6158  E0 00 00 00 00 50      C  DB 0e0h,000h,000h,000h,000h,050h,000h,0e0h
       00 E0
 6160  00 A0 00 00 51 00      C  DB 000h,0a0h,000h,000h,051h,000h,003h,000h
       03 00
 6168  03 00 00 58 00 42      C  DB 003h,000h,000h,058h,000h,042h,000h,000h
       00 00
 6170  00 00 60 00 E0 00      C  DB 000h,000h,060h,000h,0e0h,000h,000h,000h
       00 00
 6178  00 50 00 E0 00 A0      C  DB 000h,050h,000h,0e0h,000h,0a0h,000h,000h
       00 00
 6180  51 00 03 00 03 00      C  DB 051h,000h,003h,000h,003h,000h,000h,058h
       00 58
 6188  00 42 00 00 00 00      C  DB 000h,042h,000h,000h,000h,000h,060h,000h
       60 00
 6190  E0 00 00 00 00 50      C  DB 0e0h,000h,000h,000h,000h,050h,000h,0e0h
       00 E0
 6198  00 60 00 00 51 00      C  DB 000h,060h,000h,000h,051h,000h,003h,000h
       03 00
 61A0  01 00 00 58 00 42      C  DB 001h,000h,000h,058h,000h,042h,000h,000h
       00 00
 61A8  00 00 60 00 E0 00      C  DB 000h,000h,060h,000h,0e0h,000h,000h,000h
       00 00
 61B0  00 50 00 E0 00 00      C  DB 000h,050h,000h,0e0h,000h,000h,000h,000h
       00 00
 61B8  51 00 03 00 01 00      C  DB 051h,000h,003h,000h,001h,000h,000h,058h
       00 58
 61C0  00 42 00 00 00 00      C  DB 000h,042h,000h,000h,000h,000h,060h,000h
       60 00
 61C8  E0 00 00 00 00 50      C  DB 0e0h,000h,000h,000h,000h,050h,000h,0e0h
       00 E0
 61D0  00 00 00 00 51 00      C  DB 000h,000h,000h,000h,051h,000h,003h,000h
       03 00
 61D8  01 00 00 58 00 42      C  DB 001h,000h,000h,058h,000h,042h,000h,000h
       00 00
 61E0  00 00 60 00 E0 00      C  DB 000h,000h,060h,000h,0e0h,000h,000h,000h
       00 00
 61E8  00 50 00 E0 00 60      C  DB 000h,050h,000h,0e0h,000h,060h,000h,000h
       00 00
 61F0  51 00 03 00 01 00      C  DB 051h,000h,003h,000h,001h,000h,000h,058h
       00 58
 61F8  00 42 00 00 00 00      C  DB 000h,042h,000h,000h,000h,000h,060h,000h
       60 00
 6200  E0 00 00 00 00 00      C  DB 0e0h,000h,000h,000h,000h,000h,059h,064h
       59 64
 6208  FF FF 01 00 50 01      C  DB 0ffh,0ffh,001h,000h,050h,001h,000h,049h
       00 49
 6210  64 00 00 01 00 02      C  DB 064h,000h,000h,001h,000h,002h,004h,001h
       04 01
 6218  00 01 00 FD 50 00      C  DB 000h,001h,000h,0fdh,050h,000h,040h,070h
       40 70
 6220  64 60 00 E0 00 50      C  DB 064h,060h,000h,0e0h,000h,050h,00eh,000h
       0E 00
 6228  81 64 00 00 07 00      C  DB 081h,064h,000h,000h,007h,000h,002h,006h
       02 06
 6230  00 00 00 00 FD 50      C  DB 000h,000h,000h,000h,0fdh,050h,008h,000h
       08 00
 6238  D9 64 75 00 02 00      C  DB 0d9h,064h,075h,000h,002h,000h,053h,008h
       53 08
 6240  00 F0 64 00 00 07      C  DB 000h,0f0h,064h,000h,000h,007h,000h,002h
       00 02
 6248  07 0B 01 08 00 FD      C  DB 007h,00bh,001h,008h,000h,0fdh,050h,000h
       50 00
 6250  40 FC 64 50 00 C0      C  DB 040h,0fch,064h,050h,000h,0c0h,000h,053h
       00 53
 6258  C0 00 0B 65 00 00      C  DB 0c0h,000h,00bh,065h,000h,000h,003h,000h
       03 00
 6260  02 09 00 00 00 00      C  DB 002h,009h,000h,000h,000h,000h,0fdh,050h
       FD 50
 6268  00 40 2B 65 58 00      C  DB 000h,040h,02bh,065h,058h,000h,040h,000h
       40 00
 6270  51 08 00 3D 65 00      C  DB 051h,008h,000h,03dh,065h,000h,000h,001h
       00 01
 6278  00 02 0A 00 00 00      C  DB 000h,002h,00ah,000h,000h,000h,000h,0fdh
       00 FD
 6280  50 00 40 47 65 50      C  DB 050h,000h,040h,047h,065h,050h,000h,020h
       00 20
 6288  00 51 10 00 5A 65      C  DB 000h,051h,010h,000h,05ah,065h,000h,000h
       00 00
 6290  01 00 02 0B 00 00      C  DB 001h,000h,002h,00bh,000h,000h,000h,000h
       00 00
 6298  FD 50 08 00 62 65      C  DB 0fdh,050h,008h,000h,062h,065h,050h,000h
       50 00
 62A0  02 00 51 20 00 49      C  DB 002h,000h,051h,020h,000h,049h,064h,000h
       64 00
 62A8  00 01 00 02 0C 00      C  DB 000h,001h,000h,002h,00ch,000h,000h,000h
       00 00
 62B0  00 FD 50 08 00 14      C  DB 000h,0fdh,050h,008h,000h,014h,066h,057h
       66 57
 62B8  00 04 00 51 40 00      C  DB 000h,004h,000h,051h,040h,000h,049h,064h
       49 64
 62C0  00 00 01 00 02 0D      C  DB 000h,000h,001h,000h,002h,00dh,000h,000h
       00 00
 62C8  00 00 FD 50 08 00      C  DB 000h,000h,0fdh,050h,008h,000h,025h,066h
       25 66
 62D0  58 00 20 00 53 04      C  DB 058h,000h,020h,000h,053h,004h,000h,049h
       00 49
 62D8  64 00 00 01 00 02      C  DB 064h,000h,000h,001h,000h,002h,00eh,020h
       0E 20
 62E0  00 04 00 FD 50 08      C  DB 000h,004h,000h,0fdh,050h,008h,000h,0f0h
       00 F0
 62E8  66 FF FF 10 00 53      C  DB 066h,0ffh,0ffh,010h,000h,053h,020h,000h
       20 00
 62F0  07 67 00 00 01 00      C  DB 007h,067h,000h,000h,001h,000h,002h,010h
       02 10
 62F8  00 00 00 00 FD 50      C  DB 000h,000h,000h,000h,0fdh,050h,000h,000h
       00 00
 6300  77 65 50 00 08 00      C  DB 077h,065h,050h,000h,008h,000h,052h,001h
       52 01
 6308  00 8E 65 00 00 01      C  DB 000h,08eh,065h,000h,000h,001h,000h,002h
       00 02
 6310  11 08 00 01 00 FD      C  DB 011h,008h,000h,001h,000h,0fdh,050h,000h
       50 00
 6318  40 A4 65 51 00 01      C  DB 040h,0a4h,065h,051h,000h,001h,000h,052h
       00 52
 6320  02 00 B9 65 00 00      C  DB 002h,000h,0b9h,065h,000h,000h,001h,000h
       01 00
 6328  02 12 01 00 02 00      C  DB 002h,012h,001h,000h,002h,000h,0fdh,050h
       FD 50
 6330  00 40 BF 65 51 00      C  DB 000h,040h,0bfh,065h,051h,000h,002h,000h
       02 00
 6338  52 04 00 D6 65 00      C  DB 052h,004h,000h,0d6h,065h,000h,000h,001h
       00 01
 6340  00 02 13 00 00 00      C  DB 000h,002h,013h,000h,000h,000h,000h,0fdh
       00 FD
 6348  50 00 00 95 66 FF      C  DB 050h,000h,000h,095h,066h,0ffh,0ffh,020h
       FF 20
 6350  00 53 01 00 A7 66      C  DB 000h,053h,001h,000h,0a7h,066h,000h,000h
       00 00
 6358  01 00 02 14 00 00      C  DB 001h,000h,002h,014h,000h,000h,000h,000h
       00 00
 6360  FD 50 00 00 C3 66      C  DB 0fdh,050h,000h,000h,0c3h,066h,0ffh,0ffh
       FF FF
 6368  10 00 53 02 00 D4      C  DB 010h,000h,053h,002h,000h,0d4h,066h,000h
       66 00
 6370  00 01 00 02 15 00      C  DB 000h,001h,000h,002h,015h,000h,000h,000h
       00 00
 6378  00 FD 50 08 00 DC      C  DB 000h,0fdh,050h,008h,000h,0dch,065h,057h
       65 57
 6380  00 10 00 52 08 00      C  DB 000h,010h,000h,052h,008h,000h,049h,064h
       49 64
 6388  00 00 01 00 02 17      C  DB 000h,000h,001h,000h,002h,017h,010h,000h
       10 00
 6390  08 00 FD 50 08 00      C  DB 008h,000h,0fdh,050h,008h,000h,0f3h,065h
       F3 65
 6398  57 00 08 00 52 10      C  DB 057h,000h,008h,000h,052h,010h,000h,00ah
       00 0A
 63A0  66 00 00 01 00 2A      C  DB 066h,000h,000h,001h,000h,02ah,004h,000h
       04 00
 63A8  00 00 00 FD 50 08      C  DB 000h,000h,000h,0fdh,050h,008h,040h,04fh
       40 4F
 63B0  66 58 00 02 00 52      C  DB 066h,058h,000h,002h,000h,052h,040h,000h
       40 00
 63B8  63 66 00 00 01 00      C  DB 063h,066h,000h,000h,001h,000h,02ah,005h
       2A 05
 63C0  00 00 00 00 FD 50      C  DB 000h,000h,000h,000h,0fdh,050h,008h,000h
       08 00
 63C8  69 66 58 00 01 00      C  DB 069h,066h,058h,000h,001h,000h,052h,080h
       52 80
 63D0  00 7D 66 00 00 01      C  DB 000h,07dh,066h,000h,000h,001h,000h,02ah
       00 2A
 63D8  06 00 00 00 00 FD      C  DB 006h,000h,000h,000h,000h,0fdh,050h,008h
       50 08
 63E0  00 1D 67 FF FF C0      C  DB 000h,01dh,067h,0ffh,0ffh,0c0h,000h,054h
       00 54
 63E8  C0 00 32 67 00 00      C  DB 0c0h,000h,032h,067h,000h,000h,003h,000h
       03 00
 63F0  2A 08 00 00 00 00      C  DB 02ah,008h,000h,000h,000h,000h,0fdh,050h
       FD 50
 63F8  08 00 46 67 01 00      C  DB 008h,000h,046h,067h,001h,000h,001h,000h
       01 00
 6400  54 20 00 54 67 00      C  DB 054h,020h,000h,054h,067h,000h,000h,001h
       00 01
 6408  00 2A 09 00 00 00      C  DB 000h,02ah,009h,000h,000h,000h,000h,0fdh
       00 FD
 6410  50 08 00 2A 64 FF      C  DB 050h,008h,000h,02ah,064h,0ffh,0ffh,002h
       FF 02
 6418  00 55 02 00 41 64      C  DB 000h,055h,002h,000h,041h,064h,000h,000h
       00 00
 6420  01 00 2A 0A 00 00      C  DB 001h,000h,02ah,00ah,000h,000h,000h,000h
       00 00
 6428  FD 50 4D 65 6D 6F      C  DB 0fdh,050h,04dh,065h,06dh,06fh,072h,079h
       72 79
 6430  20 52 65 6C 6F 63      C  DB 020h,052h,065h,06ch,06fh,063h,061h,074h
       61 74
 6438  69 6F 6E 20 20 20      C  DB 069h,06fh,06eh,020h,020h,020h,03ah,020h
       3A 20
 6440  00 45 6E 61 62 6C      C  DB 000h,045h,06eh,061h,062h,06ch,065h,020h
       65 20
 6448  00 44 69 73 61 62      C  DB 000h,044h,069h,073h,061h,062h,06ch,065h
       6C 65
 6450  00 45 6E 61 62 6C      C  DB 000h,045h,06eh,061h,062h,06ch,065h,020h
       65 20
 6458  00 41 75 74 6F 20      C  DB 000h,041h,075h,074h,06fh,020h,043h,06fh
       43 6F
 6460  6E 66 69 67 75 72      C  DB 06eh,066h,069h,067h,075h,072h,061h,074h
       61 74
 6468  69 6F 6E 20 20 3A      C  DB 069h,06fh,06eh,020h,020h,03ah,020h,000h
       20 00
 6470  41 54 20 42 75 73      C  DB 041h,054h,020h,042h,075h,073h,020h,043h
       20 43
 6478  6C 6F 63 6B 0C 08      C  DB 06ch,06fh,063h,06bh,00ch,008h,03ah,020h
       3A 20
 6480  00 37 2E 31 35 39      C  DB 000h,037h,02eh,031h,035h,039h,020h,04dh
       20 4D
 6488  48 5A 20 00 31 2F      C  DB 048h,05ah,020h,000h,031h,02fh,031h,030h
       31 30
 6490  20 43 4C 4B 49 4E      C  DB 020h,043h,04ch,04bh,049h,04eh,000h,031h
       00 31
 6498  2F 38 20 43 4C 4B      C  DB 02fh,038h,020h,043h,04ch,04bh,049h,04eh
       49 4E
 64A0  20 00 31 2F 36 20      C  DB 020h,000h,031h,02fh,036h,020h,043h,04ch
       43 4C
 64A8  4B 49 4E 20 00 31      C  DB 04bh,049h,04eh,020h,000h,031h,02fh,035h
       2F 35
 64B0  20 43 4C 4B 49 4E      C  DB 020h,043h,04ch,04bh,049h,04eh,020h,000h
       20 00
 64B8  31 2F 34 20 43 4C      C  DB 031h,02fh,034h,020h,043h,04ch,04bh,049h
       4B 49
 64C0  4E 20 00 31 2F 33      C  DB 04eh,020h,000h,031h,02fh,033h,020h,043h
       20 43
 64C8  4C 4B 49 4E 20 00      C  DB 04ch,04bh,049h,04eh,020h,000h,031h,02fh
       31 2F
 64D0  32 20 43 4C 4B 49      C  DB 032h,020h,043h,04ch,04bh,049h,04eh,020h
       4E 20
 64D8  00 4D 41 20 44 72      C  DB 000h,04dh,041h,020h,044h,072h,069h,076h
       69 76
 64E0  65 20 43 61 70 61      C  DB 065h,020h,043h,061h,070h,061h,063h,069h
       63 69
 64E8  74 79 20 20 20 3A      C  DB 074h,079h,020h,020h,020h,03ah,020h,000h
       20 00
 64F0  31 32 20 4D 41 00      C  DB 031h,032h,020h,04dh,041h,000h,032h,034h
       32 34
 64F8  20 4D 41 00 44 52      C  DB 020h,04dh,041h,000h,044h,052h,041h,04dh
       41 4D
 6500  20 53 70 65 65 64      C  DB 020h,053h,070h,065h,065h,064h,00ch,00ah
       0C 0A
 6508  3A 20 00 53 6C 6F      C  DB 03ah,020h,000h,053h,06ch,06fh,077h,065h
       77 65
 6510  73 74 00 53 6C 6F      C  DB 073h,074h,000h,053h,06ch,06fh,077h,065h
       77 65
 6518  72 20 00 46 61 73      C  DB 072h,020h,000h,046h,061h,073h,074h,065h
       74 65
 6520  72 20 00 46 61 73      C  DB 072h,020h,000h,046h,061h,073h,074h,065h
       74 65
 6528  73 74 00 44 52 41      C  DB 073h,074h,000h,044h,052h,041h,04dh,020h
       4D 20
 6530  57 72 69 74 65 20      C  DB 057h,072h,069h,074h,065h,020h,057h,053h
       57 53
 6538  0C 07 3A 20 00 31      C  DB 00ch,007h,03ah,020h,000h,031h,020h,057h
       20 57
 6540  53 00 30 20 57 53      C  DB 053h,000h,030h,020h,057h,053h,000h,044h
       00 44
 6548  52 41 4D 20 57 72      C  DB 052h,041h,04dh,020h,057h,072h,069h,074h
       69 74
 6550  65 20 43 41 53 0C      C  DB 065h,020h,043h,041h,053h,00ch,006h,03ah
       06 3A
 6558  20 00 32 54 20 00      C  DB 020h,000h,032h,054h,020h,000h,031h,054h
       31 54
 6560  20 00 44 52 41 4D      C  DB 020h,000h,044h,052h,041h,04dh,020h,057h
       20 57
 6568  72 69 74 65 20 42      C  DB 072h,069h,074h,065h,020h,042h,075h,072h
       75 72
 6570  73 74 0C 04 3A 20      C  DB 073h,074h,00ch,004h,03ah,020h,000h,045h
       00 45
 6578  78 74 65 72 6E 61      C  DB 078h,074h,065h,072h,06eh,061h,06ch,020h
       6C 20
 6580  43 61 63 68 65 20      C  DB 043h,061h,063h,068h,065h,020h,057h,042h
       57 42
 6588  2F 57 54 3A 20 00      C  DB 02fh,057h,054h,03ah,020h,000h,057h,072h
       57 72
 6590  69 74 65 20 54 68      C  DB 069h,074h,065h,020h,054h,068h,072h,075h
       72 75
 6598  00 57 72 69 74 65      C  DB 000h,057h,072h,069h,074h,065h,020h,042h
       20 42
 65A0  61 63 6B 00 43 61      C  DB 061h,063h,06bh,000h,043h,061h,063h,068h
       63 68
 65A8  65 20 42 75 72 73      C  DB 065h,020h,042h,075h,072h,073h,074h,020h
       74 20
 65B0  52 65 61 64 0C 04      C  DB 052h,065h,061h,064h,00ch,004h,03ah,020h
       3A 20
 65B8  00 31 54 00 32 54      C  DB 000h,031h,054h,000h,032h,054h,000h,043h
       00 43
 65C0  61 63 68 65 20 57      C  DB 061h,063h,068h,065h,020h,057h,072h,069h
       72 69
 65C8  74 65 20 43 79 63      C  DB 074h,065h,020h,043h,079h,063h,06ch,065h
       6C 65
 65D0  20 20 20 3A 20 00      C  DB 020h,020h,020h,03ah,020h,000h,033h,054h
       33 54
 65D8  00 32 54 00 46 61      C  DB 000h,032h,054h,000h,046h,061h,073h,074h
       73 74
 65E0  20 52 65 73 65 74      C  DB 020h,052h,065h,073h,065h,074h,020h,045h
       20 45
 65E8  6D 75 6C 61 74 69      C  DB 06dh,075h,06ch,061h,074h,069h,06fh,06eh
       6F 6E
 65F0  3A 20 00 46 61 73      C  DB 03ah,020h,000h,046h,061h,073h,074h,020h
       74 20
 65F8  52 65 73 65 74 20      C  DB 052h,065h,073h,065h,074h,020h,04ch,061h
       4C 61
 6600  74 65 6E 63 79 20      C  DB 074h,065h,06eh,063h,079h,020h,020h,03ah
       20 3A
 6608  20 00 32 20 75 73      C  DB 020h,000h,032h,020h,075h,073h,000h,036h
       00 36
 6610  20 75 73 00 53 6C      C  DB 020h,075h,073h,000h,053h,06ch,06fh,077h
       6F 77
 6618  20 52 65 66 72 65      C  DB 020h,052h,065h,066h,072h,065h,073h,068h
       73 68
 6620  0C 08 3A 20 00 48      C  DB 00ch,008h,03ah,020h,000h,048h,069h,064h
       69 64
 6628  64 65 6E 20 52 65      C  DB 064h,065h,06eh,020h,052h,065h,066h,072h
       66 72
 6630  65 73 68 0C 06 3A      C  DB 065h,073h,068h,00ch,006h,03ah,020h,000h
       20 00
 6638  47 61 74 65 20 41      C  DB 047h,061h,074h,065h,020h,041h,032h,030h
       32 30
 6640  20 45 6D 75 6C 61      C  DB 020h,045h,06dh,075h,06ch,061h,074h,069h
       74 69
 6648  6F 6E 20 20 3A 20      C  DB 06fh,06eh,020h,020h,03ah,020h,000h,04ch
       00 4C
 6650  61 74 63 68 20 4C      C  DB 061h,074h,063h,068h,020h,04ch,06fh,063h
       6F 63
 6658  61 6C 20 42 75 73      C  DB 061h,06ch,020h,042h,075h,073h,00ch,005h
       0C 05
 6660  3A 20 00 54 33 00      C  DB 03ah,020h,000h,054h,033h,000h,054h,032h
       54 32
 6668  00 4C 6F 63 61 6C      C  DB 000h,04ch,06fh,063h,061h,06ch,020h,042h
       20 42
 6670  75 73 20 52 65 61      C  DB 075h,073h,020h,052h,065h,061h,064h,079h
       64 79
 6678  0C 05 3A 20 00 53      C  DB 00ch,005h,03ah,020h,000h,053h,079h,06eh
       79 6E
 6680  63 68 72 6F 6E 69      C  DB 063h,068h,072h,06fh,06eh,069h,07ah,065h
       7A 65
 6688  00 54 72 61 6E 73      C  DB 000h,054h,072h,061h,06eh,073h,070h,061h
       70 61
 6690  72 65 6E 74 00 53      C  DB 072h,065h,06eh,074h,000h,053h,079h,073h
       79 73
 6698  74 65 6D 20 53 68      C  DB 074h,065h,06dh,020h,053h,068h,061h,064h
       61 64
 66A0  6F 77 0C 07 3A 20      C  DB 06fh,077h,00ch,007h,03ah,020h,000h,04eh
       00 4E
 66A8  6F 6E 2D 43 61 63      C  DB 06fh,06eh,02dh,043h,061h,063h,068h,065h
       68 65
 66B0  61 62 6C 65 00 43      C  DB 061h,062h,06ch,065h,000h,043h,061h,063h
       61 63
 66B8  68 65 61 62 6C 65      C  DB 068h,065h,061h,062h,06ch,065h,020h,020h
       20 20
 66C0  20 20 00 56 69 64      C  DB 020h,020h,000h,056h,069h,064h,065h,06fh
       65 6F
 66C8  20 53 68 61 64 6F      C  DB 020h,053h,068h,061h,064h,06fh,077h,00ch
       77 0C
 66D0  08 3A 20 00 4E 6F      C  DB 008h,03ah,020h,000h,04eh,06fh,06eh,02dh
       6E 2D
 66D8  43 61 63 68 65 61      C  DB 043h,061h,063h,068h,065h,061h,062h,06ch
       62 6C
 66E0  65 00 43 61 63 68      C  DB 065h,000h,043h,061h,063h,068h,065h,061h
       65 61
 66E8  62 6C 65 20 20 20      C  DB 062h,06ch,065h,020h,020h,020h,020h,000h
       20 00
 66F0  49 6E 74 65 72 6E      C  DB 049h,06eh,074h,065h,072h,06eh,061h,06ch
       61 6C
 66F8  20 43 61 63 68 65      C  DB 020h,043h,061h,063h,068h,065h,020h,057h
       20 57
 6700  42 2F 57 54 3A 20      C  DB 042h,02fh,057h,054h,03ah,020h,000h,057h
       00 57
 6708  72 69 74 65 20 54      C  DB 072h,069h,074h,065h,020h,054h,068h,072h
       68 72
 6710  75 00 57 72 69 74      C  DB 075h,000h,057h,072h,069h,074h,065h,020h
       65 20
 6718  42 61 63 6B 00 4D      C  DB 042h,061h,063h,06bh,000h,04dh,065h,06dh
       65 6D
 6720  6F 72 79 20 48 6F      C  DB 06fh,072h,079h,020h,048h,06fh,06ch,065h
       6C 65
 6728  20 53 69 7A 65 0C      C  DB 020h,053h,069h,07ah,065h,00ch,004h,03ah
       04 3A
 6730  20 00 4E 6F 6E 65      C  DB 020h,000h,04eh,06fh,06eh,065h,000h,031h
       00 31
 6738  4D 62 20 00 32 4D      C  DB 04dh,062h,020h,000h,032h,04dh,062h,020h
       62 20
 6740  00 34 4D 62 20 00      C  DB 000h,034h,04dh,062h,020h,000h,044h,04dh
       44 4D
 6748  41 20 43 6C 6F 63      C  DB 041h,020h,043h,06ch,06fh,063h,06bh,00ch
       6B 0C
 6750  0B 3A 20 00 34 4D      C  DB 00bh,03ah,020h,000h,034h,04dh,068h,07ah
       68 7A
 6758  00 38 4D 68 7A 00      C  DB 000h,038h,04dh,068h,07ah,000h,03ch,055h
       3C 55
 6760  74 0E E8 2F 27 74      C  DB 074h,00eh,0e8h,02fh,027h,074h,00bh,03ch
       0B 3C
 6768  14 74 05 E8 4A D6      C  DB 014h,074h,005h,0e8h,04ah,0d6h,0f9h,0c3h
       F9 C3
 6770  F8 C3 F8 C3 F8 C3      C  DB 0f8h,0c3h,0f8h,0c3h,0f8h,0c3h,050h,051h
       50 51
 6778  B1 51 E8 57 33 A8      C  DB 0b1h,051h,0e8h,057h,033h,0a8h,008h,075h
       08 75
 6780  03 83 C6 16 59 58      C  DB 003h,083h,0c6h,016h,059h,058h,0c3h,000h
       C3 00
 6788  00 00 0B 00 22 68      C  DB 000h,000h,00bh,000h,022h,068h,06fh,03dh
       6F 3D
 6790  D1 68 FA 6F 3B 68      C  DB 0d1h,068h,0fah,06fh,03bh,068h,065h,070h
       65 70
 6798  03 69 08 71 35 69      C  DB 003h,069h,008h,071h,035h,069h,008h,071h
       08 71
 67A0  EA 68 22 71 1C 69      C  DB 0eah,068h,022h,071h,01ch,069h,022h,071h
       22 71
 67A8  86 68 22 71 4E 69      C  DB 086h,068h,022h,071h,04eh,069h,022h,071h
       22 71
 67B0  6D 68 22 71 9F 68      C  DB 06dh,068h,022h,071h,09fh,068h,022h,071h
       22 71
 67B8  19 3A 1E 3A 98 3A      C  DB 019h,03ah,01eh,03ah,098h,03ah,08ah,03ah
       8A 3A
 67C0  04 FF FF B5 3E 05      C  DB 004h,0ffh,0ffh,0b5h,03eh,005h,01dh,001h
       1D 01
 67C8  50 4F 57 45 52 20      C  DB 050h,04fh,057h,045h,052h,020h,04dh,041h
       4D 41
 67D0  4E 41 47 45 4D 45      C  DB 04eh,041h,047h,045h,04dh,045h,04eh,054h
       4E 54
 67D8  20 53 45 54 55 50      C  DB 020h,053h,045h,054h,055h,050h,000h,090h
       00 90
 67E0  00 02 EA 67 F8 67      C  DB 000h,002h,0eah,067h,0f8h,067h,006h,068h
       06 68
 67E8  14 68 20 E0 00 FF      C  DB 014h,068h,020h,0e0h,000h,0ffh,000h,000h
       00 00
 67F0  00 20 E1 00 FF 00      C  DB 000h,020h,0e1h,000h,0ffh,000h,000h,000h
       00 00
 67F8  20 E0 00 FF 00 FF      C  DB 020h,0e0h,000h,0ffh,000h,0ffh,000h,020h
       00 20
 6800  E1 00 FF 00 FF 00      C  DB 0e1h,000h,0ffh,000h,0ffh,000h,020h,0e0h
       20 E0
 6808  00 FF 00 11 00 20      C  DB 000h,0ffh,000h,011h,000h,020h,0e1h,000h
       E1 00
 6810  FF 00 11 00 20 E0      C  DB 0ffh,000h,011h,000h,020h,0e0h,000h,0ffh
       00 FF
 6818  00 15 00 20 E1 00      C  DB 000h,015h,000h,020h,0e1h,000h,0ffh,000h
       FF 00
 6820  95 00 20 00 42 6B      C  DB 095h,000h,020h,000h,042h,06bh,0ffh,0ffh
       FF FF
 6828  07 00 40 07 00 58      C  DB 007h,000h,040h,007h,000h,058h,06bh,000h
       6B 00
 6830  00 04 00 02 04 01      C  DB 000h,004h,000h,002h,004h,001h,000h,001h
       00 01
 6838  00 FD 50 28 00 CD      C  DB 000h,0fdh,050h,028h,000h,0cdh,06fh,05bh
       6F 5B
 6840  00 0C 00 42 03 00      C  DB 000h,00ch,000h,042h,003h,000h,0d9h,06fh
       D9 6F
 6848  00 00 02 00 02 05      C  DB 000h,000h,002h,000h,002h,005h,000h,000h
       00 00
 6850  00 00 FD 50 28 00      C  DB 000h,000h,0fdh,050h,028h,000h,0a3h,06dh
       A3 6D
 6858  FF FF C0 00 40 18      C  DB 0ffh,0ffh,0c0h,000h,040h,018h,000h,0b4h
       00 B4
 6860  6D 00 00 03 00 02      C  DB 06dh,000h,000h,003h,000h,002h,005h,080h
       05 80
 6868  00 10 00 FD 50 20      C  DB 000h,010h,000h,0fdh,050h,020h,000h,021h
       00 21
 6870  6F FF FF 08 00 40      C  DB 06fh,0ffh,0ffh,008h,000h,040h,020h,000h
       20 00
 6878  37 6F 00 00 01 00      C  DB 037h,06fh,000h,000h,001h,000h,002h,006h
       02 06
 6880  00 00 00 00 FD 50      C  DB 000h,000h,000h,000h,0fdh,050h,020h,000h
       20 00
 6888  99 6F FF FF 30 00      C  DB 099h,06fh,0ffh,0ffh,030h,000h,040h,0c0h
       40 C0
 6890  00 AF 6F 00 00 01      C  DB 000h,0afh,06fh,000h,000h,001h,000h,002h
       00 02
 6898  07 10 00 40 00 FD      C  DB 007h,010h,000h,040h,000h,0fdh,050h,020h
       50 20
 68A0  00 3F 6F FF FF 0C      C  DB 000h,03fh,06fh,0ffh,0ffh,00ch,000h,041h
       00 41
 68A8  C0 00 55 6F 00 00      C  DB 0c0h,000h,055h,06fh,000h,000h,003h,000h
       03 00
 68B0  02 08 04 00 40 00      C  DB 002h,008h,004h,000h,040h,000h,0fdh,050h
       FD 50
 68B8  04 00 94 6B FF FF      C  DB 004h,000h,094h,06bh,0ffh,0ffh,000h,000h
       00 00
 68C0  B5 01 00 38 4E 00      C  DB 0b5h,001h,000h,038h,04eh,000h,000h,000h
       00 00
 68C8  00 02 0A 00 00 00      C  DB 000h,002h,00ah,000h,000h,000h,000h,038h
       00 38
 68D0  4E 20 02 A7 6B E0      C  DB 04eh,020h,002h,0a7h,06bh,0e0h,000h,01fh
       00 1F
 68D8  00 41 1F 00 38 4E      C  DB 000h,041h,01fh,000h,038h,04eh,000h,000h
       00 00
 68E0  10 00 02 0B 00 00      C  DB 010h,000h,002h,00bh,000h,000h,000h,000h
       00 00
 68E8  38 4E 20 40 D0 6B      C  DB 038h,04eh,020h,040h,0d0h,06bh,0e0h,000h
       E0 00
 68F0  F0 00 43 0F 00 28      C  DB 0f0h,000h,043h,00fh,000h,028h,06ch,000h
       6C 00
 68F8  00 0F 00 02 0C 00      C  DB 000h,00fh,000h,002h,00ch,000h,000h,000h
       00 00
 6900  00 38 4E 28 40 BA      C  DB 000h,038h,04eh,028h,040h,0bah,06bh,0e0h
       6B E0
 6908  00 F0 00 43 F0 00      C  DB 000h,0f0h,000h,043h,0f0h,000h,0a8h,06ch
       A8 6C
 6910  00 00 0F 00 02 0C      C  DB 000h,000h,00fh,000h,002h,00ch,000h,000h
       00 00
 6918  00 00 38 4E 20 40      C  DB 000h,000h,038h,04eh,020h,040h,0fch,06bh
       FC 6B
 6920  E1 00 0F 00 44 0F      C  DB 0e1h,000h,00fh,000h,044h,00fh,000h,028h
       00 28
 6928  6C 00 00 0F 00 02      C  DB 06ch,000h,000h,00fh,000h,002h,00dh,000h
       0D 00
 6930  00 00 00 38 4E 28      C  DB 000h,000h,000h,038h,04eh,028h,040h,0e6h
       40 E6
 6938  6B E1 00 0F 00 44      C  DB 06bh,0e1h,000h,00fh,000h,044h,0f0h,000h
       F0 00
 6940  A8 6C 00 00 0F 00      C  DB 0a8h,06ch,000h,000h,00fh,000h,002h,00dh
       02 0D
 6948  00 00 00 00 38 4E      C  DB 000h,000h,000h,000h,038h,04eh,020h,040h
       20 40
 6950  12 6C E1 00 F0 00      C  DB 012h,06ch,0e1h,000h,0f0h,000h,045h,00fh
       45 0F
 6958  00 28 6C 00 00 0F      C  DB 000h,028h,06ch,000h,000h,00fh,000h,002h
       00 02
 6960  0E 00 00 00 00 38      C  DB 00eh,000h,000h,000h,000h,038h,04eh,004h
       4E 04
 6968  00 28 6D FF FF 00      C  DB 000h,028h,06dh,0ffh,0ffh,000h,000h,0b5h
       00 B5
 6970  01 00 38 4E 00 00      C  DB 001h,000h,038h,04eh,000h,000h,000h,000h
       00 00
 6978  02 11 00 00 00 00      C  DB 002h,011h,000h,000h,000h,000h,038h,04eh
       38 4E
 6980  20 00 3B 6D 6F 00      C  DB 020h,000h,03bh,06dh,06fh,000h,002h,000h
       02 00
 6988  45 10 00 EC 6D 00      C  DB 045h,010h,000h,0ech,06dh,000h,000h,001h
       00 01
 6990  00 02 12 00 00 00      C  DB 000h,002h,012h,000h,000h,000h,000h,0fdh
       00 FD
 6998  50 20 00 51 6D 6F      C  DB 050h,020h,000h,051h,06dh,06fh,000h,080h
       00 80
 69A0  00 45 20 00 EC 6D      C  DB 000h,045h,020h,000h,0ech,06dh,000h,000h
       00 00
 69A8  01 00 02 13 00 00      C  DB 001h,000h,002h,013h,000h,000h,000h,000h
       00 00
 69B0  FD 50 20 00 67 6D      C  DB 0fdh,050h,020h,000h,067h,06dh,06fh,000h
       6F 00
 69B8  20 00 45 40 00 EC      C  DB 020h,000h,045h,040h,000h,0ech,06dh,000h
       6D 00
 69C0  00 01 00 02 14 00      C  DB 000h,001h,000h,002h,014h,000h,000h,000h
       00 00
 69C8  00 FD 50 20 00 7D      C  DB 000h,0fdh,050h,020h,000h,07dh,06dh,06fh
       6D 6F
 69D0  00 04 00 45 80 00      C  DB 000h,004h,000h,045h,080h,000h,0ech,06dh
       EC 6D
 69D8  00 00 01 00 02 15      C  DB 000h,000h,001h,000h,002h,015h,004h,000h
       04 00
 69E0  80 00 FD 50 20 00      C  DB 080h,000h,0fdh,050h,020h,000h,0fch,06dh
       FC 6D
 69E8  66 00 02 00 46 02      C  DB 066h,000h,002h,000h,046h,002h,000h,0e4h
       00 E4
 69F0  6D 00 00 01 00 02      C  DB 06dh,000h,000h,001h,000h,002h,016h,000h
       16 00
 69F8  00 00 00 FD 50 20      C  DB 000h,000h,000h,0fdh,050h,020h,000h,012h
       00 12
 6A00  6E 66 00 08 00 46      C  DB 06eh,066h,000h,008h,000h,046h,008h,000h
       08 00
 6A08  E4 6D 00 00 01 00      C  DB 0e4h,06dh,000h,000h,001h,000h,002h,017h
       02 17
 6A10  00 00 00 00 FD 50      C  DB 000h,000h,000h,000h,0fdh,050h,020h,000h
       20 00
 6A18  24 6E 66 00 10 00      C  DB 024h,06eh,066h,000h,010h,000h,046h,010h
       46 10
 6A20  00 E4 6D 00 00 01      C  DB 000h,0e4h,06dh,000h,000h,001h,000h,02ah
       00 2A
 6A28  04 00 00 00 00 FD      C  DB 004h,000h,000h,000h,000h,0fdh,050h,020h
       50 20
 6A30  00 36 6E 66 00 20      C  DB 000h,036h,06eh,066h,000h,020h,000h,046h
       00 46
 6A38  20 00 E4 6D 00 00      C  DB 020h,000h,0e4h,06dh,000h,000h,001h,000h
       01 00
 6A40  2A 05 00 00 00 00      C  DB 02ah,005h,000h,000h,000h,000h,0fdh,050h
       FD 50
 6A48  20 00 4C 6E 66 00      C  DB 020h,000h,04ch,06eh,066h,000h,040h,000h
       40 00
 6A50  46 40 00 E4 6D 00      C  DB 046h,040h,000h,0e4h,06dh,000h,000h,001h
       00 01
 6A58  00 2A 06 00 00 00      C  DB 000h,02ah,006h,000h,000h,000h,000h,0fdh
       00 FD
 6A60  50 20 00 62 6E 66      C  DB 050h,020h,000h,062h,06eh,066h,000h,080h
       00 80
 6A68  00 46 80 00 E4 6D      C  DB 000h,046h,080h,000h,0e4h,06dh,000h,000h
       00 00
 6A70  01 00 2A 07 00 00      C  DB 001h,000h,02ah,007h,000h,000h,000h,000h
       00 00
 6A78  FD 50 20 00 78 6E      C  DB 0fdh,050h,020h,000h,078h,06eh,067h,000h
       67 00
 6A80  01 00 47 01 00 E4      C  DB 001h,000h,047h,001h,000h,0e4h,06dh,000h
       6D 00
 6A88  00 01 00 2A 08 01      C  DB 000h,001h,000h,02ah,008h,001h,000h,001h
       00 01
 6A90  00 FD 50 20 00 8C      C  DB 000h,0fdh,050h,020h,000h,08ch,06eh,067h
       6E 67
 6A98  00 02 00 47 02 00      C  DB 000h,002h,000h,047h,002h,000h,0e4h,06dh
       E4 6D
 6AA0  00 00 01 00 2A 09      C  DB 000h,000h,001h,000h,02ah,009h,000h,000h
       00 00
 6AA8  00 00 FD 50 20 00      C  DB 000h,000h,0fdh,050h,020h,000h,0a2h,06eh
       A2 6E
 6AB0  67 00 04 00 47 04      C  DB 067h,000h,004h,000h,047h,004h,000h,0e4h
       00 E4
 6AB8  6D 00 00 01 00 2A      C  DB 06dh,000h,000h,001h,000h,02ah,00ah,000h
       0A 00
 6AC0  00 00 00 FD 50 20      C  DB 000h,000h,000h,0fdh,050h,020h,000h,0b8h
       00 B8
 6AC8  6E 67 00 08 00 47      C  DB 06eh,067h,000h,008h,000h,047h,008h,000h
       08 00
 6AD0  E4 6D 00 00 01 00      C  DB 0e4h,06dh,000h,000h,001h,000h,02ah,00bh
       2A 0B
 6AD8  00 00 00 00 FD 50      C  DB 000h,000h,000h,000h,0fdh,050h,020h,000h
       20 00
 6AE0  CE 6E 67 00 10 00      C  DB 0ceh,06eh,067h,000h,010h,000h,047h,010h
       47 10
 6AE8  00 E4 6D 00 00 01      C  DB 000h,0e4h,06dh,000h,000h,001h,000h,02ah
       00 2A
 6AF0  0C 00 00 00 00 FD      C  DB 00ch,000h,000h,000h,000h,0fdh,050h,020h
       50 20
 6AF8  00 E4 6E 67 00 20      C  DB 000h,0e4h,06eh,067h,000h,020h,000h,047h
       00 47
 6B00  20 00 E4 6D 00 00      C  DB 020h,000h,0e4h,06dh,000h,000h,001h,000h
       01 00
 6B08  2A 0D 00 00 00 00      C  DB 02ah,00dh,000h,000h,000h,000h,0fdh,050h
       FD 50
 6B10  20 00 F5 6E 67 00      C  DB 020h,000h,0f5h,06eh,067h,000h,040h,000h
       40 00
 6B18  47 40 00 E4 6D 00      C  DB 047h,040h,000h,0e4h,06dh,000h,000h,001h
       00 01
 6B20  00 2A 0E 00 00 00      C  DB 000h,02ah,00eh,000h,000h,000h,000h,0fdh
       00 FD
 6B28  50 20 00 0B 6F 67      C  DB 050h,020h,000h,00bh,06fh,067h,000h,080h
       00 80
 6B30  00 47 80 00 E4 6D      C  DB 000h,047h,080h,000h,0e4h,06dh,000h,000h
       00 00
 6B38  01 00 2A 0F 00 00      C  DB 001h,000h,02ah,00fh,000h,000h,000h,000h
       00 00
 6B40  FD 50 50 6F 77 65      C  DB 0fdh,050h,050h,06fh,077h,065h,072h,020h
       72 20
 6B48  4D 61 6E 61 67 65      C  DB 04dh,061h,06eh,061h,067h,065h,06dh,065h
       6D 65
 6B50  6E 74 20 20 20 3A      C  DB 06eh,074h,020h,020h,020h,03ah,020h,000h
       20 00
 6B58  55 73 65 72 20 44      C  DB 055h,073h,065h,072h,020h,044h,065h,066h
       65 66
 6B60  69 6E 65 00 44 69      C  DB 069h,06eh,065h,000h,044h,069h,073h,061h
       73 61
 6B68  62 6C 65 20 20 20      C  DB 062h,06ch,065h,020h,020h,020h,020h,000h
       20 00
 6B70  4D 69 6E 20 53 61      C  DB 04dh,069h,06eh,020h,053h,061h,076h,069h
       76 69
 6B78  6E 67 20 00 4D 61      C  DB 06eh,067h,020h,000h,04dh,061h,078h,020h
       78 20
 6B80  53 61 76 69 6E 67      C  DB 053h,061h,076h,069h,06eh,067h,020h,000h
       20 00
 6B88  4F 70 74 69 6D 69      C  DB 04fh,070h,074h,069h,06dh,069h,07ah,065h
       7A 65
 6B90  20 20 20 00 0C 07      C  DB 020h,020h,020h,000h,00ch,007h,00ah,02ah
       0A 2A
 6B98  2A 20 50 4D 20 54      C  DB 02ah,020h,050h,04dh,020h,054h,069h,06dh
       69 6D
 6BA0  65 72 73 20 2A 2A      C  DB 065h,072h,073h,020h,02ah,02ah,000h,048h
       00 48
 6BA8  44 44 20 50 6F 77      C  DB 044h,044h,020h,050h,06fh,077h,065h,072h
       65 72
 6BB0  20 44 6F 77 6E 0C      C  DB 020h,044h,06fh,077h,06eh,00ch,005h,03ah
       05 3A
 6BB8  20 00 41 75 74 6F      C  DB 020h,000h,041h,075h,074h,06fh,020h,044h
       20 44
 6BC0  6F 7A 65 20 20 20      C  DB 06fh,07ah,065h,020h,020h,020h,020h,020h
       20 20
 6BC8  20 20 20 20 20 3A      C  DB 020h,020h,020h,020h,020h,03ah,020h,000h
       20 00
 6BD0  53 79 73 74 65 6D      C  DB 053h,079h,073h,074h,065h,06dh,020h,044h
       20 44
 6BD8  6F 7A 65 20 20 20      C  DB 06fh,07ah,065h,020h,020h,020h,020h,020h
       20 20
 6BE0  20 20 20 3A 20 00      C  DB 020h,020h,020h,03ah,020h,000h,041h,075h
       41 75
 6BE8  74 6F 20 53 74 61      C  DB 074h,06fh,020h,053h,074h,061h,06eh,064h
       6E 64
 6BF0  62 79 20 20 20 20      C  DB 062h,079h,020h,020h,020h,020h,020h,020h
       20 20
 6BF8  20 3A 20 00 53 79      C  DB 020h,03ah,020h,000h,053h,079h,073h,074h
       73 74
 6C00  65 6D 20 53 74 61      C  DB 065h,06dh,020h,053h,074h,061h,06eh,064h
       6E 64
 6C08  62 79 20 20 20 20      C  DB 062h,079h,020h,020h,020h,020h,020h,03ah
       20 3A
 6C10  20 00 53 79 73 74      C  DB 020h,000h,053h,079h,073h,074h,065h,06dh
       65 6D
 6C18  20 53 75 73 70 65      C  DB 020h,053h,075h,073h,070h,065h,06eh,064h
       6E 64
 6C20  20 20 20 20 20 3A      C  DB 020h,020h,020h,020h,020h,03ah,020h,000h
       20 00
 6C28  44 69 73 61 62 6C      C  DB 044h,069h,073h,061h,062h,06ch,065h,000h
       65 00
 6C30  31 30 20 53 65 63      C  DB 031h,030h,020h,053h,065h,063h,020h,000h
       20 00
 6C38  32 30 20 53 65 63      C  DB 032h,030h,020h,053h,065h,063h,020h,000h
       20 00
 6C40  33 30 20 53 65 63      C  DB 033h,030h,020h,053h,065h,063h,020h,000h
       20 00
 6C48  34 30 20 53 65 63      C  DB 034h,030h,020h,053h,065h,063h,020h,000h
       20 00
 6C50  31 20 4D 69 6E 20      C  DB 031h,020h,04dh,069h,06eh,020h,020h,000h
       20 00
 6C58  33 20 4D 69 6E 20      C  DB 033h,020h,04dh,069h,06eh,020h,020h,000h
       20 00
 6C60  35 20 4D 69 6E 20      C  DB 035h,020h,04dh,069h,06eh,020h,020h,000h
       20 00
 6C68  37 20 4D 69 6E 20      C  DB 037h,020h,04dh,069h,06eh,020h,020h,000h
       20 00
 6C70  31 30 20 4D 69 6E      C  DB 031h,030h,020h,04dh,069h,06eh,020h,000h
       20 00
 6C78  31 35 20 4D 69 6E      C  DB 031h,035h,020h,04dh,069h,06eh,020h,000h
       20 00
 6C80  33 30 20 4D 69 6E      C  DB 033h,030h,020h,04dh,069h,06eh,020h,000h
       20 00
 6C88  34 35 20 4D 69 6E      C  DB 034h,035h,020h,04dh,069h,06eh,020h,000h
       20 00
 6C90  31 20 48 72 20 20      C  DB 031h,020h,048h,072h,020h,020h,020h,000h
       20 00
 6C98  32 20 48 72 20 20      C  DB 032h,020h,048h,072h,020h,020h,020h,000h
       20 00
 6CA0  33 20 48 72 20 20      C  DB 033h,020h,048h,072h,020h,020h,020h,000h
       20 00
 6CA8  44 69 73 61 62 6C      C  DB 044h,069h,073h,061h,062h,06ch,065h,000h
       65 00
 6CB0  31 30 20 53 65 63      C  DB 031h,030h,020h,053h,065h,063h,020h,000h
       20 00
 6CB8  32 30 20 53 65 63      C  DB 032h,030h,020h,053h,065h,063h,020h,000h
       20 00
 6CC0  33 30 20 53 65 63      C  DB 033h,030h,020h,053h,065h,063h,020h,000h
       20 00
 6CC8  34 30 20 53 65 63      C  DB 034h,030h,020h,053h,065h,063h,020h,000h
       20 00
 6CD0  35 30 20 53 65 63      C  DB 035h,030h,020h,053h,065h,063h,020h,000h
       20 00
 6CD8  31 20 4D 69 6E 20      C  DB 031h,020h,04dh,069h,06eh,020h,020h,000h
       20 00
 6CE0  32 20 4D 69 6E 20      C  DB 032h,020h,04dh,069h,06eh,020h,020h,000h
       20 00
 6CE8  33 20 4D 69 6E 20      C  DB 033h,020h,04dh,069h,06eh,020h,020h,000h
       20 00
 6CF0  34 20 4D 69 6E 20      C  DB 034h,020h,04dh,069h,06eh,020h,020h,000h
       20 00
 6CF8  35 20 4D 69 6E 20      C  DB 035h,020h,04dh,069h,06eh,020h,020h,000h
       20 00
 6D00  36 20 4D 69 6E 20      C  DB 036h,020h,04dh,069h,06eh,020h,020h,000h
       20 00
 6D08  37 20 4D 69 6E 20      C  DB 037h,020h,04dh,069h,06eh,020h,020h,000h
       20 00
 6D10  38 20 4D 69 6E 20      C  DB 038h,020h,04dh,069h,06eh,020h,020h,000h
       20 00
 6D18  39 20 4D 69 6E 20      C  DB 039h,020h,04dh,069h,06eh,020h,020h,000h
       20 00
 6D20  31 30 20 4D 69 6E      C  DB 031h,030h,020h,04dh,069h,06eh,020h,000h
       20 00
 6D28  0C 07 0A 2A 2A 20      C  DB 00ch,007h,00ah,02ah,02ah,020h,050h,04dh
       50 4D
 6D30  20 45 76 65 6E 74      C  DB 020h,045h,076h,065h,06eh,074h,073h,020h
       73 20
 6D38  2A 2A 00 4C 6F 63      C  DB 02ah,02ah,000h,04ch,06fh,063h,061h,06ch
       61 6C
 6D40  20 4D 61 73 74 65      C  DB 020h,04dh,061h,073h,074h,065h,072h,020h
       72 20
 6D48  41 63 74 2E 20 20      C  DB 041h,063h,074h,02eh,020h,020h,03ah,020h
       3A 20
 6D50  00 4C 6F 63 61 6C      C  DB 000h,04ch,06fh,063h,061h,06ch,020h,044h
       20 44
 6D58  65 76 69 63 65 20      C  DB 065h,076h,069h,063h,065h,020h,041h,063h
       41 63
 6D60  74 2E 20 20 3A 20      C  DB 074h,02eh,020h,020h,03ah,020h,000h,056h
       00 56
 6D68  69 64 65 6F 20 41      C  DB 069h,064h,065h,06fh,020h,041h,063h,074h
       63 74
 6D70  69 76 69 74 69 65      C  DB 069h,076h,069h,074h,069h,065h,073h,020h
       73 20
 6D78  20 20 3A 20 00 44      C  DB 020h,020h,03ah,020h,000h,044h,04dh,041h
       4D 41
 6D80  20 41 63 74 69 76      C  DB 020h,041h,063h,074h,069h,076h,069h,074h
       69 74
 6D88  69 65 73 0C 05 3A      C  DB 069h,065h,073h,00ch,005h,03ah,020h,000h
       20 00
 6D90  49 52 51 20 61 63      C  DB 049h,052h,051h,020h,061h,063h,074h,069h
       74 69
 6D98  76 69 74 69 65 73      C  DB 076h,069h,074h,069h,065h,073h,00ch,005h
       0C 05
 6DA0  3A 20 00 42 72 65      C  DB 03ah,020h,000h,042h,072h,065h,061h,06bh
       61 6B
 6DA8  20 53 77 69 74 63      C  DB 020h,053h,077h,069h,074h,063h,068h,00ch
       68 0C
 6DB0  07 3A 20 00 44 69      C  DB 007h,03ah,020h,000h,044h,069h,073h,061h
       73 61
 6DB8  62 6C 65 20 20 20      C  DB 062h,06ch,065h,020h,020h,020h,020h,000h
       20 00
 6DC0  44 69 73 61 62 6C      C  DB 044h,069h,073h,061h,062h,06ch,065h,020h
       65 20
 6DC8  20 20 20 01 52 43      C  DB 020h,020h,020h,001h,052h,043h,020h,050h
       20 50
 6DD0  69 6E 20 20 20 20      C  DB 069h,06eh,020h,020h,020h,020h,020h,000h
       20 00
 6DD8  44 65 54 75 72 62      C  DB 044h,065h,054h,075h,072h,062h,06fh,020h
       6F 20
 6DE0  50 69 6E 00 45 6E      C  DB 050h,069h,06eh,000h,045h,06eh,061h,062h
       61 62
 6DE8  6C 65 20 00 44 69      C  DB 06ch,065h,020h,000h,044h,069h,073h,061h
       73 61
 6DF0  62 6C 65 00 45 6E      C  DB 062h,06ch,065h,000h,045h,06eh,061h,062h
       61 62
 6DF8  6C 65 20 00 49 52      C  DB 06ch,065h,020h,000h,049h,052h,051h,020h
       51 20
 6E00  31 20 28 4B 65 79      C  DB 031h,020h,028h,04bh,065h,079h,062h,06fh
       62 6F
 6E08  61 72 64 29 20 20      C  DB 061h,072h,064h,029h,020h,020h,020h,03ah
       20 3A
 6E10  20 00 49 52 51 20      C  DB 020h,000h,049h,052h,051h,020h,033h,020h
       33 20
 6E18  28 43 4F 4D 20 32      C  DB 028h,043h,04fh,04dh,020h,032h,029h,00ch
       29 0C
 6E20  06 3A 20 00 49 52      C  DB 006h,03ah,020h,000h,049h,052h,051h,020h
       51 20
 6E28  34 20 28 43 4F 4D      C  DB 034h,020h,028h,043h,04fh,04dh,020h,031h
       20 31
 6E30  29 0C 06 3A 20 00      C  DB 029h,00ch,006h,03ah,020h,000h,049h,052h
       49 52
 6E38  51 20 35 20 28 4C      C  DB 051h,020h,035h,020h,028h,04ch,050h,054h
       50 54
 6E40  20 6F 72 20 4C 41      C  DB 020h,06fh,072h,020h,04ch,041h,04eh,029h
       4E 29
 6E48  20 3A 20 00 49 52      C  DB 020h,03ah,020h,000h,049h,052h,051h,020h
       51 20
 6E50  36 20 28 46 6C 6F      C  DB 036h,020h,028h,046h,06ch,06fh,070h,070h
       70 70
 6E58  79 20 44 69 73 6B      C  DB 079h,020h,044h,069h,073h,06bh,029h,03ah
       29 3A
 6E60  20 00 49 52 51 20      C  DB 020h,000h,049h,052h,051h,020h,037h,020h
       37 20
 6E68  28 4C 50 54 20 6F      C  DB 028h,04ch,050h,054h,020h,06fh,072h,020h
       72 20
 6E70  4C 41 4E 29 20 3A      C  DB 04ch,041h,04eh,029h,020h,03ah,020h,000h
       20 00
 6E78  49 52 51 20 38 20      C  DB 049h,052h,051h,020h,038h,020h,028h,052h
       28 52
 6E80  54 43 2C 4F 53 32      C  DB 054h,043h,02ch,04fh,053h,032h,029h,00ch
       29 0C
 6E88  04 3A 20 00 49 52      C  DB 004h,03ah,020h,000h,049h,052h,051h,020h
       51 20
 6E90  39 20 28 52 65 73      C  DB 039h,020h,028h,052h,065h,073h,065h,072h
       65 72
 6E98  76 65 64 29 20 20      C  DB 076h,065h,064h,029h,020h,020h,020h,03ah
       20 3A
 6EA0  20 00 49 52 51 20      C  DB 020h,000h,049h,052h,051h,020h,031h,030h
       31 30
 6EA8  20 28 52 65 73 65      C  DB 020h,028h,052h,065h,073h,065h,072h,076h
       72 76
 6EB0  65 64 29 20 20 3A      C  DB 065h,064h,029h,020h,020h,03ah,020h,000h
       20 00
 6EB8  49 52 51 20 31 31      C  DB 049h,052h,051h,020h,031h,031h,020h,028h
       20 28
 6EC0  52 65 73 65 72 76      C  DB 052h,065h,073h,065h,072h,076h,065h,064h
       65 64
 6EC8  29 20 20 3A 20 00      C  DB 029h,020h,020h,03ah,020h,000h,049h,052h
       49 52
 6ED0  51 20 31 32 20 28      C  DB 051h,020h,031h,032h,020h,028h,050h,053h
       50 53
 6ED8  32 20 6D 6F 75 73      C  DB 032h,020h,06dh,06fh,075h,073h,065h,029h
       65 29
 6EE0  20 3A 20 00 49 52      C  DB 020h,03ah,020h,000h,049h,052h,051h,020h
       51 20
 6EE8  31 33 20 28 33 38      C  DB 031h,033h,020h,028h,033h,038h,037h,029h
       37 29
 6EF0  0C 07 3A 20 00 49      C  DB 00ch,007h,03ah,020h,000h,049h,052h,051h
       52 51
 6EF8  20 31 34 20 28 48      C  DB 020h,031h,034h,020h,028h,048h,061h,072h
       61 72
 6F00  64 20 44 69 73 6B      C  DB 064h,020h,044h,069h,073h,06bh,029h,020h
       29 20
 6F08  3A 20 00 49 52 51      C  DB 03ah,020h,000h,049h,052h,051h,020h,031h
       20 31
 6F10  35 20 28 52 65 73      C  DB 035h,020h,028h,052h,065h,073h,065h,072h
       65 72
 6F18  76 65 64 29 20 20      C  DB 076h,065h,064h,029h,020h,020h,03ah,020h
       3A 20
 6F20  00 50 4D 20 43 6F      C  DB 000h,050h,04dh,020h,043h,06fh,06eh,074h
       6E 74
 6F28  72 6F 6C 20 62 79      C  DB 072h,06fh,06ch,020h,062h,079h,020h,041h
       20 41
 6F30  50 4D 20 20 3A 20      C  DB 050h,04dh,020h,020h,03ah,020h,000h,04eh
       00 4E
 6F38  6F 20 00 59 65 73      C  DB 06fh,020h,000h,059h,065h,073h,000h,056h
       00 56
 6F40  69 64 65 6F 20 4F      C  DB 069h,064h,065h,06fh,020h,04fh,066h,066h
       66 66
 6F48  20 4F 70 74 69 6F      C  DB 020h,04fh,070h,074h,069h,06fh,06eh,020h
       6E 20
 6F50  20 20 3A 20 00 41      C  DB 020h,020h,03ah,020h,000h,041h,06ch,077h
       6C 77
 6F58  61 79 73 20 4F 6E      C  DB 061h,079h,073h,020h,04fh,06eh,020h,020h
       20 20
 6F60  20 20 20 20 20 00      C  DB 020h,020h,020h,020h,020h,000h,053h,075h
       53 75
 6F68  73 70 65 6E 64 20      C  DB 073h,070h,065h,06eh,064h,020h,02dh,03eh
       2D 3E
 6F70  20 4F 66 66 20 20      C  DB 020h,04fh,066h,066h,020h,020h,000h,053h
       00 53
 6F78  75 73 70 2C 53 74      C  DB 075h,073h,070h,02ch,053h,074h,062h,079h
       62 79
 6F80  20 2D 3E 20 4F 66      C  DB 020h,02dh,03eh,020h,04fh,066h,066h,000h
       66 00
 6F88  41 6C 6C 20 4D 6F      C  DB 041h,06ch,06ch,020h,04dh,06fh,064h,065h
       64 65
 6F90  73 20 2D 3E 20 4F      C  DB 073h,020h,02dh,03eh,020h,04fh,066h,066h
       66 66
 6F98  00 56 69 64 65 6F      C  DB 000h,056h,069h,064h,065h,06fh,020h,04fh
       20 4F
 6FA0  66 66 20 4D 65 74      C  DB 066h,066h,020h,04dh,065h,074h,068h,06fh
       68 6F
 6FA8  64 20 20 20 3A 20      C  DB 064h,020h,020h,020h,03ah,020h,000h,042h
       00 42
 6FB0  6C 61 6E 6B 20 53      C  DB 06ch,061h,06eh,06bh,020h,053h,063h,072h
       63 72
 6FB8  65 65 6E 20 20 00      C  DB 065h,065h,06eh,020h,020h,000h,056h,02fh
       56 2F
 6FC0  48 20 53 59 4E 43      C  DB 048h,020h,053h,059h,04eh,043h,02bh,042h
       2B 42
 6FC8  6C 61 6E 6B 00 50      C  DB 06ch,061h,06eh,06bh,000h,050h,04dh,020h
       4D 20
 6FD0  4D 6F 64 65 0C 0C      C  DB 04dh,06fh,064h,065h,00ch,00ch,03ah,020h
       3A 20
 6FD8  00 56 69 61 20 49      C  DB 000h,056h,069h,061h,020h,049h,052h,051h
       52 51
 6FE0  20 31 32 00 41 75      C  DB 020h,031h,032h,000h,041h,075h,074h,06fh
       74 6F
 6FE8  20 47 72 65 65 6E      C  DB 020h,047h,072h,065h,065h,06eh,000h,056h
       00 56
 6FF0  69 61 20 49 52 51      C  DB 069h,061h,020h,049h,052h,051h,020h,031h
       20 31
 6FF8  35 00 60 BE 3F 70      C  DB 035h,000h,060h,0beh,03fh,070h,03ch,0aah
       3C AA
 7000  74 06 E8 91 C6 61      C  DB 074h,006h,0e8h,091h,0c6h,061h,0f9h,0c3h
       F9 C3
 7008  8B F3 E8 6B AD BE      C  DB 08bh,0f3h,0e8h,06bh,0adh,0beh,049h,070h
       49 70
 7010  3C 00 74 EE BE 58      C  DB 03ch,000h,074h,0eeh,0beh,058h,070h,03ch
       70 3C
 7018  10 75 19 E8 1E 01      C  DB 010h,075h,019h,0e8h,01eh,001h,075h,0e2h
       75 E2
 7020  E8 DD 29 74 17 BE      C  DB 0e8h,0ddh,029h,074h,017h,0beh,03bh,068h
       3B 68
 7028  E8 4D AD 3C 01 BE      C  DB 0e8h,04dh,0adh,03ch,001h,0beh,058h,070h
       58 70
 7030  75 D0 EB 08 3C 0A      C  DB 075h,0d0h,0ebh,008h,03ch,00ah,073h,004h
       73 04
 7038  FE 8E 81 00 61 F8      C  DB 0feh,08eh,081h,000h,061h,0f8h,0c3h,020h
       C3 20
 7040  4D 69 6E 04 FF FF      C  DB 04dh,069h,06eh,004h,0ffh,0ffh,050h,070h
       50 70
 7048  00 44 69 73 61 62      C  DB 000h,044h,069h,073h,061h,062h,06ch,065h
       6C 65
 7050  08 20 20 20 20 20      C  DB 008h,020h,020h,020h,020h,020h,020h,000h
       20 00
 7058  57 68 65 6E 20 53      C  DB 057h,068h,065h,06eh,020h,053h,075h,073h
       75 73
 7060  70 65 6E 64 00 3C      C  DB 070h,065h,06eh,064h,000h,03ch,0aah,074h
       AA 74
 7068  03 E9 9A 00 E8 CD      C  DB 003h,0e9h,09ah,000h,0e8h,0cdh,000h,074h
       00 74
 7070  03 E9 8D 00 E8 89      C  DB 003h,0e9h,08dh,000h,0e8h,089h,029h,075h
       29 75
 7078  03 E9 85 00 83 BE      C  DB 003h,0e9h,085h,000h,083h,0beh,0a0h,000h
       A0 00
 7080  00 74 10 E8 9D C2      C  DB 000h,074h,010h,0e8h,09dh,0c2h,080h,0e2h
       80 E2
 7088  01 38 96 B5 00 88      C  DB 001h,038h,096h,0b5h,000h,088h,096h,0b5h
       96 B5
 7090  00 74 73 60 FF B6      C  DB 000h,074h,073h,060h,0ffh,0b6h,081h,000h
       81 00
 7098  FF B6 80 00 E8 CC      C  DB 0ffh,0b6h,080h,000h,0e8h,0cch,0c7h,0e8h
       C7 E8
 70A0  81 C2 33 F6 80 FA      C  DB 081h,0c2h,033h,0f6h,080h,0fah,001h,074h
       01 74
 70A8  03 83 CE 08 BF 98      C  DB 003h,083h,0ceh,008h,0bfh,098h,067h,057h
       67 57
 70B0  56 2E 8B 1D 2E 81      C  DB 056h,02eh,08bh,01dh,02eh,081h,07dh,002h
       7D 02
 70B8  08 71 74 03 83 F6      C  DB 008h,071h,074h,003h,083h,0f6h,008h,081h
       08 81
 70C0  FF A8 67 72 0B 2E      C  DB 0ffh,0a8h,067h,072h,00bh,02eh,08bh,047h
       8B 47
 70C8  11 89 86 81 00 E8      C  DB 011h,089h,086h,081h,000h,0e8h,0e8h,0cch
       E8 CC
 70D0  E8 63 C8 2E F7 07      C  DB 0e8h,063h,0c8h,02eh,0f7h,007h,008h,000h
       08 00
 70D8  75 03 25 F7 FF 0B      C  DB 075h,003h,025h,0f7h,0ffh,00bh,0c6h,0e8h
       C6 E8
 70E0  7A C8 E8 D2 C3 5E      C  DB 07ah,0c8h,0e8h,0d2h,0c3h,05eh,05fh,083h
       5F 83
 70E8  C7 04 81 FF B8 67      C  DB 0c7h,004h,081h,0ffh,0b8h,067h,072h,0bfh
       72 BF
 70F0  BB D1 68 E8 C1 C3      C  DB 0bbh,0d1h,068h,0e8h,0c1h,0c3h,08fh,086h
       8F 86
 70F8  80 00 8F 86 81 00      C  DB 080h,000h,08fh,086h,081h,000h,061h,0f8h
       61 F8
 7100  C3 E8 B4 CC F9 C3      C  DB 0c3h,0e8h,0b4h,0cch,0f9h,0c3h,0f8h,0c3h
       F8 C3
 7108  3C AA 75 FA E8 2D      C  DB 03ch,0aah,075h,0fah,0e8h,02dh,000h,075h
       00 75
 7110  F0 E8 EC 28 74 F0      C  DB 0f0h,0e8h,0ech,028h,074h,0f0h,0beh,03bh
       BE 3B
 7118  68 E8 5C AC 3C 01      C  DB 068h,0e8h,05ch,0ach,03ch,001h,074h,0e6h
       74 E6
 7120  EB DF 3C AA 75 E0      C  DB 0ebh,0dfh,03ch,0aah,075h,0e0h,0e8h,013h
       E8 13
 7128  00 75 DB E8 D2 28      C  DB 000h,075h,0dbh,0e8h,0d2h,028h,074h,0d1h
       74 D1
 7130  BE 3B 68 E8 42 AC      C  DB 0beh,03bh,068h,0e8h,042h,0ach,03ch,001h
       3C 01
 7138  74 C7 EB CA B0 50      C  DB 074h,0c7h,0ebh,0cah,0b0h,050h,0e6h,022h
       E6 22
 7140  E4 23 A8 01 C3 00      C  DB 0e4h,023h,0a8h,001h,0c3h,000h,000h,000h
       00 00
 7148  00 00 19 3A 1E 3A      C  DB 000h,000h,019h,03ah,01eh,03ah,098h,03ah
       98 3A
 7150  8A 3A 04 FF FF B5      C  DB 08ah,03ah,004h,0ffh,0ffh,0b5h,03eh,005h
       3E 05
 7158  1D 01 50 43 49 20      C  DB 01dh,001h,050h,043h,049h,020h,043h,04fh
       43 4F
 7160  4E 46 49 47 55 52      C  DB 04eh,046h,049h,047h,055h,052h,041h,054h
       41 54
 7168  49 4F 4E 20 53 45      C  DB 049h,04fh,04eh,020h,053h,045h,054h,055h
       54 55
 7170  50 00 00 00 1E B8      C  DB 050h,000h,000h,000h,01eh,0b8h,040h,000h
       40 00
 7178  8E D8 C6 86 39 01      C  DB 08eh,0d8h,0c6h,086h,039h,001h,000h,0f7h
       00 F7
 7180  06 10 00 01 00 0F      C  DB 006h,010h,000h,001h,000h,00fh,084h,089h
       84 89
 7188  00 B0 02 BA F7 03      C  DB 000h,0b0h,002h,0bah,0f7h,003h,0eeh,0ebh
       EE EB
 7190  00 EB 00 E4 21 24      C  DB 000h,0ebh,000h,0e4h,021h,024h,0bbh,0ebh
       BB EB
 7198  00 EB 00 E6 21 E4      C  DB 000h,0ebh,000h,0e6h,021h,0e4h,0a1h,024h
       A1 24
 71A0  FE EB 00 EB 00 E6      C  DB 0feh,0ebh,000h,0ebh,000h,0e6h,0a1h,0fbh
       A1 FB
 71A8  56 BE 6C 59 E8 C9      C  DB 056h,0beh,06ch,059h,0e8h,0c9h,0abh,00ah
       AB 0A
 71B0  C0 5E 75 42 32 E4      C  DB 0c0h,05eh,075h,042h,032h,0e4h,08ah,046h
       8A 46
 71B8  10 24 F0 74 13 3C      C  DB 010h,024h,0f0h,074h,013h,03ch,010h,074h
       10 74
 71C0  0C 80 CC 01 3C 30      C  DB 00ch,080h,0cch,001h,03ch,030h,074h,005h
       74 05
 71C8  80 CC 02 EB 03 80      C  DB 080h,0cch,002h,0ebh,003h,080h,0cch,004h
       CC 04
 71D0  8A 46 10 24 0F 74      C  DB 08ah,046h,010h,024h,00fh,074h,013h,03ch
       13 3C
 71D8  01 74 0C 80 CC 10      C  DB 001h,074h,00ch,080h,0cch,010h,03ch,003h
       3C 03
 71E0  74 05 80 CC 20 EB      C  DB 074h,005h,080h,0cch,020h,0ebh,003h,080h
       03 80
 71E8  CC 40 08 26 8F 00      C  DB 0cch,040h,008h,026h,08fh,000h,0c6h,006h
       C6 06
 71F0  8B 00 81 E9 8B 00      C  DB 08bh,000h,081h,0e9h,08bh,000h,033h,0c0h
       33 C0
 71F8  8A D4 CD 13 73 0B      C  DB 08ah,0d4h,0cdh,013h,073h,00bh,080h,08eh
       80 8E
 7200  39 01 80 80 4E 0E      C  DB 039h,001h,080h,080h,04eh,00eh,020h,0ebh
       20 EB
 7208  09 E8 7C 00 E8 C7      C  DB 009h,0e8h,07ch,000h,0e8h,0c7h,000h,0e8h
       00 E8
 7210  04 01 8A 46 10 8A      C  DB 004h,001h,08ah,046h,010h,08ah,0e0h,024h
       E0 24
 7218  F0 3C 20 76 0E 80      C  DB 0f0h,03ch,020h,076h,00eh,080h,0ech,020h
       EC 20
 7220  80 FC 20 76 06 80      C  DB 080h,0fch,020h,076h,006h,080h,0e4h,00fh
       E4 0F
 7228  80 CC 20 8A C4 24      C  DB 080h,0cch,020h,08ah,0c4h,024h,00fh,03ch
       0F 3C
 7230  02 76 0F 2C 02 80      C  DB 002h,076h,00fh,02ch,002h,080h,0ech,002h
       EC 02
 7238  3C 02 76 06 80 E4      C  DB 03ch,002h,076h,006h,080h,0e4h,0f0h,080h
       F0 80
 7240  CC 02 32 C0 F6 C4      C  DB 0cch,002h,032h,0c0h,0f6h,0c4h,0f0h,074h
       F0 74
 7248  12 F6 06 8F 00 0F      C  DB 012h,0f6h,006h,08fh,000h,00fh,074h,00bh
       74 0B
 7250  B0 20 F6 06 8F 00      C  DB 0b0h,020h,0f6h,006h,08fh,000h,001h,075h
       01 75
 7258  02 B0 10 F6 C4 0F      C  DB 002h,0b0h,010h,0f6h,0c4h,00fh,074h,014h
       74 14
 7260  F6 06 8F 00 F0 74      C  DB 0f6h,006h,08fh,000h,0f0h,074h,00dh,00ch
       0D 0C
 7268  02 F6 06 8F 00 10      C  DB 002h,0f6h,006h,08fh,000h,010h,075h,004h
       75 04
 7270  24 F0 0C 01 3A C4      C  DB 024h,0f0h,00ch,001h,03ah,0c4h,074h,009h
       74 09
 7278  80 8E 39 01 40 80      C  DB 080h,08eh,039h,001h,040h,080h,04eh,00eh
       4E 0E
 7280  20 83 0E 10 00 01      C  DB 020h,083h,00eh,010h,000h,001h,01fh,0c3h
       1F C3
 7288  60 06 1E FC 8C C8      C  DB 060h,006h,01eh,0fch,08ch,0c8h,08eh,0d8h
       8E D8
 7290  B8 40 00 8E C0 BF      C  DB 0b8h,040h,000h,08eh,0c0h,0bfh,03eh,000h
       3E 00
 7298  B9 0B 00 33 C0 F3      C  DB 0b9h,00bh,000h,033h,0c0h,0f3h,0aah,0bfh
       AA BF
 72A0  8F 00 B9 07 00 F3      C  DB 08fh,000h,0b9h,007h,000h,0f3h,0aah,026h
       AA 26
 72A8  80 26 8B 00 33 26      C  DB 080h,026h,08bh,000h,033h,026h,080h,00eh
       80 0E
 72B0  8B 00 88 B0 02 BA      C  DB 08bh,000h,088h,0b0h,002h,0bah,0f7h,003h
       F7 03
 72B8  EE E8 54 3F 32 C0      C  DB 0eeh,0e8h,054h,03fh,032h,0c0h,0e8h,033h
       E8 33
 72C0  44 B0 01 E8 2E 44      C  DB 044h,0b0h,001h,0e8h,02eh,044h,0e8h,047h
       E8 47
 72C8  3F B0 02 E8 CA 44      C  DB 03fh,0b0h,002h,0e8h,0cah,044h,026h,0a2h
       26 A2
 72D0  40 00 1F 07 61 C3      C  DB 040h,000h,01fh,007h,061h,0c3h,060h,01eh
       60 1E
 72D8  06 0E 1F B8 40 00      C  DB 006h,00eh,01fh,0b8h,040h,000h,08eh,0c0h
       8E C0
 72E0  B3 80 B0 00 E8 E9      C  DB 0b3h,080h,0b0h,000h,0e8h,0e9h,043h,080h
       43 80
 72E8  FC 05 75 03 80 CB      C  DB 0fch,005h,075h,003h,080h,0cbh,004h,0b0h
       04 B0
 72F0  01 E8 DC 43 80 FC      C  DB 001h,0e8h,0dch,043h,080h,0fch,005h,075h
       05 75
 72F8  03 80 CB 08 93 50      C  DB 003h,080h,0cbh,008h,093h,050h,08bh,0f4h
       8B F4
 7300  B4 12 B3 02 E8 31      C  DB 0b4h,012h,0b3h,002h,0e8h,031h,041h,083h
       41 83
 7308  C4 02 0A E4 75 03      C  DB 0c4h,002h,00ah,0e4h,075h,003h,0f8h,0ebh
       F8 EB
 7310  01 F9 07 1F 61 C3      C  DB 001h,0f9h,007h,01fh,061h,0c3h,060h,01eh
       60 1E
 7318  06 0E 1F B8 40 00      C  DB 006h,00eh,01fh,0b8h,040h,000h,08eh,0c0h
       8E C0
 7320  B0 00 50 B0 00 B4      C  DB 0b0h,000h,050h,0b0h,000h,0b4h,008h,050h
       08 50
 7328  8B F4 B4 13 B3 04      C  DB 08bh,0f4h,0b4h,013h,0b3h,004h,0e8h,007h
       E8 07
 7330  41 83 C4 04 0A E4      C  DB 041h,083h,0c4h,004h,00ah,0e4h,075h,015h
       75 15
 7338  B4 94 B3 01 E8 F9      C  DB 0b4h,094h,0b3h,001h,0e8h,0f9h,040h,00ah
       40 0A
 7340  E4 75 0A E8 76 3F      C  DB 0e4h,075h,00ah,0e8h,076h,03fh,00ah,0e4h
       0A E4
 7348  75 03 F8 EB 01 F9      C  DB 075h,003h,0f8h,0ebh,001h,0f9h,007h,01fh
       07 1F
 7350  61 C3 00 00 1E 06      C  DB 061h,0c3h,000h,000h,01eh,006h,0b8h,040h
       B8 40
 7358  00 8E D8 80 26 CC      C  DB 000h,08eh,0d8h,080h,026h,0cch,000h,07fh
       00 7F
 7360  BE B7 59 E8 12 AA      C  DB 0beh,0b7h,059h,0e8h,012h,0aah,00ah,0c0h
       0A C0
 7368  74 05 80 0E CC 00      C  DB 074h,005h,080h,00eh,0cch,000h,080h,060h
       80 60
 7370  BA F6 03 B0 04 EE      C  DB 0bah,0f6h,003h,0b0h,004h,0eeh,033h,0dbh
       33 DB
 7378  B9 21 00 90 E2 FE      C  DB 0b9h,021h,000h,090h,0e2h,0feh,032h,0c0h
       32 C0
 7380  EE 61 C6 86 3A 01      C  DB 0eeh,061h,0c6h,086h,03ah,001h,000h,08ah
       00 8A
 7388  46 12 A8 F0 0F 84      C  DB 046h,012h,0a8h,0f0h,00fh,084h,003h,002h
       03 02
 7390  50 B8 40 00 8E D8      C  DB 050h,0b8h,040h,000h,08eh,0d8h,0b8h,001h
       B8 01
 7398  00 8E C0 BA F7 01      C  DB 000h,08eh,0c0h,0bah,0f7h,001h,032h,0ffh
       32 FF
 73A0  EC 3C FF 74 08 B8      C  DB 0ech,03ch,0ffh,074h,008h,0b8h,000h,080h
       00 80
 73A8  2E 8A 3E 55 E7 2E      C  DB 02eh,08ah,03eh,055h,0e7h,02eh,08bh,00eh
       8B 0E
 73B0  53 E7 E8 AF 73 0A      C  DB 053h,0e7h,0e8h,0afh,073h,00ah,0e4h,074h
       E4 74
 73B8  06 A8 0C 74 23 EB      C  DB 006h,0a8h,00ch,074h,023h,0ebh,03ah,0b0h
       3A B0
 73C0  05 8A E0 BA F2 01      C  DB 005h,08ah,0e0h,0bah,0f2h,001h,0eeh,0ebh
       EE EB
 73C8  00 EB 00 EC 3A C4      C  DB 000h,0ebh,000h,0ech,03ah,0c4h,074h,002h
       74 02
 73D0  EB 27 B0 11 8A E0      C  DB 0ebh,027h,0b0h,011h,08ah,0e0h,0eeh,0ebh
       EE EB
 73D8  00 EB 00 EC 3A C4      C  DB 000h,0ebh,000h,0ech,03ah,0c4h,075h,019h
       75 19
 73E0  80 0E 8B 00 01 F7      C  DB 080h,00eh,08bh,000h,001h,0f7h,006h,010h
       06 10
 73E8  00 01 00 74 0C F6      C  DB 000h,001h,000h,074h,00ch,0f6h,006h,08fh
       06 8F
 73F0  00 F0 74 05 83 0E      C  DB 000h,0f0h,074h,005h,083h,00eh,010h,000h
       10 00
 73F8  40 C6 06 75 00 01      C  DB 040h,0c6h,006h,075h,000h,001h,0b8h,000h
       B8 00
 7400  F0 66 C1 E0 10 8D      C  DB 0f0h,066h,0c1h,0e0h,010h,08dh,006h,019h
       06 19
 7408  F0 26 66 A3 F4 00      C  DB 0f0h,026h,066h,0a3h,0f4h,000h,058h,025h
       58 25
 7410  0F 00 75 08 80 0E      C  DB 00fh,000h,075h,008h,080h,00eh,0dah,000h
       DA 00
 7418  20 EB 15 90 FE 06      C  DB 020h,0ebh,015h,090h,0feh,006h,075h,000h
       75 00
 7420  B8 00 F0 66 C1 E0      C  DB 0b8h,000h,0f0h,066h,0c1h,0e0h,010h,08dh
       10 8D
 7428  06 29 F0 26 66 A3      C  DB 006h,029h,0f0h,026h,066h,0a3h,008h,001h
       08 01
 7430  80 7E 67 00 75 07      C  DB 080h,07eh,067h,000h,075h,007h,080h,026h
       80 26
 7438  DA 00 DF EB 25 FE      C  DB 0dah,000h,0dfh,0ebh,025h,0feh,006h,075h
       06 75
 7440  00 F6 06 DA 00 20      C  DB 000h,0f6h,006h,0dah,000h,020h,074h,010h
       74 10
 7448  B8 00 F0 66 C1 E0      C  DB 0b8h,000h,0f0h,066h,0c1h,0e0h,010h,08dh
       10 8D
 7450  06 39 F0 26 66 A3      C  DB 006h,039h,0f0h,026h,066h,0a3h,008h,001h
       08 01
 7458  80 7E 70 00 74 04      C  DB 080h,07eh,070h,000h,074h,004h,0feh,006h
       FE 06
 7460  75 00 FA 26 A1 3C      C  DB 075h,000h,0fah,026h,0a1h,03ch,000h,026h
       00 26
 7468  A3 F0 00 26 A1 3E      C  DB 0a3h,0f0h,000h,026h,0a1h,03eh,000h,026h
       00 26
 7470  A3 F2 00 B8 00 ED      C  DB 0a3h,0f2h,000h,0b8h,000h,0edh,026h,0a3h
       26 A3
 7478  C8 01 26 C7 06 CA      C  DB 0c8h,001h,026h,0c7h,006h,0cah,001h,000h
       01 00
 7480  F0 B8 D4 B7 26 A3      C  DB 0f0h,0b8h,0d4h,0b7h,026h,0a3h,03ch,000h
       3C 00
 7488  26 C7 06 3E 00 00      C  DB 026h,0c7h,006h,03eh,000h,000h,0f0h,080h
       F0 80
 7490  7E 67 00 74 0E B8      C  DB 07eh,067h,000h,074h,00eh,0b8h,024h,0edh
       24 ED
 7498  26 A3 CC 01 26 C7      C  DB 026h,0a3h,0cch,001h,026h,0c7h,006h,0ceh
       06 CE
 74A0  01 00 F0 BB B4 4A      C  DB 001h,000h,0f0h,0bbh,0b4h,04ah,032h,0c9h
       32 C9
 74A8  C6 06 DE 00 00 51      C  DB 0c6h,006h,0deh,000h,000h,051h,0e8h,0d1h
       E8 D1
 74B0  DF 8B F2 81 C6 AF      C  DB 0dfh,08bh,0f2h,081h,0c6h,0afh,000h,0e8h
       00 E8
 74B8  BE A8 59 D2 E0 D2      C  DB 0beh,0a8h,059h,0d2h,0e0h,0d2h,0e0h,008h
       E0 08
 74C0  06 DE 00 81 C3 C8      C  DB 006h,0deh,000h,081h,0c3h,0c8h,000h,0feh
       00 FE
 74C8  C1 80 F9 03 76 DF      C  DB 0c1h,080h,0f9h,003h,076h,0dfh,0e4h,0a1h
       E4 A1
 74D0  24 3F EB 00 EB 00      C  DB 024h,03fh,0ebh,000h,0ebh,000h,0e6h,0a1h
       E6 A1
 74D8  EB 00 EB 00 E4 21      C  DB 0ebh,000h,0ebh,000h,0e4h,021h,024h,0fbh
       24 FB
 74E0  EB 00 EB 00 E6 21      C  DB 0ebh,000h,0ebh,000h,0e6h,021h,0fbh,0bah
       FB BA
 74E8  80 00 B8 00 14 B9      C  DB 080h,000h,0b8h,000h,014h,0b9h,003h,000h
       03 00
 74F0  CD 13 73 07 E2 FA      C  DB 0cdh,013h,073h,007h,0e2h,0fah,0b0h,040h
       B0 40
 74F8  E9 90 00 33 C0 BA      C  DB 0e9h,090h,000h,033h,0c0h,0bah,080h,000h
       80 00
 7500  52 CD 13 5A 73 05      C  DB 052h,0cdh,013h,05ah,073h,005h,0b0h,080h
       B0 80
 7508  E9 80 00 FA 33 C0      C  DB 0e9h,080h,000h,0fah,033h,0c0h,0a3h,06ch
       A3 6C
 7510  00 A3 6E 00 FB B8      C  DB 000h,0a3h,06eh,000h,0fbh,0b8h,000h,009h
       00 09
 7518  52 CD 13 5A 72 2C      C  DB 052h,0cdh,013h,05ah,072h,02ch,0b8h,000h
       B8 00
 7520  11 52 CD 13 5A 72      C  DB 011h,052h,0cdh,013h,05ah,072h,01fh,0b8h
       1F B8
 7528  01 04 B9 01 00 52      C  DB 001h,004h,0b9h,001h,000h,052h,0cdh,013h
       CD 13
 7530  5A 73 25 80 FC 10      C  DB 05ah,073h,025h,080h,0fch,010h,074h,020h
       74 20
 7538  80 FC 11 74 1B 80      C  DB 080h,0fch,011h,074h,01bh,080h,0fch,00ah
       FC 0A
 7540  74 16 B0 08 EB 06      C  DB 074h,016h,0b0h,008h,0ebh,006h,0b0h,010h
       B0 10
 7548  EB 02 B0 20 FA 81      C  DB 0ebh,002h,0b0h,020h,0fah,081h,03eh,06ch
       3E 6C
 7550  00 44 04 FB 72 BF      C  DB 000h,044h,004h,0fbh,072h,0bfh,0ebh,033h
       EB 33
 7558  F6 06 CC 00 80 74      C  DB 0f6h,006h,0cch,000h,080h,074h,01fh,006h
       1F 06
 7560  16 07 8B FD 81 C7      C  DB 016h,007h,08bh,0fdh,081h,0c7h,040h,001h
       40 01
 7568  50 52 80 FA 81 75      C  DB 050h,052h,080h,0fah,081h,075h,009h,0f6h
       09 F6
 7570  06 DA 00 20 74 02      C  DB 006h,0dah,000h,020h,074h,002h,0feh,0c2h
       FE C2
 7578  E8 1E 01 5A 58 07      C  DB 0e8h,01eh,001h,05ah,058h,007h,0feh,0c2h
       FE C2
 7580  A0 75 00 04 80 3A      C  DB 0a0h,075h,000h,004h,080h,03ah,0d0h,073h
       D0 73
 7588  0A EB 80 08 86 3A      C  DB 00ah,0ebh,080h,008h,086h,03ah,001h,080h
       01 80
 7590  4E 0E 28 32 E4 B2      C  DB 04eh,00eh,028h,032h,0e4h,0b2h,080h,0cdh
       80 CD
 7598  13 07 1F C3 51 52      C  DB 013h,007h,01fh,0c3h,051h,052h,0f6h,0e4h
       F6 E4
 75A0  F7 E3 66 C1 E2 10      C  DB 0f7h,0e3h,066h,0c1h,0e2h,010h,08bh,0d0h
       8B D0
 75A8  66 81 FA 00 80 1F      C  DB 066h,081h,0fah,000h,080h,01fh,000h,077h
       00 77
 75B0  07 B7 20 B9 E0 07      C  DB 007h,0b7h,020h,0b9h,0e0h,007h,0ebh,025h
       EB 25
 75B8  66 81 FA 00 00 3F      C  DB 066h,081h,0fah,000h,000h,03fh,000h,077h
       00 77
 75C0  07 B7 40 B9 C0 0F      C  DB 007h,0b7h,040h,0b9h,0c0h,00fh,0ebh,015h
       EB 15
 75C8  66 81 FA 00 00 7E      C  DB 066h,081h,0fah,000h,000h,07eh,000h,077h
       00 77
 75D0  07 B7 80 B9 80 1F      C  DB 007h,0b7h,080h,0b9h,080h,01fh,0ebh,005h
       EB 05
 75D8  B7 FF B9 C1 3E 8B      C  DB 0b7h,0ffh,0b9h,0c1h,03eh,08bh,0c2h,066h
       C2 66
 75E0  C1 EA 10 F7 F1 93      C  DB 0c1h,0eah,010h,0f7h,0f1h,093h,0b0h,03fh
       B0 3F
 75E8  0B DB 75 02 33 C0      C  DB 00bh,0dbh,075h,002h,033h,0c0h,05ah,059h
       5A 59
 75F0  C3 D1 EB D0 E4 C3      C  DB 0c3h,0d1h,0ebh,0d0h,0e4h,0c3h,07ch,04bh
       7C 4B
 75F8  B4 4A 0C 4D 44 4C      C  DB 0b4h,04ah,00ch,04dh,044h,04ch,057h,0bfh
       57 BF
 7600  F6 75 D1 E0 03 F8      C  DB 0f6h,075h,0d1h,0e0h,003h,0f8h,02eh,08bh
       2E 8B
 7608  1D E8 76 DE 8B F7      C  DB 01dh,0e8h,076h,0deh,08bh,0f7h,05fh,0fch
       5F FC
 7610  8B 1A 8A 62 02 E8      C  DB 08bh,01ah,08ah,062h,002h,0e8h,07ch,0e2h
       7C E2
 7618  74 10 E8 73 E2 75      C  DB 074h,010h,0e8h,073h,0e2h,075h,050h,0e8h
       50 E8
 7620  CF FF 8A 42 07 8B      C  DB 0cfh,0ffh,08ah,042h,007h,08bh,04ah,003h
       4A 03
 7628  EB 08 8A 42 07 E8      C  DB 0ebh,008h,08ah,042h,007h,0e8h,06ch,0ffh
       6C FF
 7630  33 C9 57 93 AB 8A      C  DB 033h,0c9h,057h,093h,0abh,08ah,0c7h,0aah
       C7 AA
 7638  B0 A0 AA 8A 42 07      C  DB 0b0h,0a0h,0aah,08ah,042h,007h,0aah,08bh
       AA 8B
 7640  C1 AB 32 C0 AA 80      C  DB 0c1h,0abh,032h,0c0h,0aah,080h,07ah,002h
       7A 02
 7648  08 76 02 B0 08 AA      C  DB 008h,076h,002h,0b0h,008h,0aah,08bh,002h
       8B 02
 7650  AB 8B 42 02 AA 8B      C  DB 0abh,08bh,042h,002h,0aah,08bh,042h,005h
       42 05
 7658  AB 8A C3 AA 5F 32      C  DB 0abh,08ah,0c3h,0aah,05fh,032h,0c0h,0b9h
       C0 B9
 7660  0F 00 26 02 05 47      C  DB 00fh,000h,026h,002h,005h,047h,0e2h,0fah
       E2 FA
 7668  34 FF FE C0 AA EB      C  DB 034h,0ffh,0feh,0c0h,0aah,0ebh,029h,08bh
       29 8B
 7670  02 AB 8B 42 02 AA      C  DB 002h,0abh,08bh,042h,002h,0aah,033h,0c0h
       33 C0
 7678  AB 8B 42 03 AB 32      C  DB 0abh,08bh,042h,003h,0abh,032h,0c0h,0aah
       C0 AA
 7680  80 7A 02 08 76 02      C  DB 080h,07ah,002h,008h,076h,002h,0b0h,008h
       B0 08
 7688  AA 33 C0 AB AA 8B      C  DB 0aah,033h,0c0h,0abh,0aah,08bh,042h,005h
       42 05
 7690  AB 8A 42 07 AA 32      C  DB 0abh,08ah,042h,007h,0aah,032h,0c0h,0aah
       C0 AA
 7698  C3 1E 06 57 56 53      C  DB 0c3h,01eh,006h,057h,056h,053h,051h,052h
       51 52
 76A0  33 F6 80 FA 81 76      C  DB 033h,0f6h,080h,0fah,081h,076h,003h,0beh
       03 BE
 76A8  80 00 BA F6 03 2B      C  DB 080h,000h,0bah,0f6h,003h,02bh,0d6h,0b0h
       D6 B0
 76B0  04 EE B9 96 00 E2      C  DB 004h,0eeh,0b9h,096h,000h,0e2h,0feh,032h
       FE 32
 76B8  C0 EE BA F7 01 2B      C  DB 0c0h,0eeh,0bah,0f7h,001h,02bh,0d6h,0b8h
       D6 B8
 76C0  00 80 E8 6D 01 0F      C  DB 000h,080h,0e8h,06dh,001h,00fh,082h,0bah
       82 BA
 76C8  00 5A 52 B0 A0 F6      C  DB 000h,05ah,052h,0b0h,0a0h,0f6h,0c2h,001h
       C2 01
 76D0  74 02 B0 B0 BA F6      C  DB 074h,002h,0b0h,0b0h,0bah,0f6h,001h,02bh
       01 2B
 76D8  D6 EE E7 E1 B4 50      C  DB 0d6h,0eeh,0e7h,0e1h,0b4h,050h,08ah,0c4h
       8A C4
 76E0  BA F7 01 2B D6 E8      C  DB 0bah,0f7h,001h,02bh,0d6h,0e8h,04ah,001h
       4A 01
 76E8  0F 82 97 00 BA F7      C  DB 00fh,082h,097h,000h,0bah,0f7h,001h,02bh
       01 2B
 76F0  D6 B0 EC EE E7 E1      C  DB 0d6h,0b0h,0ech,0eeh,0e7h,0e1h,0b9h,000h
       B9 00
 76F8  08 E7 E1 E2 FC B8      C  DB 008h,0e7h,0e1h,0e2h,0fch,0b8h,008h,089h
       08 89
 7700  BA F7 01 2B D6 E8      C  DB 0bah,0f7h,001h,02bh,0d6h,0e8h,02ah,001h
       2A 01
 7708  0F 82 77 00 06 57      C  DB 00fh,082h,077h,000h,006h,057h,0bfh,000h
       BF 00
 7710  20 8E C7 33 FF 57      C  DB 020h,08eh,0c7h,033h,0ffh,057h,0b9h,000h
       B9 00
 7718  01 BA F0 01 2B D6      C  DB 001h,0bah,0f0h,001h,02bh,0d6h,0fch,06dh
       FC 6D
 7720  E2 FD 5F 5E 1F 26      C  DB 0e2h,0fdh,05fh,05eh,01fh,026h,08bh,005h
       8B 05
 7728  3D FF FF 0F 84 54      C  DB 03dh,0ffh,0ffh,00fh,084h,054h,000h,089h
       00 89
 7730  04 26 8B 45 02 89      C  DB 004h,026h,08bh,045h,002h,089h,044h,002h
       44 02
 7738  26 8A 45 06 3C 10      C  DB 026h,08ah,045h,006h,03ch,010h,00fh,087h
       0F 87
 7740  41 00 88 44 04 26      C  DB 041h,000h,088h,044h,004h,026h,08ah,045h
       8A 45
 7748  0C 88 44 10 26 8A      C  DB 00ch,088h,044h,010h,026h,08ah,045h,05eh
       45 5E
 7750  BA 40 00 8E DA 5A      C  DB 0bah,040h,000h,08eh,0dah,05ah,052h,056h
       52 56
 7758  BE CD 00 80 FA 80      C  DB 0beh,0cdh,000h,080h,0fah,080h,074h,013h
       74 13
 7760  BE ED 00 80 FA 81      C  DB 0beh,0edh,000h,080h,0fah,081h,074h,00bh
       74 0B
 7768  BE EE 00 80 FA 82      C  DB 0beh,0eeh,000h,080h,0fah,082h,074h,003h
       74 03
 7770  BE EF 00 88 04 5E      C  DB 0beh,0efh,000h,088h,004h,05eh,026h,08bh
       26 8B
 7778  55 62 66 C1 E2 10      C  DB 055h,062h,066h,0c1h,0e2h,010h,0f8h,0b7h
       F8 B7
 7780  00 EB 04 80 FF 05      C  DB 000h,0ebh,004h,080h,0ffh,005h,0f9h,05ah
       F9 5A
 7788  59 5B 5E 5F 07 1F      C  DB 059h,05bh,05eh,05fh,007h,01fh,0c3h,006h
       C3 06
 7790  60 52 57 56 8B FA      C  DB 060h,052h,057h,056h,08bh,0fah,0b6h,0f0h
       B6 F0
 7798  B2 80 C7 86 58 01      C  DB 0b2h,080h,0c7h,086h,058h,001h,000h,000h
       00 00
 77A0  81 FF B4 4A 74 1D      C  DB 081h,0ffh,0b4h,04ah,074h,01dh,0c7h,086h
       C7 86
 77A8  5A 01 00 00 C0 EE      C  DB 05ah,001h,000h,000h,0c0h,0eeh,004h,0feh
       04 FE
 77B0  C2 81 FF 7C 4B 74      C  DB 0c2h,081h,0ffh,07ch,04bh,074h,00ch,0feh
       0C FE
 77B8  C2 32 F6 81 FF 44      C  DB 0c2h,032h,0f6h,081h,0ffh,044h,04ch,074h
       4C 74
 77C0  02 FE C2 16 07 8B      C  DB 002h,0feh,0c2h,016h,007h,08bh,0fdh,081h
       FD 81
 77C8  C7 40 01 52 E8 CA      C  DB 0c7h,040h,001h,052h,0e8h,0cah,0feh,05ah
       FE 5A
 77D0  73 20 5E 5F F6 D6      C  DB 073h,020h,05eh,05fh,0f6h,0d6h,020h,076h
       20 76
 77D8  12 33 D2 88 12 89      C  DB 012h,033h,0d2h,088h,012h,089h,013h,089h
       13 89
 77E0  53 02 89 53 03 88      C  DB 053h,002h,089h,053h,003h,088h,053h,005h
       53 05
 77E8  88 53 07 66 C1 E0      C  DB 088h,053h,007h,066h,0c1h,0e0h,010h,0f9h
       10 F9
 77F0  EB 32 08 76 12 5E      C  DB 0ebh,032h,008h,076h,012h,05eh,0c6h,002h
       C6 02
 77F8  30 26 8B 05 0B C0      C  DB 030h,026h,08bh,005h,00bh,0c0h,075h,001h
       75 01
 7800  48 5E 89 86 58 01      C  DB 048h,05eh,089h,086h,058h,001h,026h,08bh
       26 8B
 7808  45 02 89 02 48 89      C  DB 045h,002h,089h,002h,048h,089h,042h,005h
       42 05
 7810  C7 42 03 FF FF 26      C  DB 0c7h,042h,003h,0ffh,0ffh,026h,08ah,045h
       8A 45
 7818  04 88 42 02 26 8A      C  DB 004h,088h,042h,002h,026h,08ah,045h,010h
       45 10
 7820  88 42 07 F8 5B 61      C  DB 088h,042h,007h,0f8h,05bh,061h,007h,09ch
       07 9C
 7828  66 C1 EA 10 66 C1      C  DB 066h,0c1h,0eah,010h,066h,0c1h,0e8h,010h
       E8 10
 7830  9D C3 1E 53 FB B9      C  DB 09dh,0c3h,01eh,053h,0fbh,0b9h,040h,000h
       40 00
 7838  8E D9 93 C6 06 40      C  DB 08eh,0d9h,093h,0c6h,006h,040h,000h,0fch
       00 FC
 7840  32 E4 EC 50 22 C7      C  DB 032h,0e4h,0ech,050h,022h,0c7h,03ah,0c3h
       3A C3
 7848  58 F8 74 0D E8 0D      C  DB 058h,0f8h,074h,00dh,0e8h,00dh,000h,072h
       00 72
 7850  07 80 3E 40 00 00      C  DB 007h,080h,03eh,040h,000h,000h,075h,0eah
       75 EA
 7858  F9 5B 1F C3 B4 01      C  DB 0f9h,05bh,01fh,0c3h,0b4h,001h,0cdh,016h
       CD 16
 7860  74 0C B4 10 CD 16      C  DB 074h,00ch,0b4h,010h,0cdh,016h,03bh,086h
       3B 86
 7868  B4 01 75 02 F9 C3      C  DB 0b4h,001h,075h,002h,0f9h,0c3h,0f8h,0c3h
       F8 C3
 7870  1E 06 0E 1F B8 40      C  DB 01eh,006h,00eh,01fh,0b8h,040h,000h,08eh
       00 8E
 7878  C0 26 C7 06 78 00      C  DB 0c0h,026h,0c7h,006h,078h,000h,014h,014h
       14 14
 7880  26 C7 06 7A 00 14      C  DB 026h,0c7h,006h,07ah,000h,014h,014h,026h
       14 26
 7888  C7 06 7C 00 01 01      C  DB 0c7h,006h,07ch,000h,001h,001h,026h,0c7h
       26 C7
 7890  06 7E 00 01 01 FC      C  DB 006h,07eh,000h,001h,001h,0fch,0e8h,066h
       E8 66
 7898  00 53 B9 04 00 BF      C  DB 000h,053h,0b9h,004h,000h,0bfh,000h,000h
       00 00
 78A0  E8 2F 00 E8 97 00      C  DB 0e8h,02fh,000h,0e8h,097h,000h,0b9h,003h
       B9 03
 78A8  00 BF 08 00 E8 23      C  DB 000h,0bfh,008h,000h,0e8h,023h,000h,058h
       00 58
 78B0  C0 E7 06 D0 E4 0A      C  DB 0c0h,0e7h,006h,0d0h,0e4h,00ah,0fch,032h
       FC 32
 78B8  DB 26 09 1E 10 00      C  DB 0dbh,026h,009h,01eh,010h,000h,0bah,001h
       BA 01
 78C0  02 EC A8 0F 75 09      C  DB 002h,0ech,0a8h,00fh,075h,009h,026h,081h
       26 81
 78C8  0E 10 00 00 10 EB      C  DB 00eh,010h,000h,000h,010h,0ebh,000h,007h
       00 07
 78D0  1F C3 50 56 1E 06      C  DB 01fh,0c3h,050h,056h,01eh,006h,01fh,033h
       1F 33
 78D8  C0 57 51 F2 AF 0B      C  DB 0c0h,057h,051h,0f2h,0afh,00bh,0c9h,074h
       C9 74
 78E0  18 8B F7 83 EE 02      C  DB 018h,08bh,0f7h,083h,0eeh,002h,0f3h,0afh
       F3 AF
 78E8  74 0F 83 EF 02 87      C  DB 074h,00fh,083h,0efh,002h,087h,0f7h,0a5h
       F7 A5
 78F0  C7 44 FE 00 00 59      C  DB 0c7h,044h,0feh,000h,000h,059h,05fh,0ebh
       5F EB
 78F8  E0 59 5F 1F 5E 58      C  DB 0e0h,059h,05fh,01fh,05eh,058h,0c3h,0b9h
       C3 B9
 7900  04 00 FC BE 11 F1      C  DB 004h,000h,0fch,0beh,011h,0f1h,0bfh,000h
       BF 00
 7908  00 33 DB 90 AD 8B      C  DB 000h,033h,0dbh,090h,0adh,08bh,0d0h,0b0h
       D0 B0
 7910  38 EE EB 00 EB 00      C  DB 038h,0eeh,0ebh,000h,0ebh,000h,0ebh,000h
       EB 00
 7918  EB 00 EC A8 38 75      C  DB 0ebh,000h,0ech,0a8h,038h,075h,00ah,024h
       0A 24
 7920  C0 0A C0 74 08 3C      C  DB 0c0h,00ah,0c0h,074h,008h,03ch,0c0h,074h
       C0 74
 7928  04 33 C0 EB 06 8B      C  DB 004h,033h,0c0h,0ebh,006h,08bh,0c2h,048h
       C2 48
 7930  48 FE C7 81 FF 08      C  DB 048h,0feh,0c7h,081h,0ffh,008h,000h,073h
       00 73
 7938  01 AB E2 D0 C3 0E      C  DB 001h,0abh,0e2h,0d0h,0c3h,00eh,01fh,0beh
       1F BE
 7940  19 F1 BF 08 00 B9      C  DB 019h,0f1h,0bfh,008h,000h,0b9h,003h,000h
       03 00
 7948  33 DB 87 DB AD 8B      C  DB 033h,0dbh,087h,0dbh,0adh,08bh,0d0h,0b8h
       D0 B8
 7950  5A 5A EE EB 00 EB      C  DB 05ah,05ah,0eeh,0ebh,000h,0ebh,000h,032h
       00 32
 7958  C0 E7 E1 EC EB 00      C  DB 0c0h,0e7h,0e1h,0ech,0ebh,000h,0ebh,000h
       EB 00
 7960  3A C4 74 04 33 C0      C  DB 03ah,0c4h,074h,004h,033h,0c0h,0ebh,004h
       EB 04
 7968  FE C7 8B C2 AB E2      C  DB 0feh,0c7h,08bh,0c2h,0abh,0e2h,0ddh,0c3h
       DD C3
 7970  E8 B9 14 F8 C3 1E      C  DB 0e8h,0b9h,014h,0f8h,0c3h,01eh,006h,00fh
       06 0F
 7978  A0 66 60 E8 0E 14      C  DB 0a0h,066h,060h,0e8h,00eh,014h,073h,011h
       73 11
 7980  32 C0 E8 F0 00 26      C  DB 032h,0c0h,0e8h,0f0h,000h,026h,080h,026h
       80 26
 7988  CC 04 F3 E8 1F 14      C  DB 0cch,004h,0f3h,0e8h,01fh,014h,0e9h,095h
       E9 95
 7990  00 0E 1F F6 06 7A      C  DB 000h,00eh,01fh,0f6h,006h,07ah,0feh,001h
       FE 01
 7998  0F 84 83 00 E8 8F      C  DB 00fh,084h,083h,000h,0e8h,08fh,01fh,08eh
       1F 8E
 79A0  C0 32 C0 26 81 3E      C  DB 0c0h,032h,0c0h,026h,081h,03eh,000h,000h
       00 00
 79A8  55 AA 75 02 0C 01      C  DB 055h,0aah,075h,002h,00ch,001h,026h,08ah
       26 8A
 79B0  1E 0B 00 50 E8 78      C  DB 01eh,00bh,000h,050h,0e8h,078h,018h,0e8h
       18 E8
 79B8  4B 14 58 E8 74 00      C  DB 04bh,014h,058h,0e8h,074h,000h,026h,0f6h
       26 F6
 79C0  06 0B 00 01 74 0B      C  DB 006h,00bh,000h,001h,074h,00bh,0e8h,046h
       E8 46
 79C8  13 75 06 26 80 26      C  DB 013h,075h,006h,026h,080h,026h,00bh,000h
       0B 00
 79D0  FE 26 C7 06 00 00      C  DB 0feh,026h,0c7h,006h,000h,000h,055h,0aah
       55 AA
 79D8  26 C7 06 02 00 40      C  DB 026h,0c7h,006h,002h,000h,040h,000h,026h
       00 26
 79E0  A2 04 00 BF 02 00      C  DB 0a2h,004h,000h,0bfh,002h,000h,0e8h,0f3h
       E8 F3
 79E8  8A E8 9A 8B E8 7E      C  DB 08ah,0e8h,09ah,08bh,0e8h,07eh,000h,0e8h
       00 E8
 79F0  EE 17 E8 EC 14 E8      C  DB 0eeh,017h,0e8h,0ech,014h,0e8h,0f5h,000h
       F5 00
 79F8  E8 2D 0F B8 00 00      C  DB 0e8h,02dh,00fh,0b8h,000h,000h,08eh,0d8h
       8E D8
 7A00  E8 2F 1F 72 1A 3C      C  DB 0e8h,02fh,01fh,072h,01ah,03ch,001h,075h
       01 75
 7A08  16 E8 DA 17 72 11      C  DB 016h,0e8h,0dah,017h,072h,011h,089h,036h
       89 36
 7A10  DC 01 A3 DE 01 E4      C  DB 0dch,001h,0a3h,0deh,001h,0e4h,0a1h,0ebh
       A1 EB
 7A18  00 EB 00 24 7F E6      C  DB 000h,0ebh,000h,024h,07fh,0e6h,0a1h,026h
       A1 26
 7A20  A0 04 00 E8 37 18      C  DB 0a0h,004h,000h,0e8h,037h,018h,066h,061h
       66 61
 7A28  0F A1 07 1F C3 54      C  DB 00fh,0a1h,007h,01fh,0c3h,054h,073h,065h
       73 65
 7A30  6E 67 60 1E 06 33      C  DB 06eh,067h,060h,01eh,006h,033h,0c0h,08eh
       C0 8E
 7A38  C0 26 A1 42 00 3D      C  DB 0c0h,026h,0a1h,042h,000h,03dh,000h,0f0h
       00 F0
 7A40  74 16 8E C0 FC 33      C  DB 074h,016h,08eh,0c0h,0fch,033h,0ffh,0b9h
       FF B9
 7A48  05 00 8D 36 2D 7A      C  DB 005h,000h,08dh,036h,02dh,07ah,0f3h,0a6h
       F3 A6
 7A50  74 0A 81 FF 00 01      C  DB 074h,00ah,081h,0ffh,000h,001h,072h,0efh
       72 EF
 7A58  B4 01 EB 02 B4 04      C  DB 0b4h,001h,0ebh,002h,0b4h,004h,007h,026h
       07 26
 7A60  80 26 0B 00 FA 26      C  DB 080h,026h,00bh,000h,0fah,026h,008h,026h
       08 26
 7A68  0B 00 1F 61 C3 E8      C  DB 00bh,000h,01fh,061h,0c3h,0e8h,071h,017h
       71 17
 7A70  72 7A E8 03 A3 8A      C  DB 072h,07ah,0e8h,003h,0a3h,08ah,05eh,012h
       5E 12
 7A78  F6 C3 F0 74 6F 51      C  DB 0f6h,0c3h,0f0h,074h,06fh,051h,052h,053h
       52 53
 7A80  1E BB 00 00 8E DB      C  DB 01eh,0bbh,000h,000h,08eh,0dbh,032h,0dbh
       32 DB
 7A88  B1 0C F6 E1 BA F2      C  DB 0b1h,00ch,0f6h,0e1h,0bah,0f2h,001h,08ah
       01 8A
 7A90  E8 EE EB 00 EB 00      C  DB 0e8h,0eeh,0ebh,000h,0ebh,000h,083h,0c2h
       83 C2
 7A98  04 B4 A0 38 1E 75      C  DB 004h,0b4h,0a0h,038h,01eh,075h,004h,076h
       04 76
 7AA0  47 8A C4 EE EB 00      C  DB 047h,08ah,0c4h,0eeh,0ebh,000h,0ebh,000h
       EB 00
 7AA8  42 B0 E3 EE EB 00      C  DB 042h,0b0h,0e3h,0eeh,0ebh,000h,0ebh,000h
       EB 00
 7AB0  EC EB 00 EB 00 A8      C  DB 0ech,0ebh,000h,0ebh,000h,0a8h,001h,074h
       01 74
 7AB8  0D 50 52 8A D3 80      C  DB 00dh,050h,052h,08ah,0d3h,080h,0c2h,080h
       C2 80
 7AC0  32 E4 CD 13 5A 58      C  DB 032h,0e4h,0cdh,013h,05ah,058h,0feh,0c3h
       FE C3
 7AC8  4A 80 C4 10 80 FC      C  DB 04ah,080h,0c4h,010h,080h,0fch,0c0h,072h
       C0 72
 7AD0  CA 81 FA F0 01 72      C  DB 0cah,081h,0fah,0f0h,001h,072h,011h,0f6h
       11 F6
 7AD8  06 DA 04 20 74 02      C  DB 006h,0dah,004h,020h,074h,002h,0feh,0cbh
       FE CB
 7AE0  81 EA 84 00 8A C5      C  DB 081h,0eah,084h,000h,08ah,0c5h,0ebh,0a9h
       EB A9
 7AE8  1F 5B 5A 59 C3 26      C  DB 01fh,05bh,05ah,059h,0c3h,026h,066h,0c7h
       66 C7
 7AF0  06 12 00 00 00 00      C  DB 006h,012h,000h,000h,000h,000h,000h,0e8h
       00 E8
 7AF8  CC 1F 0A C0 74 45      C  DB 0cch,01fh,00ah,0c0h,074h,045h,0feh,0c8h
       FE C8
 7B00  8A C8 B0 01 D2 E0      C  DB 08ah,0c8h,0b0h,001h,0d2h,0e0h,026h,0a2h
       26 A2
 7B08  16 00 26 80 26 0B      C  DB 016h,000h,026h,080h,026h,00bh,000h,0feh
       00 FE
 7B10  06 B8 10 4F 32 DB      C  DB 006h,0b8h,010h,04fh,032h,0dbh,033h,0c9h
       33 C9
 7B18  8E C1 33 FF CD 10      C  DB 08eh,0c1h,033h,0ffh,0cdh,010h,007h,03dh
       07 3D
 7B20  4F 00 75 1F 26 66      C  DB 04fh,000h,075h,01fh,026h,066h,0c7h,006h
       C7 06
 7B28  0D 00 53 4D 50 44      C  DB 00dh,000h,053h,04dh,050h,044h,026h,088h
       26 88
 7B30  3E 11 00 1E B8 00      C  DB 03eh,011h,000h,01eh,0b8h,000h,000h,08eh
       00 8E
 7B38  D8 66 A1 40 00 1F      C  DB 0d8h,066h,0a1h,040h,000h,01fh,026h,066h
       26 66
 7B40  A3 12 00 C3 88 00      C  DB 0a3h,012h,000h,0c3h,088h,000h,054h,000h
       54 00
 7B48  00 07 FF FF C0 00      C  DB 000h,007h,0ffh,0ffh,0c0h,000h,00dh,03fh
       0D 3F
 7B50  FF FF FF 00 0C 03      C  DB 0ffh,0ffh,0ffh,000h,00ch,003h,0ffh,000h
       FF 00
 7B58  02 3F F0 00 0B 1F      C  DB 002h,03fh,0f0h,000h,00bh,01fh,0c0h,000h
       C0 00
 7B60  03 FE 00 0B FC 00      C  DB 003h,0feh,000h,00bh,0fch,000h,004h,00fh
       04 0F
 7B68  C0 00 09 03 E0 00      C  DB 0c0h,000h,009h,003h,0e0h,000h,004h,001h
       04 01
 7B70  F0 00 09 1F 00 06      C  DB 0f0h,000h,009h,01fh,000h,006h,03eh,000h
       3E 00
 7B78  09 7C 00 06 0F 80      C  DB 009h,07ch,000h,006h,00fh,080h,000h,007h
       00 07
 7B80  01 F0 00 06 03 E0      C  DB 001h,0f0h,000h,006h,003h,0e0h,000h,007h
       00 07
 7B88  03 C0 00 07 F0 00      C  DB 003h,0c0h,000h,007h,0f0h,000h,007h,00fh
       07 0F
 7B90  00 08 3C 00 07 1C      C  DB 000h,008h,03ch,000h,007h,01ch,000h,008h
       00 08
 7B98  0E 00 07 78 00 08      C  DB 00eh,000h,007h,078h,000h,008h,007h,080h
       07 80
 7BA0  00 06 E0 00 08 01      C  DB 000h,006h,0e0h,000h,008h,001h,0c0h,000h
       C0 00
 7BA8  05 03 C0 00 09 F0      C  DB 005h,003h,0c0h,000h,009h,0f0h,000h,005h
       00 05
 7BB0  07 00 0A 38 00 05      C  DB 007h,000h,00ah,038h,000h,005h,00eh,000h
       0E 00
 7BB8  0A 1C 00 05 1C 00      C  DB 00ah,01ch,000h,005h,01ch,000h,00ah,00eh
       0A 0E
 7BC0  00 05 38 00 0A 07      C  DB 000h,005h,038h,000h,00ah,007h,000h,005h
       00 05
 7BC8  70 00 0A 23 80 00      C  DB 070h,000h,00ah,023h,080h,000h,004h,0e0h
       04 E0
 7BD0  00 0A 21 C0 00 03      C  DB 000h,00ah,021h,0c0h,000h,003h,001h,0c0h
       01 C0
 7BD8  00 0A 70 E0 00 03      C  DB 000h,00ah,070h,0e0h,000h,003h,003h,080h
       03 80
 7BE0  00 0A 70 70 00 03      C  DB 000h,00ah,070h,070h,000h,003h,007h,000h
       07 00
 7BE8  0B F8 38 00 03 0E      C  DB 00bh,0f8h,038h,000h,003h,00eh,000h,00bh
       00 0B
 7BF0  F8 1C 00 03 0C 00      C  DB 0f8h,01ch,000h,003h,00ch,000h,00bh,0d8h
       0B D8
 7BF8  0C 00 03 18 00 0A      C  DB 00ch,000h,003h,018h,000h,00ah,001h,0dch
       01 DC
 7C00  06 00 03 38 00 0A      C  DB 006h,000h,003h,038h,000h,00ah,001h,08ch
       01 8C
 7C08  07 00 03 30 00 0A      C  DB 007h,000h,003h,030h,000h,00ah,003h,08eh
       03 8E
 7C10  03 00 03 60 00 0A      C  DB 003h,000h,003h,060h,000h,00ah,003h,00eh
       03 0E
 7C18  01 80 00 02 E0 00      C  DB 001h,080h,000h,002h,0e0h,000h,00ah,003h
       0A 03
 7C20  06 01 80 00 02 C0      C  DB 006h,001h,080h,000h,002h,0c0h,000h,00ah
       00 0A
 7C28  07 07 00 01 C0 00      C  DB 007h,007h,000h,001h,0c0h,000h,001h,001h
       01 01
 7C30  80 00 0A 06 07 00      C  DB 080h,000h,00ah,006h,007h,000h,001h,060h
       01 60
 7C38  00 01 01 80 00 0A      C  DB 000h,001h,001h,080h,000h,00ah,006h,003h
       06 03
 7C40  00 01 60 00 01 03      C  DB 000h,001h,060h,000h,001h,003h,000h,00bh
       00 0B
 7C48  0E 03 80 00 02 03      C  DB 00eh,003h,080h,000h,002h,003h,000h,00bh
       00 0B
 7C50  0C 01 80 00 02 06      C  DB 00ch,001h,080h,000h,002h,006h,000h,00bh
       00 0B
 7C58  1C 01 C0 00 02 06      C  DB 01ch,001h,0c0h,000h,002h,006h,000h,009h
       00 09
 7C60  7F FF FC 01 FF FF      C  DB 07fh,0ffh,0fch,001h,0ffh,0ffh,0f0h,00ch
       F0 0C
 7C68  00 09 FF FF F8 00      C  DB 000h,009h,0ffh,0ffh,0f8h,000h,001h,0ffh
       01 FF
 7C70  FF F8 0C 00 09 7F      C  DB 0ffh,0f8h,00ch,000h,009h,07fh,0ffh,0f8h
       FF F8
 7C78  00 01 FF FF F0 1C      C  DB 000h,001h,0ffh,0ffh,0f0h,01ch,000h,00eh
       00 0E
 7C80  01 E0 18 00 0C 1C      C  DB 001h,0e0h,018h,000h,00ch,01ch,000h,001h
       00 01
 7C88  03 C0 18 00 0C 78      C  DB 003h,0c0h,018h,000h,00ch,078h,000h,001h
       00 01
 7C90  07 80 30 00 08 80      C  DB 007h,080h,030h,000h,008h,080h,000h,001h
       00 01
 7C98  60 01 E0 00 01 0F      C  DB 060h,001h,0e0h,000h,001h,00fh,000h,001h
       00 01
 7CA0  30 00 02 3C 00 04      C  DB 030h,000h,002h,03ch,000h,004h,003h,0e0h
       03 E0
 7CA8  00 01 60 0F 00 02      C  DB 000h,001h,060h,00fh,000h,002h,01eh,000h
       1E 00
 7CB0  01 30 00 02 E6 00      C  DB 001h,030h,000h,002h,0e6h,000h,004h,006h
       04 06
 7CB8  70 20 E0 38 00 02      C  DB 070h,020h,0e0h,038h,000h,002h,03ch,000h
       3C 00
 7CC0  01 30 00 01 01 86      C  DB 001h,030h,000h,001h,001h,086h,000h,003h
       00 03
 7CC8  66 0C 60 E1 C0 E0      C  DB 066h,00ch,060h,0e1h,0c0h,0e0h,000h,002h
       00 02
 7CD0  78 00 01 60 00 01      C  DB 078h,000h,001h,060h,000h,001h,003h,004h
       03 04
 7CD8  00 03 4E 18 C3 C1      C  DB 000h,003h,04eh,018h,0c3h,0c1h,0c3h,080h
       C3 80
 7CE0  00 02 F0 00 01 60      C  DB 000h,002h,0f0h,000h,001h,060h,000h,001h
       00 01
 7CE8  06 0C 00 02 60 DE      C  DB 006h,00ch,000h,002h,060h,0deh,031h,08fh
       31 8F
 7CF0  C3 8E 00 02 01 E0      C  DB 0c3h,08eh,000h,002h,001h,0e0h,000h,001h
       00 01
 7CF8  60 00 01 0C 08 00      C  DB 060h,000h,001h,00ch,008h,000h,001h,001h
       01 01
 7D00  F0 F3 23 1D 87 B8      C  DB 0f0h,0f3h,023h,01dh,087h,0b8h,000h,002h
       00 02
 7D08  03 C0 00 01 60 00      C  DB 003h,0c0h,000h,001h,060h,000h,001h,018h
       01 18
 7D10  18 60 03 21 E1 E6      C  DB 018h,060h,003h,021h,0e1h,0e6h,0f1h,08dh
       F1 8D
 7D18  F3 80 00 01 07 80      C  DB 0f3h,080h,000h,001h,007h,080h,000h,001h
       00 01
 7D20  60 00 01 30 30 66      C  DB 060h,000h,001h,030h,030h,066h,006h,063h
       06 63
 7D28  C0 FD C1 19 C3 80      C  DB 0c0h,0fdh,0c1h,019h,0c3h,080h,000h,001h
       00 01
 7D30  07 00 02 C0 00 01      C  DB 007h,000h,002h,0c0h,000h,001h,060h,060h
       60 60
 7D38  CE 04 C6 C0 83 81      C  DB 0ceh,004h,0c6h,0c0h,083h,081h,033h,083h
       33 83
 7D40  00 02 03 00 02 C0      C  DB 000h,002h,003h,000h,002h,0c0h,000h,001h
       00 01
 7D48  40 C1 DE 0D 8D 80      C  DB 040h,0c1h,0deh,00dh,08dh,080h,0c7h,081h
       C7 81
 7D50  E7 07 00 02 03 80      C  DB 0e7h,007h,000h,002h,003h,080h,000h,001h
       00 01
 7D58  C0 00 01 C1 83 96      C  DB 0c0h,000h,001h,0c1h,083h,096h,00fh,019h
       0F 19
 7D60  80 7F 00 01 9E 07      C  DB 080h,07fh,000h,001h,09eh,007h,000h,002h
       00 02
 7D68  03 80 00 01 C0 00      C  DB 003h,080h,000h,001h,0c0h,000h,001h,087h
       01 87
 7D70  07 E6 0E 31 00 01      C  DB 007h,0e6h,00eh,031h,000h,001h,00dh,000h
       0D 00
 7D78  01 32 07 00 02 03      C  DB 001h,032h,007h,000h,002h,003h,080h,000h
       80 00
 7D80  01 C0 01 8C 0F C6      C  DB 001h,0c0h,001h,08ch,00fh,0c6h,03ch,0e3h
       3C E3
 7D88  00 01 1B 00 01 66      C  DB 000h,001h,01bh,000h,001h,066h,006h,000h
       06 00
 7D90  02 01 80 00 01 C0      C  DB 002h,001h,080h,000h,001h,0c0h,001h,038h
       01 38
 7D98  19 87 FF 80 00 01      C  DB 019h,087h,0ffh,080h,000h,001h,022h,000h
       22 00
 7DA0  01 C4 0E 00 01 78      C  DB 001h,0c4h,00eh,000h,001h,078h,001h,0c0h
       01 C0
 7DA8  00 02 03 E0 33 83      C  DB 000h,002h,003h,0e0h,033h,083h,0c2h,000h
       C2 00
 7DB0  02 66 01 8C 0E 01      C  DB 002h,066h,001h,08ch,00eh,001h,0feh,001h
       FE 01
 7DB8  C0 00 01 10 1F 80      C  DB 0c0h,000h,001h,010h,01fh,080h,063h,000h
       63 00
 7DC0  04 44 01 0C 0E 03      C  DB 004h,044h,001h,00ch,00eh,003h,0ffh,001h
       FF 01
 7DC8  C0 00 01 1F FE 01      C  DB 0c0h,000h,001h,01fh,0feh,001h,0c3h,000h
       C3 00
 7DD0  04 CC 03 08 1C 0F      C  DB 004h,0cch,003h,008h,01ch,00fh,087h,0c0h
       87 C0
 7DD8  E0 00 01 0F E2 03      C  DB 0e0h,000h,001h,00fh,0e2h,003h,002h,000h
       02 00
 7DE0  03 01 88 06 18 1C      C  DB 003h,001h,088h,006h,018h,01ch,01eh,001h
       1E 01
 7DE8  E0 E0 00 02 03 0E      C  DB 0e0h,0e0h,000h,002h,003h,00eh,000h,004h
       00 04
 7DF0  01 98 04 10 1C 7C      C  DB 001h,098h,004h,010h,01ch,07ch,000h,001h
       00 01
 7DF8  F8 E0 00 02 01 F8      C  DB 0f8h,0e0h,000h,002h,001h,0f8h,000h,004h
       00 04
 7E00  01 10 0C 30 18 F0      C  DB 001h,010h,00ch,030h,018h,0f0h,000h,001h
       00 01
 7E08  3C 60 00 03 60 00      C  DB 03ch,060h,000h,003h,060h,000h,004h,003h
       04 03
 7E10  30 08 20 3B E0 00      C  DB 030h,008h,020h,03bh,0e0h,000h,001h,01fh
       01 1F
 7E18  70 00 08 03 60 18      C  DB 070h,000h,008h,003h,060h,018h,060h,03fh
       60 3F
 7E20  80 00 01 07 F0 00      C  DB 080h,000h,001h,007h,0f0h,000h,008h,003h
       08 03
 7E28  C0 10 40 3F 00 02      C  DB 0c0h,010h,040h,03fh,000h,002h,003h,0f0h
       03 F0
 7E30  00 08 03 80 10 C0      C  DB 000h,008h,003h,080h,010h,0c0h,07ch,000h
       7C 00
 7E38  03 F8 00 0A 19 80      C  DB 003h,0f8h,000h,00ah,019h,080h,070h,000h
       70 00
 7E40  03 38 00 0A 0F 00      C  DB 003h,038h,000h,00ah,00fh,000h,03ah,03fh
       3A 3F
 7E48  FF FF FF FF FF FF      C  DB 0ffh,0ffh,0ffh,0ffh,0ffh,0ffh,0ffh,0ffh
       FF FF
 7E50  FF FF FF FF FF FF      C  DB 0ffh,0ffh,0ffh,0ffh,0ffh,0ffh,0ffh,0feh
       FF FE
 7E58  00 33 1F 78 40 78      C  DB 000h,033h,01fh,078h,040h,078h,0e4h,010h
       E4 10
 7E60  45 F7 39 10 79 E7      C  DB 045h,0f7h,039h,010h,079h,0e7h,0d1h,07dh
       D1 7D
 7E68  17 DF 78 10 44 40      C  DB 017h,0dfh,078h,010h,044h,040h,045h,014h
       45 14
 7E70  10 44 42 45 90 45      C  DB 010h,044h,042h,045h,090h,045h,014h,011h
       14 11
 7E78  41 91 10 44 10 44      C  DB 041h,091h,010h,044h,010h,044h,0e0h,045h
       E0 45
 7E80  14 10 44 42 45 90      C  DB 014h,010h,044h,042h,045h,090h,045h,014h
       45 14
 7E88  11 41 91 10 44 1E      C  DB 011h,041h,091h,010h,044h,01eh,078h,0a0h
       78 A0
 7E90  79 14 10 44 42 45      C  DB 079h,014h,010h,044h,042h,045h,050h,079h
       50 79
 7E98  E7 8A 79 51 1E 78      C  DB 0e7h,08ah,079h,051h,01eh,078h,010h,041h
       10 41
 7EA0  F0 41 14 10 44 42      C  DB 0f0h,041h,014h,010h,044h,042h,045h,030h
       45 30
 7EA8  41 44 0A 41 31 10      C  DB 041h,044h,00ah,041h,031h,010h,050h,010h
       50 10
 7EB0  41 10 41 14 10 44      C  DB 041h,010h,041h,014h,010h,044h,042h,045h
       42 45
 7EB8  30 41 24 04 41 31      C  DB 030h,041h,024h,004h,041h,031h,010h,048h
       10 48
 7EC0  1F 41 10 40 E7 DF      C  DB 01fh,041h,010h,040h,0e7h,0dfh,038h,047h
       38 47
 7EC8  39 10 41 17 C4 7D      C  DB 039h,010h,041h,017h,0c4h,07dh,011h,01fh
       11 1F
 7ED0  44 07 1F 1F 3F 3F      C  DB 044h,007h,01fh,01fh,03fh,03fh,07fh,07fh
       7F 7F
 7ED8  7F 3F 3F 1F 1F 07      C  DB 07fh,03fh,03fh,01fh,01fh,007h,080h,0e0h
       80 E0
 7EE0  E0 F0 F0 F8 F8 F8      C  DB 0e0h,0f0h,0f0h,0f8h,0f8h,0f8h,0f0h,0f0h
       F0 F0
 7EE8  E0 E0 80 00 0E 1D      C  DB 0e0h,0e0h,080h,000h,00eh,01dh,03dh,07bh
       3D 7B
 7EF0  FB 07 07 0F 0F 1E      C  DB 0fbh,007h,007h,00fh,00fh,01eh,018h,020h
       18 20
 7EF8  00 FF FF FF FF FF      C  DB 000h,0ffh,0ffh,0ffh,0ffh,0ffh,0ffh,0efh
       FF EF
 7F00  C7 03 03 03 01 00      C  DB 0c7h,003h,003h,003h,001h,000h,0e0h,0e0h
       E0 E0
 7F08  E0 C0 C0 C0 80 80      C  DB 0e0h,0c0h,0c0h,0c0h,080h,080h,080h,000h
       80 00
 7F10  00 00 00 00 AB 90      C  DB 000h,000h,000h,000h,0abh,090h,080h,014h
       80 14
 7F18  8F 14 AB 90 80 04      C  DB 08fh,014h,0abh,090h,080h,004h,08fh,004h
       8F 04
 7F20  A5 10 90 04 90 04      C  DB 0a5h,010h,090h,004h,090h,004h,096h,010h
       96 10
 7F28  40 04 50 04 98 50      C  DB 040h,004h,050h,004h,098h,050h,051h,004h
       51 04
 7F30  51 04 87 00 00 04      C  DB 051h,004h,087h,000h,000h,004h,01fh,004h
       1F 04
 7F38  88 00 20 04 2F 04      C  DB 088h,000h,020h,004h,02fh,004h,08ah,040h
       8A 40
 7F40  30 04 FF 04 94 58      C  DB 030h,004h,0ffh,004h,094h,058h,030h,015h
       30 15
 7F48  3F 15 06 00 00 00      C  DB 03fh,015h,006h,000h,000h,000h,0ffh,0ffh
       FF FF
 7F50  0A C0 0F 85 69 00      C  DB 00ah,0c0h,00fh,085h,069h,000h,08eh,0c4h
       8E C4
 7F58  2E 8B 0E A8 FE E3      C  DB 02eh,08bh,00eh,0a8h,0feh,0e3h,004h,0e7h
       04 E7
 7F60  E1 E2 FC B0 BD 32      C  DB 0e1h,0e2h,0fch,0b0h,0bdh,032h,0e4h,0bch
       E4 BC
 7F68  6D 7F E9 EB A5 6F      C  DB 06dh,07fh,0e9h,0ebh,0a5h,06fh,07fh,0b0h
       7F B0
 7F70  BF B4 07 BC 79 7F      C  DB 0bfh,0b4h,007h,0bch,079h,07fh,0e9h,0dfh
       E9 DF
 7F78  A5 7B 7F BE 14 7F      C  DB 0a5h,07bh,07fh,0beh,014h,07fh,02eh,08bh
       2E 8B
 7F80  04 2E 3B 54 02 72      C  DB 004h,02eh,03bh,054h,002h,072h,006h,02eh
       06 2E
 7F88  3B 54 04 76 05 83      C  DB 03bh,054h,004h,076h,005h,083h,0c6h,006h
       C6 06
 7F90  EB EC 8B D8 66 33      C  DB 0ebh,0ech,08bh,0d8h,066h,033h,0c0h,064h
       C0 64
 7F98  D6 66 3D 07 1B 6B      C  DB 0d6h,066h,03dh,007h,01bh,06bh,0abh,075h
       AB 75
 7FA0  03 BB B0 10 8A E3      C  DB 003h,0bbh,0b0h,010h,08ah,0e3h,0b0h,0bdh
       B0 BD
 7FA8  BC AE 7F E9 C6 A5      C  DB 0bch,0aeh,07fh,0e9h,0c6h,0a5h,0b0h,07fh
       B0 7F
 7FB0  8A E7 B0 BF BC BA      C  DB 08ah,0e7h,0b0h,0bfh,0bch,0bah,07fh,0e9h
       7F E9
 7FB8  BA A5 BC 7F 8C C4      C  DB 0bah,0a5h,0bch,07fh,08ch,0c4h,0c3h,0e8h
       C3 E8
 7FC0  B6 05 0A C0 74 04      C  DB 0b6h,005h,00ah,0c0h,074h,004h,080h,04eh
       80 4E
 7FC8  3D 01 F8 C3 8A 46      C  DB 03dh,001h,0f8h,0c3h,08ah,046h,03dh,024h
       3D 24
 7FD0  7E 90 90 24 7E 3C      C  DB 07eh,090h,090h,024h,07eh,03ch,016h,074h
       16 74
 7FD8  04 3C 18 75 34 B8      C  DB 004h,03ch,018h,075h,034h,0b8h,0c2h,0c2h
       C2 C2
 7FE0  E6 22 E4 23 0C 01      C  DB 0e6h,022h,0e4h,023h,00ch,001h,086h,0c4h
       86 C4
 7FE8  E6 22 86 C4 E6 23      C  DB 0e6h,022h,086h,0c4h,0e6h,023h,0dbh,0e3h
       DB E3
 7FF0  B8 5A 5A DF E0 3D      C  DB 0b8h,05ah,05ah,0dfh,0e0h,03dh,000h,000h
       00 00
 7FF8  B0 02 74 13 B8 C2      C  DB 0b0h,002h,074h,013h,0b8h,0c2h,0c2h,0e6h
       C2 E6
 8000  22 E4 23 24 FE 86      C  DB 022h,0e4h,023h,024h,0feh,086h,0c4h,0e6h
       C4 E6
 8008  22 86 C4 E6 23 32      C  DB 022h,086h,0c4h,0e6h,023h,032h,0c0h,0f8h
       C0 F8
 8010  C3 F9 C3 B0 BD E8      C  DB 0c3h,0f9h,0c3h,0b0h,0bdh,0e8h,072h,069h
       72 69
 8018  24 7E 90 90 3C 16      C  DB 024h,07eh,090h,090h,03ch,016h,074h,01ch
       74 1C
 8020  3C 18 74 18 3C 26      C  DB 03ch,018h,074h,018h,03ch,026h,074h,014h
       74 14
 8028  3C 24 74 10 3C 2C      C  DB 03ch,024h,074h,010h,03ch,02ch,074h,00ch
       74 0C
 8030  3C 2E 74 08 3C 36      C  DB 03ch,02eh,074h,008h,03ch,036h,074h,004h
       74 04
 8038  3C 38 75 58 B0 C3      C  DB 03ch,038h,075h,058h,0b0h,0c3h,0e6h,022h
       E6 22
 8040  32 C0 E6 23 0F 20      C  DB 032h,0c0h,0e6h,023h,00fh,020h,0c0h,066h
       C0 66
 8048  0D 00 00 00 40 0F      C  DB 00dh,000h,000h,000h,040h,00fh,022h,0c0h
       22 C0
 8050  0F 08 8C C8 8E D8      C  DB 00fh,008h,08ch,0c8h,08eh,0d8h,0beh,03ah
       BE 3A
 8058  A8 B9 0C 00 AD E6      C  DB 0a8h,0b9h,00ch,000h,0adh,0e6h,022h,086h
       22 86
 8060  E0 E6 23 E7 E1 E2      C  DB 0e0h,0e6h,023h,0e7h,0e1h,0e2h,0f5h,0b0h
       F5 B0
 8068  3D E8 1E 69 24 7E      C  DB 03dh,0e8h,01eh,069h,024h,07eh,090h,090h
       90 90
 8070  3C 16 74 1D 3C 18      C  DB 03ch,016h,074h,01dh,03ch,018h,074h,019h
       74 19
 8078  3C 24 74 15 3C 26      C  DB 03ch,024h,074h,015h,03ch,026h,074h,011h
       74 11
 8080  B8 C1 C1 E6 22 E4      C  DB 0b8h,0c1h,0c1h,0e6h,022h,0e4h,023h,024h
       23 24
 8088  EF 86 E0 E6 22 86      C  DB 0efh,086h,0e0h,0e6h,022h,086h,0e0h,0e6h
       E0 E6
 8090  23 E8 84 24 C3 B8      C  DB 023h,0e8h,084h,024h,0c3h,0b8h,000h,000h
       00 00
 8098  3B C0 9C 58 8B F0      C  DB 03bh,0c0h,09ch,058h,08bh,0f0h,0b8h,0ffh
       B8 FF
 80A0  FF BA 00 00 BB 04      C  DB 0ffh,0bah,000h,000h,0bbh,004h,000h,0f7h
       00 F7
 80A8  F3 9C 58 8B F8 B8      C  DB 0f3h,09ch,058h,08bh,0f8h,0b8h,0d5h,008h
       D5 08
 80B0  23 C6 BB D5 08 23      C  DB 023h,0c6h,0bbh,0d5h,008h,023h,0dfh,03bh
       DF 3B
 80B8  D8 74 29 B0 BD E6      C  DB 0d8h,074h,029h,0b0h,0bdh,0e6h,070h,0e7h
       70 E7
 80C0  E1 E4 71 E7 E1 24      C  DB 0e1h,0e4h,071h,0e7h,0e1h,024h,07eh,090h
       7E 90
 80C8  90 3C 16 74 0B 3C      C  DB 090h,03ch,016h,074h,00bh,03ch,018h,074h
       18 74
 80D0  07 3C 24 74 03 E9      C  DB 007h,03ch,024h,074h,003h,0e9h,0a3h,000h
       A3 00
 80D8  B0 BF B4 40 E8 95      C  DB 0b0h,0bfh,0b4h,040h,0e8h,095h,0a4h,0b4h
       A4 B4
 80E0  8B E9 83 00 B0 BD      C  DB 08bh,0e9h,083h,000h,0b0h,0bdh,0e8h,0a1h
       E8 A1
 80E8  68 8A E0 32 E4 24      C  DB 068h,08ah,0e0h,032h,0e4h,024h,07eh,090h
       7E 90
 80F0  90 3C 06 75 11 E8      C  DB 090h,03ch,006h,075h,011h,0e8h,087h,000h
       87 00
 80F8  72 07 B8 A8 50 86      C  DB 072h,007h,0b8h,0a8h,050h,086h,0e0h,0ebh
       E0 EB
 8100  66 80 CC 8C EB 20      C  DB 066h,080h,0cch,08ch,0ebh,020h,03ch,008h
       3C 08
 8108  74 19 3C 2A 74 04      C  DB 074h,019h,03ch,02ah,074h,004h,03ch,024h
       3C 24
 8110  75 69 B8 A5 10 86      C  DB 075h,069h,0b8h,0a5h,010h,086h,0e0h,0e8h
       E0 E8
 8118  65 00 72 4B B8 A7      C  DB 065h,000h,072h,04bh,0b8h,0a7h,050h,086h
       50 86
 8120  E0 EB 44 80 CC 8E      C  DB 0e0h,0ebh,044h,080h,0cch,08eh,066h,050h
       66 50
 8128  66 B8 00 02 00 00      C  DB 066h,0b8h,000h,002h,000h,000h,00fh,026h
       0F 26
 8130  E0 66 B8 01 00 00      C  DB 0e0h,066h,0b8h,001h,000h,000h,000h,00fh
       00 0F
 8138  26 E8 66 B8 02 00      C  DB 026h,0e8h,066h,0b8h,002h,000h,000h,000h
       00 00
 8140  0F 26 E8 0F 24 E0      C  DB 00fh,026h,0e8h,00fh,024h,0e0h,066h,025h
       66 25
 8148  00 02 00 00 66 3D      C  DB 000h,002h,000h,000h,066h,03dh,000h,002h
       00 02
 8150  00 00 66 58 74 11      C  DB 000h,000h,066h,058h,074h,011h,080h,0e4h
       80 E4
 8158  7E 90 80 FC 0E B8      C  DB 07eh,090h,080h,0fch,00eh,0b8h,0b6h,010h
       B6 10
 8160  75 03 B8 AC 10 86      C  DB 075h,003h,0b8h,0ach,010h,086h,0e0h,0b0h
       E0 B0
 8168  BD E8 2F 68 B4 BF      C  DB 0bdh,0e8h,02fh,068h,0b4h,0bfh,08ah,0c4h
       8A C4
 8170  E8 17 68 86 E0 80      C  DB 0e8h,017h,068h,086h,0e0h,080h,0cch,010h
       CC 10
 8178  E8 20 68 E8 95 FE      C  DB 0e8h,020h,068h,0e8h,095h,0feh,0c3h,050h
       C3 50
 8180  B0 BF E8 05 68 24      C  DB 0b0h,0bfh,0e8h,005h,068h,024h,03fh,08ah
       3F 8A
 8188  E0 B0 FE E6 22 E4      C  DB 0e0h,0b0h,0feh,0e6h,022h,0e4h,023h,03ch
       23 3C
 8190  1B 74 04 3C 02 75      C  DB 01bh,074h,004h,03ch,002h,075h,00bh,00dh
       0B 0D
 8198  00 50 B0 BF E8 FC      C  DB 000h,050h,0b0h,0bfh,0e8h,0fch,067h,058h
       67 58
 81A0  F8 C3 B0 BF E8 F4      C  DB 0f8h,0c3h,0b0h,0bfh,0e8h,0f4h,067h,058h
       67 58
 81A8  F9 C3 C3 C3 8A 46      C  DB 0f9h,0c3h,0c3h,0c3h,08ah,046h,03dh,024h
       3D 24
 81B0  7E 90 90 3C 4C 90      C  DB 07eh,090h,090h,03ch,04ch,090h,090h,0beh
       90 BE
 81B8  48 82 77 08 0F B6      C  DB 048h,082h,077h,008h,00fh,0b6h,0f0h,02eh
       F0 2E
 81C0  8B B4 D2 81 3C 0A      C  DB 08bh,0b4h,0d2h,081h,03ch,00ah,075h,009h
       75 09
 81C8  F6 46 3D 01 74 03      C  DB 0f6h,046h,03dh,001h,074h,003h,0beh,03fh
       BE 3F
 81D0  82 C3 1E 82 1E 82      C  DB 082h,0c3h,01eh,082h,01eh,082h,01eh,082h
       1E 82
 81D8  1E 82 26 82 36 82      C  DB 01eh,082h,026h,082h,036h,082h,048h,082h
       48 82
 81E0  48 82 50 82 50 82      C  DB 048h,082h,050h,082h,050h,082h,050h,082h
       50 82
 81E8  55 82 5C 82 64 82      C  DB 055h,082h,05ch,082h,064h,082h,064h,082h
       64 82
 81F0  64 82 64 82 65 82      C  DB 064h,082h,064h,082h,065h,082h,065h,082h
       65 82
 81F8  6D 82 76 82 76 82      C  DB 06dh,082h,076h,082h,076h,082h,07ah,082h
       7A 82
 8200  83 82 8D 82 94 82      C  DB 083h,082h,08dh,082h,094h,082h,09ch,082h
       9C 82
 8208  A1 82 AB 82 B6 82      C  DB 0a1h,082h,0abh,082h,0b6h,082h,0bfh,082h
       BF 82
 8210  C4 82 CD 82 D0 82      C  DB 0c4h,082h,0cdh,082h,0d0h,082h,0e2h,082h
       E2 82
 8218  F4 82 FC 82 03 83      C  DB 0f4h,082h,0fch,082h,003h,083h,038h,030h
       38 30
 8220  34 38 36 44 58 00      C  DB 034h,038h,036h,044h,058h,000h,038h,030h
       38 30
 8228  34 38 36 53 58 00      C  DB 034h,038h,036h,053h,058h,000h,038h,030h
       38 30
 8230  34 38 37 53 58 00      C  DB 034h,038h,037h,053h,058h,000h,038h,030h
       38 30
 8238  34 38 36 53 58 32      C  DB 034h,038h,036h,053h,058h,032h,000h,038h
       00 38
 8240  30 34 38 36 44 58      C  DB 030h,034h,038h,036h,044h,058h,032h,000h
       32 00
 8248  55 6E 6B 6E 6F 77      C  DB 055h,06eh,06bh,06eh,06fh,077h,06eh,000h
       6E 00
 8250  50 32 34 54 00 43      C  DB 050h,032h,034h,054h,000h,043h,078h,034h
       78 34
 8258  38 36 53 00 43 78      C  DB 038h,036h,053h,000h,043h,078h,034h,038h
       34 38
 8260  36 53 32 00 00 43      C  DB 036h,053h,032h,000h,000h,043h,078h,034h
       78 34
 8268  38 36 44 58 00 43      C  DB 038h,036h,044h,058h,000h,043h,078h,034h
       78 34
 8270  38 36 44 58 32 00      C  DB 038h,036h,044h,058h,032h,000h,044h,058h
       44 58
 8278  34 00 54 49 34 38      C  DB 034h,000h,054h,049h,034h,038h,036h,053h
       36 53
 8280  58 4C 00 54 49 34      C  DB 058h,04ch,000h,054h,049h,034h,038h,036h
       38 36
 8288  53 58 4C 32 00 55      C  DB 053h,058h,04ch,032h,000h,055h,034h,038h
       34 38
 8290  36 53 58 00 41 6D      C  DB 036h,053h,058h,000h,041h,06dh,034h,038h
       34 38
 8298  36 44 58 00 50 35      C  DB 036h,044h,058h,000h,050h,035h,034h,043h
       34 43
 82A0  00 54 49 34 38 36      C  DB 000h,054h,049h,034h,038h,036h,053h,058h
       53 58
 82A8  4C 43 00 54 49 34      C  DB 04ch,043h,000h,054h,049h,034h,038h,036h
       38 36
 82B0  53 58 4C 43 32 00      C  DB 053h,058h,04ch,043h,032h,000h,041h,06dh
       41 6D
 82B8  34 38 36 44 58 32      C  DB 034h,038h,036h,044h,058h,032h,000h,050h
       00 50
 82C0  32 34 44 00 41 6D      C  DB 032h,034h,044h,000h,041h,06dh,034h,038h
       34 38
 82C8  36 44 58 34 00 4D      C  DB 036h,044h,058h,034h,000h,04dh,031h,000h
       31 00
 82D0  45 6E 68 61 6E 63      C  DB 045h,06eh,068h,061h,06eh,063h,065h,064h
       65 64
 82D8  20 41 6D 34 38 36      C  DB 020h,041h,06dh,034h,038h,036h,044h,058h
       44 58
 82E0  32 00 45 6E 68 61      C  DB 032h,000h,045h,06eh,068h,061h,06eh,063h
       6E 63
 82E8  65 64 20 41 6D 34      C  DB 065h,064h,020h,041h,06dh,034h,038h,036h
       38 36
 82F0  44 58 34 00 55 34      C  DB 044h,058h,034h,000h,055h,034h,038h,036h
       38 36
 82F8  53 58 32 00 55 34      C  DB 053h,058h,032h,000h,055h,034h,038h,036h
       38 36
 8300  44 58 00 55 34 38      C  DB 044h,058h,000h,055h,034h,038h,036h,044h
       36 44
 8308  58 32 00 1E 66 60      C  DB 058h,032h,000h,01eh,066h,060h,0e8h,01eh
       E8 1E
 8310  01 75 03 E8 36 01      C  DB 001h,075h,003h,0e8h,036h,001h,066h,033h
       66 33
 8318  C0 8E D8 FF 36 18      C  DB 0c0h,08eh,0d8h,0ffh,036h,018h,000h,0c7h
       00 C7
 8320  06 18 00 26 84 0F      C  DB 006h,018h,000h,026h,084h,00fh,0a2h,066h
       A2 66
 8328  83 F8 01 75 3A 66      C  DB 083h,0f8h,001h,075h,03ah,066h,081h,0fbh
       81 FB
 8330  47 65 6E 75 75 31      C  DB 047h,065h,06eh,075h,075h,031h,066h,081h
       66 81
 8338  F9 6E 74 65 6C 75      C  DB 0f9h,06eh,074h,065h,06ch,075h,028h,066h
       28 66
 8340  81 FA 69 6E 65 49      C  DB 081h,0fah,069h,06eh,065h,049h,075h,01fh
       75 1F
 8348  E8 F2 00 66 B8 01      C  DB 0e8h,0f2h,000h,066h,0b8h,001h,000h,000h
       00 00
 8350  00 0F A2 24 F0 3D      C  DB 000h,00fh,0a2h,024h,0f0h,03dh,070h,004h
       70 04
 8358  75 0A B8 BD 58 86      C  DB 075h,00ah,0b8h,0bdh,058h,086h,0e0h,0b0h
       E0 B0
 8360  BD E8 37 66 E9 A7      C  DB 0bdh,0e8h,037h,066h,0e9h,0a7h,000h,066h
       00 66
 8368  83 F8 01 75 45 66      C  DB 083h,0f8h,001h,075h,045h,066h,081h,0fbh
       81 FB
 8370  41 75 74 68 75 3C      C  DB 041h,075h,074h,068h,075h,03ch,066h,081h
       66 81
 8378  F9 63 41 4D 44 75      C  DB 0f9h,063h,041h,04dh,044h,075h,033h,066h
       33 66
 8380  81 FA 65 6E 74 69      C  DB 081h,0fah,065h,06eh,074h,069h,075h,02ah
       75 2A
 8388  66 B8 01 00 00 00      C  DB 066h,0b8h,001h,000h,000h,000h,00fh,0a2h
       0F A2
 8390  BA C3 50 24 F0 3D      C  DB 0bah,0c3h,050h,024h,0f0h,03dh,030h,004h
       30 04
 8398  74 13 BA C3 58 3D      C  DB 074h,013h,0bah,0c3h,058h,03dh,070h,004h
       70 04
 83A0  74 0B BA C5 90 3D      C  DB 074h,00bh,0bah,0c5h,090h,03dh,080h,004h
       80 04
 83A8  74 03 BA C5 98 E8      C  DB 074h,003h,0bah,0c5h,098h,0e8h,0b5h,000h
       B5 00
 83B0  EB 5C 66 83 F8 01      C  DB 0ebh,05ch,066h,083h,0f8h,001h,075h,056h
       75 56
 83B8  66 81 FB 55 4D 43      C  DB 066h,081h,0fbh,055h,04dh,043h,020h,075h
       20 75
 83C0  4D 66 81 F9 55 4D      C  DB 04dh,066h,081h,0f9h,055h,04dh,043h,020h
       43 20
 83C8  75 44 66 81 FA 55      C  DB 075h,044h,066h,081h,0fah,055h,04dh,043h
       4D 43
 83D0  20 75 3B 66 B8 01      C  DB 020h,075h,03bh,066h,0b8h,001h,000h,000h
       00 00
 83D8  00 0F A2 66 0B DB      C  DB 000h,00fh,0a2h,066h,00bh,0dbh,075h,02eh
       75 2E
 83E0  66 0B C9 75 29 80      C  DB 066h,00bh,0c9h,075h,029h,080h,0e4h,00fh
       E4 0F
 83E8  80 FC 04 75 21 24      C  DB 080h,0fch,004h,075h,021h,024h,0f0h,0bah
       F0 BA
 83F0  B0 10 3C 20 74 15      C  DB 0b0h,010h,03ch,020h,074h,015h,0bah,0c6h
       BA C6
 83F8  50 3C 50 74 0E BA      C  DB 050h,03ch,050h,074h,00eh,0bah,0c9h,010h
       C9 10
 8400  3C 10 74 07 BA CB      C  DB 03ch,010h,074h,007h,0bah,0cbh,050h,03ch
       50 3C
 8408  30 75 03 E8 57 00      C  DB 030h,075h,003h,0e8h,057h,000h,0e8h,01eh
       E8 1E
 8410  00 75 0B E8 45 00      C  DB 000h,075h,00bh,0e8h,045h,000h,075h,006h
       75 06
 8418  BA BF 80 E8 47 00      C  DB 0bah,0bfh,080h,0e8h,047h,000h,08fh,006h
       8F 06
 8420  18 00 66 61 1F C3      C  DB 018h,000h,066h,061h,01fh,0c3h,055h,08bh
       55 8B
 8428  EC 83 46 02 02 5D      C  DB 0ech,083h,046h,002h,002h,05dh,0cfh,050h
       CF 50
 8430  B0 BD E8 55 65 24      C  DB 0b0h,0bdh,0e8h,055h,065h,024h,07eh,090h
       7E 90
 8438  90 3C 2A 58 C3 B4      C  DB 090h,03ch,02ah,058h,0c3h,0b4h,0bfh,08ah
       BF 8A
 8440  C4 E8 46 65 0C 10      C  DB 0c4h,0e8h,046h,065h,00ch,010h,086h,0e0h
       86 E0
 8448  E8 50 65 C3 B4 BF      C  DB 0e8h,050h,065h,0c3h,0b4h,0bfh,08ah,0c4h
       8A C4
 8450  E8 37 65 24 EF 86      C  DB 0e8h,037h,065h,024h,0efh,086h,0e0h,0e8h
       E0 E8
 8458  41 65 C3 50 B0 BF      C  DB 041h,065h,0c3h,050h,0b0h,0bfh,0e8h,029h
       E8 29
 8460  65 A8 10 58 C3 B0      C  DB 065h,0a8h,010h,058h,0c3h,0b0h,0bdh,08ah
       BD 8A
 8468  E2 E8 2F 65 B4 BF      C  DB 0e2h,0e8h,02fh,065h,0b4h,0bfh,08ah,0c4h
       8A C4
 8470  E8 17 65 24 07 0A      C  DB 0e8h,017h,065h,024h,007h,00ah,0c6h,086h
       C6 86
 8478  E0 E8 1F 65 C3 60      C  DB 0e0h,0e8h,01fh,065h,0c3h,060h,0b0h,0bdh
       B0 BD
 8480  E8 07 65 24 7E 90      C  DB 0e8h,007h,065h,024h,07eh,090h,090h,0bah
       90 BA
 8488  B3 10 3C 06 74 03      C  DB 0b3h,010h,03ch,006h,074h,003h,0bah,0bbh
       BA BB
 8490  50 E8 D1 FF 61 C3      C  DB 050h,0e8h,0d1h,0ffh,061h,0c3h,02eh,0f6h
       2E F6
 8498  06 EC FF 80 75 03      C  DB 006h,0ech,0ffh,080h,075h,003h,0ebh,05bh
       EB 5B
 84A0  90 33 C0 8E D8 FA      C  DB 090h,033h,0c0h,08eh,0d8h,0fah,0b0h,0adh
       B0 AD
 84A8  E6 64 E8 B7 45 E4      C  DB 0e6h,064h,0e8h,0b7h,045h,0e4h,060h,0e7h
       60 E7
 84B0  E1 B3 04 FE CB 74      C  DB 0e1h,0b3h,004h,0feh,0cbh,074h,037h,0e4h
       37 E4
 84B8  60 B0 D4 E6 64 E8      C  DB 060h,0b0h,0d4h,0e6h,064h,0e8h,0a4h,045h
       A4 45
 84C0  B0 FF E6 60 E8 9D      C  DB 0b0h,0ffh,0e6h,060h,0e8h,09dh,045h,0e8h
       45 E8
 84C8  90 00 0B C0 74 1A      C  DB 090h,000h,00bh,0c0h,074h,01ah,0e4h,060h
       E4 60
 84D0  3C FE 74 DF 3C FA      C  DB 03ch,0feh,074h,0dfh,03ch,0fah,075h,016h
       75 16
 84D8  E8 7F 00 0B C0 74      C  DB 0e8h,07fh,000h,00bh,0c0h,074h,009h,0e4h
       09 E4
 84E0  60 E8 76 00 E4 60      C  DB 060h,0e8h,076h,000h,0e4h,060h,0ebh,002h
       EB 02
 84E8  EB 04 F8 9C EB 02      C  DB 0ebh,004h,0f8h,09ch,0ebh,002h,0f9h,09ch
       F9 9C
 84F0  B0 AE E8 47 45 9D      C  DB 0b0h,0aeh,0e8h,047h,045h,09dh,072h,003h
       72 03
 84F8  E8 01 00 C3 B8 00      C  DB 0e8h,001h,000h,0c3h,0b8h,000h,000h,08eh
       00 8E
 8500  D8 80 26 10 04 FB      C  DB 0d8h,080h,026h,010h,004h,0fbh,0fah,0b0h
       FA B0
 8508  20 E8 30 45 E8 41      C  DB 020h,0e8h,030h,045h,0e8h,041h,045h,074h
       45 74
 8510  47 E4 60 0C 02 24      C  DB 047h,0e4h,060h,00ch,002h,024h,0dfh,050h
       DF 50
 8518  B0 60 E8 1F 45 58      C  DB 0b0h,060h,0e8h,01fh,045h,058h,075h,038h
       75 38
 8520  E6 60 80 0E 10 04      C  DB 0e6h,060h,080h,00eh,010h,004h,004h,083h
       04 83
 8528  0E 0E 04 00 75 15      C  DB 00eh,00eh,004h,000h,075h,015h,0a1h,013h
       A1 13
 8530  04 48 A3 13 04 C1      C  DB 004h,048h,0a3h,013h,004h,0c1h,0e0h,006h
       E0 06
 8538  A3 0E 04 8E C0 26      C  DB 0a3h,00eh,004h,08eh,0c0h,026h,0c6h,006h
       C6 06
 8540  00 00 01 8C C8 C7      C  DB 000h,000h,001h,08ch,0c8h,0c7h,006h,0d0h
       06 D0
 8548  01 D0 D8 A3 D2 01      C  DB 001h,0d0h,0d8h,0a3h,0d2h,001h,0e4h,0a1h
       E4 A1
 8550  24 EF E7 E1 E6 A1      C  DB 024h,0efh,0e7h,0e1h,0e6h,0a1h,0e7h,0e1h
       E7 E1
 8558  FB C3 B4 03 33 C9      C  DB 0fbh,0c3h,0b4h,003h,033h,0c9h,0e4h,064h
       E4 64
 8560  A8 01 75 02 EB 06      C  DB 0a8h,001h,075h,002h,0ebh,006h,0a8h,020h
       A8 20
 8568  75 0A E4 60 E7 E1      C  DB 075h,00ah,0e4h,060h,0e7h,0e1h,0e2h,0eeh
       E2 EE
 8570  FE CC 75 E8 C3 00      C  DB 0feh,0cch,075h,0e8h,0c3h,000h,000h,000h
       00 00
 8578  E8 41 21 72 01 C3      C  DB 0e8h,041h,021h,072h,001h,0c3h,0e8h,04bh
       E8 4B
 8580  FA 73 FA 1E 57 B8      C  DB 0fah,073h,0fah,01eh,057h,0b8h,000h,000h
       00 00
 8588  8E D8 8B 3E 72 04      C  DB 08eh,0d8h,08bh,03eh,072h,004h,0dbh,0e3h
       DB E3
 8590  50 B0 00 E6 F0 58      C  DB 050h,0b0h,000h,0e6h,0f0h,058h,0beh,072h
       BE 72
 8598  04 C7 04 5A 5A DD      C  DB 004h,0c7h,004h,05ah,05ah,0ddh,03ch,080h
       3C 80
 85A0  3C 00 75 26 D9 3C      C  DB 03ch,000h,075h,026h,0d9h,03ch,08bh,004h
       8B 04
 85A8  25 3F 10 3D 3F 00      C  DB 025h,03fh,010h,03dh,03fh,000h,075h,01ah
       75 1A
 85B0  D9 E8 D9 EE DE F9      C  DB 0d9h,0e8h,0d9h,0eeh,0deh,0f9h,0d9h,0c0h
       D9 C0
 85B8  D9 E0 DE D9 9B DF      C  DB 0d9h,0e0h,0deh,0d9h,09bh,0dfh,0e0h,09eh
       E0 9E
 85C0  74 04 B0 02 EB 06      C  DB 074h,004h,0b0h,002h,0ebh,006h,0b0h,001h
       B0 01
 85C8  EB 02 32 C0 89 3E      C  DB 0ebh,002h,032h,0c0h,089h,03eh,072h,004h
       72 04
 85D0  5F 1F C3 00 00 00      C  DB 05fh,01fh,0c3h,000h,000h,000h,000h,000h
       00 00
 85D8  00 00 00 00 00 00      C  DB 000h,000h,000h,000h,000h,000h,000h,000h
       00 00
 85E0  52 33 D2 8A D0 BE      C  DB 052h,033h,0d2h,08ah,0d0h,0beh,03ah,089h
       3A 89
 85E8  00 00 03 F2 2E 8A      C  DB 000h,000h,003h,0f2h,02eh,08ah,036h,0b2h
       36 B2
 85F0  01 BE 4C 89 00 00      C  DB 001h,0beh,04ch,089h,000h,000h,084h,0f2h
       84 F2
 85F8  74 18 52 8A 15 07      C  DB 074h,018h,052h,08ah,015h,007h,000h,000h
       00 00
 8600  00 8A 35 08 00 00      C  DB 000h,08ah,035h,008h,000h,000h,000h,056h
       00 56
 8608  2E 66 8B 36 FF D6      C  DB 02eh,066h,08bh,036h,0ffh,0d6h,05eh,05ah
       5E 5A
 8610  72 08 83 C6 02 D0      C  DB 072h,008h,083h,0c6h,002h,0d0h,0e2h,073h
       E2 73
 8618  DD F8 5A C3 66 9C      C  DB 0ddh,0f8h,05ah,0c3h,066h,09ch,0fah,03ch
       FA 3C
 8620  0F 77 56 56 1E 66      C  DB 00fh,077h,056h,056h,01eh,066h,08ch,0ceh
       8C CE
 8628  66 83 C6 10 66 8E      C  DB 066h,083h,0c6h,010h,066h,08eh,0deh,03ch
       DE 3C
 8630  06 F8 74 3D 3C 05      C  DB 006h,0f8h,074h,03dh,03ch,005h,075h,002h
       75 02
 8638  EB 5D 60 E8 C0 01      C  DB 0ebh,05dh,060h,0e8h,0c0h,001h,000h,000h
       00 00
 8640  61 80 25 08 00 00      C  DB 061h,080h,025h,008h,000h,000h,000h,0fbh
       00 FB
 8648  E8 93 FF FF FF 72      C  DB 0e8h,093h,0ffh,0ffh,0ffh,072h,012h,083h
       12 83
 8650  E0 0F BE 28 8A 00      C  DB 0e0h,00fh,0beh,028h,08ah,000h,000h,0d1h
       00 D1
 8658  E0 03 F0 2E 66 8B      C  DB 0e0h,003h,0f0h,02eh,066h,08bh,036h,056h
       36 56
 8660  C3 60 66 9C A0 04      C  DB 0c3h,060h,066h,09ch,0a0h,004h,000h,000h
       00 00
 8668  00 E8 D6 01 00 00      C  DB 000h,0e8h,0d6h,001h,000h,000h,066h,09dh
       66 9D
 8670  61 1F 5E 72 04 66      C  DB 061h,01fh,05eh,072h,004h,066h,09dh,0f8h
       9D F8
 8678  CB 66 9D F9 CB 80      C  DB 0cbh,066h,09dh,0f9h,0cbh,080h,025h,007h
       25 07
 8680  00 00 00 5F E8 66      C  DB 000h,000h,000h,05fh,0e8h,066h,001h,000h
       01 00
 8688  00 60 66 9C E8 0F      C  DB 000h,060h,066h,09ch,0e8h,00fh,002h,000h
       02 00
 8690  00 66 9D 61 F8 EB      C  DB 000h,066h,09dh,061h,0f8h,0ebh,0cah,080h
       CA 80
 8698  3D 06 00 00 00 01      C  DB 03dh,006h,000h,000h,000h,001h,074h,035h
       74 35
 86A0  80 3D 06 00 00 00      C  DB 080h,03dh,006h,000h,000h,000h,002h,074h
       02 74
 86A8  2C F6 05 0B 00 00      C  DB 02ch,0f6h,005h,00bh,000h,000h,000h,002h
       00 02
 86B0  74 23 60 66 9C E8      C  DB 074h,023h,060h,066h,09ch,0e8h,046h,001h
       46 01
 86B8  00 00 E8 E5 01 00      C  DB 000h,000h,0e8h,0e5h,001h,000h,000h,0c6h
       00 C6
 86C0  05 06 00 00 00 01      C  DB 005h,006h,000h,000h,000h,001h,080h,025h
       80 25
 86C8  0B 00 00 00 FD E8      C  DB 00bh,000h,000h,000h,0fdh,0e8h,072h,001h
       72 01
 86D0  00 00 66 9D 61 F8      C  DB 000h,000h,066h,09dh,061h,0f8h,0ebh,099h
       EB 99
 86D8  F8 EB FB E8 B9 04      C  DB 0f8h,0ebh,0fbh,0e8h,0b9h,004h,000h,000h
       00 00
 86E0  72 46 60 1E 06 0F      C  DB 072h,046h,060h,01eh,006h,00fh,0a0h,00fh
       A0 0F
 86E8  A8 F6 D1 20 0D 0A      C  DB 0a8h,0f6h,0d1h,020h,00dh,00ah,000h,000h
       00 00
 86F0  00 F6 D1 A0 09 00      C  DB 000h,0f6h,0d1h,0a0h,009h,000h,000h,000h
       00 00
 86F8  E8 BB 04 00 00 72      C  DB 0e8h,0bbh,004h,000h,000h,072h,01fh,0c6h
       1F C6
 8700  05 09 00 00 00 80      C  DB 005h,009h,000h,000h,000h,080h,080h,0f9h
       80 F9
 8708  02 75 0E E8 B0 01      C  DB 002h,075h,00eh,0e8h,0b0h,001h,000h,000h
       00 00
 8710  C6 05 09 00 00 00      C  DB 0c6h,005h,009h,000h,000h,000h,003h,0ebh
       03 EB
 8718  05 E8 B2 01 00 00      C  DB 005h,0e8h,0b2h,001h,000h,000h,00fh,0a9h
       0F A9
 8720  0F A1 07 1F 61 F8      C  DB 00fh,0a1h,007h,01fh,061h,0f8h,0ebh,0b1h
       EB B1
 8728  F9 EB AE E8 BF 00      C  DB 0f9h,0ebh,0aeh,0e8h,0bfh,000h,000h,000h
       00 00
 8730  66 52 8A 35 08 00      C  DB 066h,052h,08ah,035h,008h,000h,000h,000h
       00 00
 8738  E8 A1 04 00 00 88      C  DB 0e8h,0a1h,004h,000h,000h,088h,035h,008h
       35 08
 8740  00 00 00 66 5A EB      C  DB 000h,000h,000h,066h,05ah,0ebh,0e2h,0ebh
       E2 EB
 8748  E2 F8 EB F9 B1 FF      C  DB 0e2h,0f8h,0ebh,0f9h,0b1h,0ffh,0e8h,045h
       E8 45
 8750  01 00 00 F8 EB EF      C  DB 001h,000h,000h,0f8h,0ebh,0efh,066h,052h
       66 52
 8758  32 FF 8A 1D 09 00      C  DB 032h,0ffh,08ah,01dh,009h,000h,000h,000h
       00 00
 8760  8A 35 0A 00 00 00      C  DB 08ah,035h,00ah,000h,000h,000h,0beh,050h
       BE 50
 8768  8C 00 00 2E 3A 1E      C  DB 08ch,000h,000h,02eh,03ah,01eh,075h,006h
       75 06
 8770  2E 0A 76 01 EB 12      C  DB 02eh,00ah,076h,001h,0ebh,012h,083h,0c6h
       83 C6
 8778  02 81 FE 60 8C 00      C  DB 002h,081h,0feh,060h,08ch,000h,000h,072h
       00 72
 8780  EA B3 80 E8 1A 00      C  DB 0eah,0b3h,080h,0e8h,01ah,000h,000h,000h
       00 00
 8788  C6 05 09 00 00 00      C  DB 0c6h,005h,009h,000h,000h,000h,080h,088h
       80 88
 8790  35 0A 00 00 00 80      C  DB 035h,00ah,000h,000h,000h,080h,0fbh,080h
       FB 80
 8798  F8 75 03 F9 B4 80      C  DB 0f8h,075h,003h,0f9h,0b4h,080h,066h,05ah
       66 5A
 87A0  EB B2 66 60 E8 EF      C  DB 0ebh,0b2h,066h,060h,0e8h,0efh,000h,000h
       00 00
 87A8  00 80 FF 01 74 03      C  DB 000h,080h,0ffh,001h,074h,003h,080h,0fbh
       80 FB
 87B0  00 66 61 74 0A F6      C  DB 000h,066h,061h,074h,00ah,0f6h,0c6h,004h
       C6 04
 87B8  75 05 80 CE 04 B3      C  DB 075h,005h,080h,0ceh,004h,0b3h,005h,0c3h
       05 C3
 87C0  8A 0D 06 00 00 00      C  DB 08ah,00dh,006h,000h,000h,000h,0e8h,099h
       E8 99
 87C8  04 00 00 EB D3 E8      C  DB 004h,000h,000h,0ebh,0d3h,0e8h,09fh,004h
       9F 04
 87D0  00 00 EB F7 80 25      C  DB 000h,000h,0ebh,0f7h,080h,025h,008h,000h
       08 00
 87D8  00 00 FD 66 0B C9      C  DB 000h,000h,0fdh,066h,00bh,0c9h,074h,00ch
       74 0C
 87E0  80 0D 08 00 00 00      C  DB 080h,00dh,008h,000h,000h,000h,002h,0e8h
       02 E8
 87E8  03 00 00 00 F8 EB      C  DB 003h,000h,000h,000h,0f8h,0ebh,0e3h,0c6h
       E3 C6
 87F0  05 09 00 00 00 80      C  DB 005h,009h,000h,000h,000h,080h,0c6h,005h
       C6 05
 87F8  0A 00 00 00 00 C3      C  DB 00ah,000h,000h,000h,000h,0c3h,000h,000h
       00 00
 8800  66 51 66 50 66 9C      C  DB 066h,051h,066h,050h,066h,09ch,0e8h,07dh
       E8 7D
 8808  00 00 00 74 10 E4      C  DB 000h,000h,000h,074h,010h,0e4h,043h,066h
       43 66
 8810  E7 E1 66 50 B1 6C      C  DB 0e7h,0e1h,066h,050h,0b1h,06ch,0e8h,0e9h
       E8 E9
 8818  00 00 00 66 50 B1      C  DB 000h,000h,000h,066h,050h,0b1h,052h,0e8h
       52 E8
 8820  E0 00 00 00 24 BF      C  DB 0e0h,000h,000h,000h,024h,0bfh,0e8h,0e9h
       E8 E9
 8828  00 00 00 E8 58 00      C  DB 000h,000h,000h,0e8h,058h,000h,000h,000h
       00 00
 8830  74 0B 66 58 E6 70      C  DB 074h,00bh,066h,058h,0e6h,070h,066h,058h
       66 58
 8838  E6 22 66 E7 E1 66      C  DB 0e6h,022h,066h,0e7h,0e1h,066h,09dh,066h
       9D 66
 8840  58 66 59 C3 66 51      C  DB 058h,066h,059h,0c3h,066h,051h,066h,050h
       66 50
 8848  66 9C E8 39 00 00      C  DB 066h,09ch,0e8h,039h,000h,000h,000h,074h
       00 74
 8850  10 E4 43 66 E7 E1      C  DB 010h,0e4h,043h,066h,0e7h,0e1h,066h,050h
       66 50
 8858  B1 6C E8 A5 00 00      C  DB 0b1h,06ch,0e8h,0a5h,000h,000h,000h,066h
       00 66
 8860  50 B1 52 E8 9C 00      C  DB 050h,0b1h,052h,0e8h,09ch,000h,000h,000h
       00 00
 8868  0C 40 E8 A5 00 00      C  DB 00ch,040h,0e8h,0a5h,000h,000h,000h,0e8h
       00 E8
 8870  14 00 00 00 74 0B      C  DB 014h,000h,000h,000h,074h,00bh,066h,058h
       66 58
 8878  E6 70 66 58 E6 22      C  DB 0e6h,070h,066h,058h,0e6h,022h,066h,0e7h
       66 E7
 8880  E1 66 9D 66 58 66      C  DB 0e1h,066h,09dh,066h,058h,066h,059h,0c3h
       59 C3
 8888  66 50 E4 22 66 E7      C  DB 066h,050h,0e4h,022h,066h,0e7h,0e1h,024h
       E1 24
 8890  F0 3C 30 66 58 C3      C  DB 0f0h,03ch,030h,066h,058h,0c3h,087h,0dbh
       87 DB
 8898  66 BB FF 01 C3 87      C  DB 066h,0bbh,0ffh,001h,0c3h,087h,0dbh,090h
       DB 90
 88A0  C3 87 DB 90 80 3D      C  DB 0c3h,087h,0dbh,090h,080h,03dh,021h,000h
       21 00
 88A8  00 00 00 74 0E 80      C  DB 000h,000h,000h,074h,00eh,080h,03dh,021h
       3D 21
 88B0  00 00 00 03 73 05      C  DB 000h,000h,000h,003h,073h,005h,0e8h,019h
       E8 19
 88B8  00 00 00 C3 C3 87      C  DB 000h,000h,000h,0c3h,0c3h,087h,0dbh,090h
       DB 90
 88C0  80 3D 21 00 00 00      C  DB 080h,03dh,021h,000h,000h,000h,003h,075h
       03 75
 88C8  05 E8 06 00 00 00      C  DB 005h,0e8h,006h,000h,000h,000h,0c3h,090h
       C3 90
 88D0  C3 87 DB 90 60 66      C  DB 0c3h,087h,0dbh,090h,060h,066h,09ch,0fah
       9C FA
 88D8  B1 64 B0 A9 E8 33      C  DB 0b1h,064h,0b0h,0a9h,0e8h,033h,000h,000h
       00 00
 88E0  00 FE C1 32 C0 E8      C  DB 000h,0feh,0c1h,032h,0c0h,0e8h,02ah,000h
       2A 00
 88E8  00 00 B1 68 E8 13      C  DB 000h,000h,0b1h,068h,0e8h,013h,000h,000h
       00 00
 88F0  00 0C 02 E8 1C 00      C  DB 000h,00ch,002h,0e8h,01ch,000h,000h,000h
       00 00
 88F8  E6 A9 66 9D 61 87      C  DB 0e6h,0a9h,066h,09dh,061h,087h,0dbh,090h
       DB 90
 8900  C3 87 DB 90 8A C1      C  DB 0c3h,087h,0dbh,090h,08ah,0c1h,0e6h,022h
       E6 22
 8908  66 E7 E1 E4 23 66      C  DB 066h,0e7h,0e1h,0e4h,023h,066h,0e7h,0e1h
       E7 E1
 8910  C3 87 DB 90 80 F9      C  DB 0c3h,087h,0dbh,090h,080h,0f9h,0e0h,073h
       E0 73
 8918  0E 86 C8 E6 22 66      C  DB 00eh,086h,0c8h,0e6h,022h,066h,0e7h,0e1h
       E7 E1
 8920  86 C8 E6 23 66 E7      C  DB 086h,0c8h,0e6h,023h,066h,0e7h,0e1h,0c3h
       E1 C3
 8928  1E 06 1F 80 0E 07      C  DB 01eh,006h,01fh,080h,00eh,007h,000h,00fh
       00 0F
 8930  80 0E 08 00 03 E8      C  DB 080h,00eh,008h,000h,003h,0e8h,0b4h,003h
       B4 03
 8938  1F C3 01 01 01 01      C  DB 01fh,0c3h,001h,001h,001h,001h,009h,028h
       09 28
 8940  28 3A 7C 2C 02 28      C  DB 028h,03ah,07ch,02ch,002h,028h,012h,07ah
       12 7A
 8948  29 5A 87 DB 9F 8C      C  DB 029h,05ah,087h,0dbh,09fh,08ch,0b8h,08ch
       B8 8C
 8950  AE 8C 95 8C C6 8C      C  DB 0aeh,08ch,095h,08ch,0c6h,08ch,0d0h,08ch
       D0 8C
 8958  DA 8C 5C 89 F8 C3      C  DB 0dah,08ch,05ch,089h,0f8h,0c3h,052h,033h
       52 33
 8960  D2 8A D0 BE 3A 89      C  DB 0d2h,08ah,0d0h,0beh,03ah,089h,003h,0f2h
       03 F2
 8968  2E 8A 34 B2 01 BE      C  DB 02eh,08ah,034h,0b2h,001h,0beh,04ch,089h
       4C 89
 8970  84 F2 74 0F 52 8A      C  DB 084h,0f2h,074h,00fh,052h,08ah,016h,007h
       16 07
 8978  00 8A 36 08 00 2E      C  DB 000h,08ah,036h,008h,000h,02eh,0ffh,014h
       FF 14
 8980  5A 72 08 83 C6 02      C  DB 05ah,072h,008h,083h,0c6h,002h,0d0h,0e2h
       D0 E2
 8988  73 E6 F8 5A C3 9C      C  DB 073h,0e6h,0f8h,05ah,0c3h,09ch,0fah,056h
       FA 56
 8990  1E 50 E8 99 0F 8E      C  DB 01eh,050h,0e8h,099h,00fh,08eh,0d8h,058h
       D8 58
 8998  33 F6 E8 2A 00 1F      C  DB 033h,0f6h,0e8h,02ah,000h,01fh,05eh,072h
       5E 72
 89A0  05 9D F8 CA 02 00      C  DB 005h,09dh,0f8h,0cah,002h,000h,09dh,0f9h
       9D F9
 89A8  CA 02 00 90 9C FA      C  DB 0cah,002h,000h,090h,09ch,0fah,056h,01eh
       56 1E
 89B0  8C CE 83 C6 08 8E      C  DB 08ch,0ceh,083h,0c6h,008h,08eh,0deh,0beh
       DE BE
 89B8  04 00 E8 0A 00 1F      C  DB 004h,000h,0e8h,00ah,000h,01fh,05eh,072h
       5E 72
 89C0  03 9D F8 CB 9D F9      C  DB 003h,09dh,0f8h,0cbh,09dh,0f9h,0cbh,03ch
       CB 3C
 89C8  0F 90 90 76 02 F9      C  DB 00fh,090h,090h,076h,002h,0f9h,0c3h,03ch
       C3 3C
 89D0  06 75 02 F8 C3 3C      C  DB 006h,075h,002h,0f8h,0c3h,03ch,005h,075h
       05 75
 89D8  03 E9 4D 01 60 E8      C  DB 003h,0e9h,04dh,001h,060h,0e8h,04fh,008h
       4F 08
 89E0  61 83 26 08 00 FB      C  DB 061h,083h,026h,008h,000h,0fbh,009h,036h
       09 36
 89E8  08 00 E8 71 FF 72      C  DB 008h,000h,0e8h,071h,0ffh,072h,00eh,050h
       0E 50
 89F0  32 E4 D1 E0 BE 08      C  DB 032h,0e4h,0d1h,0e0h,0beh,008h,08ah,003h
       8A 03
 89F8  F0 58 2E FF 14 60      C  DB 0f0h,058h,02eh,0ffh,014h,060h,09ch,0a0h
       9C A0
 8A00  04 00 E8 58 08 9D      C  DB 004h,000h,0e8h,058h,008h,09dh,061h,0c3h
       61 C3
 8A08  48 8A 65 8A C8 8A      C  DB 048h,08ah,065h,08ah,0c8h,08ah,0e9h,08ah
       E9 8A
 8A10  0C 8B 29 8B 57 8B      C  DB 00ch,08bh,029h,08bh,057h,08bh,059h,08bh
       59 8B
 8A18  CD 8B F2 8B F4 8B      C  DB 0cdh,08bh,0f2h,08bh,0f4h,08bh,0fbh,08bh
       FB 8B
 8A20  60 8C 6D 8C 71 8C      C  DB 060h,08ch,06dh,08ch,071h,08ch,082h,08ch
       82 8C
 8A28  49 87 49 87 49 87      C  DB 049h,087h,049h,087h,049h,087h,049h,087h
       49 87
 8A30  7D 86 97 86 D8 86      C  DB 07dh,086h,097h,086h,0d8h,086h,0dbh,086h
       DB 86
 8A38  2B 87 49 87 4C 87      C  DB 02bh,087h,049h,087h,04ch,087h,056h,087h
       56 87
 8A40  C0 87 47 87 CD 87      C  DB 0c0h,087h,047h,087h,0cdh,087h,0d4h,087h
       D4 87
 8A48  F6 06 08 00 04 75      C  DB 0f6h,006h,008h,000h,004h,075h,012h,0f6h
       12 F6
 8A50  06 07 00 01 B4 86      C  DB 006h,007h,000h,001h,0b4h,086h,074h,00bh
       74 0B
 8A58  B8 01 01 BB 4D 50      C  DB 0b8h,001h,001h,0bbh,04dh,050h,0b9h,007h
       B9 07
 8A60  00 F8 C3 F9 C3 F6      C  DB 000h,0f8h,0c3h,0f9h,0c3h,0f6h,006h,008h
       06 08
 8A68  00 04 75 28 E8 39      C  DB 000h,004h,075h,028h,0e8h,039h,000h,072h
       00 72
 8A70  25 E8 24 00 72 20      C  DB 025h,0e8h,024h,000h,072h,020h,0e8h,03fh
       E8 3F
 8A78  00 72 1B 80 26 07      C  DB 000h,072h,01bh,080h,026h,007h,000h,00fh
       00 0F
 8A80  80 0E 07 00 80 80      C  DB 080h,00eh,007h,000h,080h,080h,00eh,008h
       0E 08
 8A88  00 03 E8 5F 02 60      C  DB 000h,003h,0e8h,05fh,002h,060h,09ch,0e8h
       9C E8
 8A90  0B 08 9D 61 F8 C3      C  DB 00bh,008h,09dh,061h,0f8h,0c3h,0f9h,0c3h
       F9 C3
 8A98  50 A0 07 00 24 C0      C  DB 050h,0a0h,007h,000h,024h,0c0h,03ch,0c0h
       3C C0
 8AA0  58 F8 75 03 B4 05      C  DB 058h,0f8h,075h,003h,0b4h,005h,0f9h,0c3h
       F9 C3
 8AA8  50 A0 07 00 24 A0      C  DB 050h,0a0h,007h,000h,024h,0a0h,03ch,0a0h
       3C A0
 8AB0  58 F8 75 03 B4 07      C  DB 058h,0f8h,075h,003h,0b4h,007h,0f9h,0c3h
       F9 C3
 8AB8  50 A0 07 00 24 80      C  DB 050h,0a0h,007h,000h,024h,080h,03ch,080h
       3C 80
 8AC0  58 F8 75 03 B4 02      C  DB 058h,0f8h,075h,003h,0b4h,002h,0f9h,0c3h
       F9 C3
 8AC8  F6 06 07 00 04 B4      C  DB 0f6h,006h,007h,000h,004h,0b4h,006h,074h
       06 74
 8AD0  16 E8 91 FF 72 11      C  DB 016h,0e8h,091h,0ffh,072h,011h,080h,00eh
       80 0E
 8AD8  07 00 40 8C C8 8C      C  DB 007h,000h,040h,08ch,0c8h,08ch,0d9h,0bbh
       D9 BB
 8AE0  AC 89 33 F6 33 FF      C  DB 0ach,089h,033h,0f6h,033h,0ffh,0c3h,0f9h
       C3 F9
 8AE8  C3 F6 06 07 00 08      C  DB 0c3h,0f6h,006h,007h,000h,008h,0b4h,008h
       B4 08
 8AF0  74 18 E8 70 FF 72      C  DB 074h,018h,0e8h,070h,0ffh,072h,013h,080h
       13 80
 8AF8  0E 07 00 20 8C C9      C  DB 00eh,007h,000h,020h,08ch,0c9h,066h,033h
       66 33
 8B00  DB BB 1C 86 8C C8      C  DB 0dbh,0bbh,01ch,086h,08ch,0c8h,08ch,0dah
       8C DA
 8B08  F8 C3 F9 C3 80 26      C  DB 0f8h,0c3h,0f9h,0c3h,080h,026h,007h,000h
       07 00
 8B10  7F F6 06 08 00 04      C  DB 07fh,0f6h,006h,008h,000h,004h,074h,005h
       74 05
 8B18  80 26 07 00 BF E8      C  DB 080h,026h,007h,000h,0bfh,0e8h,0cch,001h
       CC 01
 8B20  60 9C E8 79 07 9D      C  DB 060h,09ch,0e8h,079h,007h,09dh,061h,0f8h
       61 F8
 8B28  C3 80 3E 06 00 01      C  DB 0c3h,080h,03eh,006h,000h,001h,074h,025h
       74 25
 8B30  80 3E 06 00 02 74      C  DB 080h,03eh,006h,000h,002h,074h,01eh,0f6h
       1E F6
 8B38  06 0B 00 02 74 17      C  DB 006h,00bh,000h,002h,074h,017h,066h,060h
       66 60
 8B40  E8 EC 06 E8 59 07      C  DB 0e8h,0ech,006h,0e8h,059h,007h,0c6h,006h
       C6 06
 8B48  06 00 01 80 26 0B      C  DB 006h,000h,001h,080h,026h,00bh,000h,0fdh
       00 FD
 8B50  E8 0A 07 66 61 F8      C  DB 0e8h,00ah,007h,066h,061h,0f8h,0c3h,0f8h
       C3 F8
 8B58  C3 E8 3D 00 72 39      C  DB 0c3h,0e8h,03dh,000h,072h,039h,066h,060h
       66 60
 8B60  1E 06 0F A0 0F A8      C  DB 01eh,006h,00fh,0a0h,00fh,0a8h,0f6h,0d1h
       F6 D1
 8B68  20 0E 0A 00 F6 D1      C  DB 020h,00eh,00ah,000h,0f6h,0d1h,0a0h,009h
       A0 09
 8B70  00 E8 44 00 72 17      C  DB 000h,0e8h,044h,000h,072h,017h,0c6h,006h
       C6 06
 8B78  09 00 80 80 F9 02      C  DB 009h,000h,080h,080h,0f9h,002h,075h,00ah
       75 0A
 8B80  E8 2F 07 C6 06 09      C  DB 0e8h,02fh,007h,0c6h,006h,009h,000h,003h
       00 03
 8B88  EB 03 E8 30 07 0F      C  DB 0ebh,003h,0e8h,030h,007h,00fh,0a9h,00fh
       A9 0F
 8B90  A1 07 1F 66 61 F8      C  DB 0a1h,007h,01fh,066h,061h,0f8h,0c3h,0f9h
       C3 F9
 8B98  C3 0A ED 75 0A 80      C  DB 0c3h,00ah,0edh,075h,00ah,080h,0f9h,002h
       F9 02
 8BA0  74 14 80 F9 01 74      C  DB 074h,014h,080h,0f9h,001h,074h,00fh,0b4h
       0F B4
 8BA8  0A 0A ED 75 07 80      C  DB 00ah,00ah,0edh,075h,007h,080h,0f9h,005h
       F9 05
 8BB0  77 02 B4 60 F9 C3      C  DB 077h,002h,0b4h,060h,0f9h,0c3h,0f8h,0c3h
       F8 C3
 8BB8  3C 03 74 0D 3C 04      C  DB 03ch,003h,074h,00dh,03ch,004h,074h,009h
       74 09
 8BC0  80 F9 02 74 06 3C      C  DB 080h,0f9h,002h,074h,006h,03ch,00bh,075h
       0B 75
 8BC8  02 F9 C3 F8 C3 E8      C  DB 002h,0f9h,0c3h,0f8h,0c3h,0e8h,01ch,001h
       1C 01
 8BD0  52 8A 36 08 00 E8      C  DB 052h,08ah,036h,008h,000h,0e8h,006h,000h
       06 00
 8BD8  88 36 08 00 5A C3      C  DB 088h,036h,008h,000h,05ah,0c3h,00ah,0c9h
       0A C9
 8BE0  F8 75 09 F6 C6 01      C  DB 0f8h,075h,009h,0f6h,0c6h,001h,075h,004h
       75 04
 8BE8  B4 01 F9 C3 80 E6      C  DB 0b4h,001h,0f9h,0c3h,080h,0e6h,0feh,00ah
       FE 0A
 8BF0  F1 C3 F8 C3 B1 FF      C  DB 0f1h,0c3h,0f8h,0c3h,0b1h,0ffh,0e8h,0a0h
       E8 A0
 8BF8  06 F8 C3 52 32 FF      C  DB 006h,0f8h,0c3h,052h,032h,0ffh,08ah,01eh
       8A 1E
 8C00  09 00 8A 36 0A 00      C  DB 009h,000h,08ah,036h,00ah,000h,0beh,050h
       BE 50
 8C08  8C 2E 3A 1C 75 06      C  DB 08ch,02eh,03ah,01ch,075h,006h,02eh,00ah
       2E 0A
 8C10  74 01 EB 0E 83 C6      C  DB 074h,001h,0ebh,00eh,083h,0c6h,002h,081h
       02 81
 8C18  FE 60 8C 72 EC B3      C  DB 0feh,060h,08ch,072h,0ech,0b3h,080h,0e8h
       80 E8
 8C20  14 00 C6 06 09 00      C  DB 014h,000h,0c6h,006h,009h,000h,080h,088h
       80 88
 8C28  36 0A 00 80 FB 80      C  DB 036h,00ah,000h,080h,0fbh,080h,0f8h,075h
       F8 75
 8C30  03 F9 B4 80 5A C3      C  DB 003h,0f9h,0b4h,080h,05ah,0c3h,060h,0e8h
       60 E8
 8C38  5F 06 80 FF 01 74      C  DB 05fh,006h,080h,0ffh,001h,074h,003h,080h
       03 80
 8C40  FB 00 61 74 0A F6      C  DB 0fbh,000h,061h,074h,00ah,0f6h,0c6h,004h
       C6 04
 8C48  75 05 80 CE 04 B3      C  DB 075h,005h,080h,0ceh,004h,0b3h,005h,0c3h
       05 C3
 8C50  02 02 0A 02 01 01      C  DB 002h,002h,00ah,002h,001h,001h,009h,001h
       09 01
 8C58  07 00 03 00 04 00      C  DB 007h,000h,003h,000h,004h,000h,00bh,000h
       0B 00
 8C60  8A 0E 06 00 80 F9      C  DB 08ah,00eh,006h,000h,080h,0f9h,002h,072h
       02 72
 8C68  02 FE C9 F8 C3 E8      C  DB 002h,0feh,0c9h,0f8h,0c3h,0e8h,05dh,0ffh
       5D FF
 8C70  C3 80 FD 01 75 03      C  DB 0c3h,080h,0fdh,001h,075h,003h,080h,0f9h
       80 F9
 8C78  01 F9 75 05 8A E5      C  DB 001h,0f9h,075h,005h,08ah,0e5h,08ah,0c1h
       8A C1
 8C80  F8 C3 80 26 08 00      C  DB 0f8h,0c3h,080h,026h,008h,000h,0fdh,00bh
       FD 0B
 8C88  C9 74 08 80 0E 08      C  DB 0c9h,074h,008h,080h,00eh,008h,000h,002h
       00 02
 8C90  E8 59 00 F8 C3 F6      C  DB 0e8h,059h,000h,0f8h,0c3h,0f6h,0c2h,080h
       C2 80
 8C98  F8 75 03 B4 03 F9      C  DB 0f8h,075h,003h,0b4h,003h,0f9h,0c3h,080h
       C3 80
 8CA0  FF 00 75 06 80 FB      C  DB 0ffh,000h,075h,006h,080h,0fbh,000h,0f8h
       00 F8
 8CA8  74 03 B4 09 F9 C3      C  DB 074h,003h,0b4h,009h,0f9h,0c3h,080h,0ffh
       80 FF
 8CB0  FF 75 05 80 FB FF      C  DB 0ffh,075h,005h,080h,0fbh,0ffh,074h,00dh
       74 0D
 8CB8  80 FF 00 75 05 80      C  DB 080h,0ffh,000h,075h,005h,080h,0fbh,001h
       FB 01
 8CC0  74 03 B4 09 F9 C3      C  DB 074h,003h,0b4h,009h,0f9h,0c3h,0f6h,0c2h
       F6 C2
 8CC8  02 F8 75 03 B4 01      C  DB 002h,0f8h,075h,003h,0b4h,001h,0f9h,0c3h
       F9 C3
 8CD0  F6 C6 02 F8 75 03      C  DB 0f6h,0c6h,002h,0f8h,075h,003h,0b4h,00bh
       B4 0B
 8CD8  F9 C3 0A ED 75 0A      C  DB 0f9h,0c3h,00ah,0edh,075h,00ah,080h,0f9h
       80 F9
 8CE0  00 74 08 80 F9 01      C  DB 000h,074h,008h,080h,0f9h,001h,074h,003h
       74 03
 8CE8  B4 0A F9 C3 C6 06      C  DB 0b4h,00ah,0f9h,0c3h,0c6h,006h,009h,000h
       09 00
 8CF0  80 C6 06 0A 00 00      C  DB 080h,0c6h,006h,00ah,000h,000h,0c3h,0f6h
       C3 F6
 8CF8  06 07 00 80 74 09      C  DB 006h,007h,000h,080h,074h,009h,0f6h,006h
       F6 06
 8D00  08 00 80 74 02 F9      C  DB 008h,000h,080h,074h,002h,0f9h,0c3h,0f8h
       C3 F8
 8D08  C3 00 00 00 E9 BA      C  DB 0c3h,000h,000h,000h,0e9h,0bah,055h,060h
       55 60
 8D10  BE 86 68 E8 62 90      C  DB 0beh,086h,068h,0e8h,062h,090h,00ah,0c0h
       0A C0
 8D18  61 C3 32 C0 C3 E4      C  DB 061h,0c3h,032h,0c0h,0c3h,0e4h,022h,0e7h
       22 E7
 8D20  E1 24 F0 3C 60 75      C  DB 0e1h,024h,0f0h,03ch,060h,075h,062h,0e4h
       62 E4
 8D28  43 E7 E1 8A F8 B0      C  DB 043h,0e7h,0e1h,08ah,0f8h,0b0h,063h,0e6h
       63 E6
 8D30  22 E7 E1 E4 23 E7      C  DB 022h,0e7h,0e1h,0e4h,023h,0e7h,0e1h,024h
       E1 24
 8D38  F0 3C 80 75 4C B0      C  DB 0f0h,03ch,080h,075h,04ch,0b0h,069h,0e6h
       69 E6
 8D40  22 E7 E1 E4 23 E7      C  DB 022h,0e7h,0e1h,0e4h,023h,0e7h,0e1h,00ah
       E1 0A
 8D48  C0 8A C7 E6 22 E7      C  DB 0c0h,08ah,0c7h,0e6h,022h,0e7h,0e1h,074h
       E1 74
 8D50  38 B8 00 60 8E D0      C  DB 038h,0b8h,000h,060h,08eh,0d0h,0bch,000h
       BC 00
 8D58  E0 E8 3F 5F 74 03      C  DB 0e0h,0e8h,03fh,05fh,074h,003h,0e8h,01ch
       E8 1C
 8D60  F7 9C 9A 8C 94 00      C  DB 0f7h,09ch,09ah,08ch,094h,000h,0f0h,0b8h
       F0 B8
 8D68  00 60 8E C0 66 33      C  DB 000h,060h,08eh,0c0h,066h,033h,0ffh,026h
       FF 26
 8D70  66 81 26 2C 00 FF      C  DB 066h,081h,026h,02ch,000h,0ffh,0efh,0ffh
       EF FF
 8D78  FF 26 66 81 26 30      C  DB 0ffh,026h,066h,081h,026h,030h,000h,0ffh
       00 FF
 8D80  EF FF FF 0F 07 90      C  DB 0efh,0ffh,0ffh,00fh,007h,090h,090h,090h
       90 90
 8D88  F4 E9 81 50 BE 22      C  DB 0f4h,0e9h,081h,050h,0beh,022h,068h,0e8h
       68 E8
 8D90  E6 8F 8A C8 32 ED      C  DB 0e6h,08fh,08ah,0c8h,032h,0edh,0beh,0e1h
       BE E1
 8D98  67 D1 E1 49 03 F1      C  DB 067h,0d1h,0e1h,049h,003h,0f1h,02eh,08bh
       2E 8B
 8DA0  34 3C 01 74 04 0A      C  DB 034h,03ch,001h,074h,004h,00ah,0c0h,0f8h
       C0 F8
 8DA8  C3 0A C0 F9 C3 E8      C  DB 0c3h,00ah,0c0h,0f9h,0c3h,0e8h,02ah,000h
       2A 00
 8DB0  B1 52 E8 2E 0C 0C      C  DB 0b1h,052h,0e8h,02eh,00ch,00ch,040h,0e8h
       40 E8
 8DB8  34 0C B1 5B BB 02      C  DB 034h,00ch,0b1h,05bh,0bbh,002h,000h,0e8h
       00 E8
 8DC0  54 0C E8 CF 00 75      C  DB 054h,00ch,0e8h,0cfh,000h,075h,003h,0e8h
       03 E8
 8DC8  18 00 B1 68 32 C0      C  DB 018h,000h,0b1h,068h,032h,0c0h,0e8h,01dh
       E8 1D
 8DD0  0C B1 71 BB 3F 80      C  DB 00ch,0b1h,071h,0bbh,03fh,080h,0e8h,03dh
       E8 3D
 8DD8  0C C3 BE 78 9A 2E      C  DB 00ch,0c3h,0beh,078h,09ah,02eh,0c6h,004h
       C6 04
 8DE0  C3 C3 B1 C1 E8 FC      C  DB 0c3h,0c3h,0b1h,0c1h,0e8h,0fch,00bh,024h
       0B 24
 8DE8  FD E8 07 0C B1 C2      C  DB 0fdh,0e8h,007h,00ch,0b1h,0c2h,0e8h,0f2h
       E8 F2
 8DF0  0B 24 7F E8 FD 0B      C  DB 00bh,024h,07fh,0e8h,0fdh,00bh,0b1h,0ceh
       B1 CE
 8DF8  32 C0 E8 F6 0B FE      C  DB 032h,0c0h,0e8h,0f6h,00bh,0feh,0c1h,032h
       C1 32
 8E00  C0 E8 EF 0B C3 60      C  DB 0c0h,0e8h,0efh,00bh,0c3h,060h,0bfh,000h
       BF 00
 8E08  00 B9 2C 00 33 C0      C  DB 000h,0b9h,02ch,000h,033h,0c0h,0fch,0f3h
       FC F3
 8E10  AA 61 C3 60 B1 52      C  DB 0aah,061h,0c3h,060h,0b1h,052h,0e8h,0cah
       E8 CA
 8E18  0B 24 BF E8 D0 0B      C  DB 00bh,024h,0bfh,0e8h,0d0h,00bh,006h,0e8h
       06 E8
 8E20  0C 0B 8E C0 E8 DE      C  DB 00ch,00bh,08eh,0c0h,0e8h,0deh,0ffh,007h
       FF 07
 8E28  61 32 C0 C3 60 E8      C  DB 061h,032h,0c0h,0c3h,060h,0e8h,0dbh,00bh
       DB 0B
 8E30  75 27 B0 BF E8 EF      C  DB 075h,027h,0b0h,0bfh,0e8h,0efh,00bh,0a8h
       0B A8
 8E38  10 75 1E B1 5B BB      C  DB 010h,075h,01eh,0b1h,05bh,0bbh,00fh,0d0h
       0F D0
 8E40  E8 D3 0B B1 63 BB      C  DB 0e8h,0d3h,00bh,0b1h,063h,0bbh,01fh,080h
       1F 80
 8E48  E8 CB 0B E8 70 04      C  DB 0e8h,0cbh,00bh,0e8h,070h,004h,0e8h,0b4h
       E8 B4
 8E50  0A B1 63 BB 1F 00      C  DB 00ah,0b1h,063h,0bbh,01fh,000h,0e8h,0bdh
       E8 BD
 8E58  0B E8 A4 0B 74 08      C  DB 00bh,0e8h,0a4h,00bh,074h,008h,0b1h,05fh
       B1 5F
 8E60  BB F3 00 E8 B0 0B      C  DB 0bbh,0f3h,000h,0e8h,0b0h,00bh,0e8h,061h
       E8 61
 8E68  FF B0 BF E8 B8 0B      C  DB 0ffh,0b0h,0bfh,0e8h,0b8h,00bh,086h,0e0h
       86 E0
 8E70  E8 21 00 75 00 E8      C  DB 0e8h,021h,000h,075h,000h,0e8h,034h,000h
       34 00
 8E78  75 08 E8 8E 0B 74      C  DB 075h,008h,0e8h,08eh,00bh,074h,003h,080h
       03 80
 8E80  E4 EF 32 FF F6 C4      C  DB 0e4h,0efh,032h,0ffh,0f6h,0c4h,010h,074h
       10 74
 8E88  02 B7 01 B1 50 B3      C  DB 002h,0b7h,001h,0b1h,050h,0b3h,0feh,0e8h
       FE E8
 8E90  84 0B 61 C3 B0 BD      C  DB 084h,00bh,061h,0c3h,0b0h,0bdh,0e8h,08dh
       E8 8D
 8E98  0B 24 7E 90 90 3C      C  DB 00bh,024h,07eh,090h,090h,03ch,024h,074h
       24 74
 8EA0  0A 3C 26 74 06 3C      C  DB 00ah,03ch,026h,074h,006h,03ch,016h,074h
       16 74
 8EA8  02 3C 18 C3 E8 E5      C  DB 002h,03ch,018h,0c3h,0e8h,0e5h,0ffh,03ch
       FF 3C
 8EB0  32 74 06 3C 3A 74      C  DB 032h,074h,006h,03ch,03ah,074h,002h,03ch
       02 3C
 8EB8  30 C3 FC 0E 1F BB      C  DB 030h,0c3h,0fch,00eh,01fh,0bbh,000h,038h
       00 38
 8EC0  8E C3 B9 44 00 90      C  DB 08eh,0c3h,0b9h,044h,000h,090h,0beh,034h
       BE 34
 8EC8  9A 33 FF F3 A4 E8      C  DB 09ah,033h,0ffh,0f3h,0a4h,0e8h,0eeh,003h
       EE 03
 8ED0  FC BB 00 38 8E C3      C  DB 0fch,0bbh,000h,038h,08eh,0c3h,0b9h,044h
       B9 44
 8ED8  00 90 33 FF 32 C0      C  DB 000h,090h,033h,0ffh,032h,0c0h,0f3h,0aah
       F3 AA
 8EE0  C3 66 60 1E B0 00      C  DB 0c3h,066h,060h,01eh,0b0h,000h,0e8h,0a7h
       E8 A7
 8EE8  49 B1 72 E8 F5 0A      C  DB 049h,0b1h,072h,0e8h,0f5h,00ah,026h,0a2h
       26 A2
 8EF0  2A 00 24 BF E8 F7      C  DB 02ah,000h,024h,0bfh,0e8h,0f7h,00ah,0e8h
       0A E8
 8EF8  32 00 E8 D4 00 E8      C  DB 032h,000h,0e8h,0d4h,000h,0e8h,000h,00bh
       00 0B
 8F00  74 03 E8 5A 01 E8      C  DB 074h,003h,0e8h,05ah,001h,0e8h,0c0h,001h
       C0 01
 8F08  E8 F6 01 E8 13 02      C  DB 0e8h,0f6h,001h,0e8h,013h,002h,01fh,066h
       1F 66
 8F10  61 C3 E8 4C 0B B1      C  DB 061h,0c3h,0e8h,04ch,00bh,0b1h,0ceh,08ah
       CE 8A
 8F18  C6 C0 E8 04 E8 D4      C  DB 0c6h,0c0h,0e8h,004h,0e8h,0d4h,00ah,0b1h
       0A B1
 8F20  CF 8A C6 C0 E0 04      C  DB 0cfh,08ah,0c6h,0c0h,0e0h,004h,00ch,004h
       0C 04
 8F28  E8 C8 0A C3 1E 06      C  DB 0e8h,0c8h,00ah,0c3h,01eh,006h,0b1h,05bh
       B1 5B
 8F30  E8 B0 0A 8B D8 66      C  DB 0e8h,0b0h,00ah,08bh,0d8h,066h,0c1h,0e3h
       C1 E3
 8F38  10 B1 50 E8 A5 0A      C  DB 010h,0b1h,050h,0e8h,0a5h,00ah,0b7h,0d0h
       B7 D0
 8F40  A8 01 75 13 B7 C4      C  DB 0a8h,001h,075h,013h,0b7h,0c4h,0e8h,0b7h
       E8 B7
 8F48  0A 74 0C BE 3B 68      C  DB 00ah,074h,00ch,0beh,03bh,068h,0e8h,027h
       E8 27
 8F50  8E A8 01 75 02 B7      C  DB 08eh,0a8h,001h,075h,002h,0b7h,0c0h,0b1h
       C0 B1
 8F58  5B B3 0B E8 B8 0A      C  DB 05bh,0b3h,00bh,0e8h,0b8h,00ah,0e8h,0d1h
       E8 D1
 8F60  09 3C 03 74 0B E8      C  DB 009h,03ch,003h,074h,00bh,0e8h,0cah,009h
       CA 09
 8F68  73 03 E8 6D FE EB      C  DB 073h,003h,0e8h,06dh,0feh,0ebh,05fh,090h
       5F 90
 8F70  E8 67 FE E8 36 FF      C  DB 0e8h,067h,0feh,0e8h,036h,0ffh,075h,00ah
       75 0A
 8F78  B1 63 BB 1F 80 E8      C  DB 0b1h,063h,0bbh,01fh,080h,0e8h,096h,00ah
       96 0A
 8F80  EB 4C BB 0F D0 E8      C  DB 0ebh,04ch,0bbh,00fh,0d0h,0e8h,078h,00ah
       78 0A
 8F88  74 02 B7 10 B1 63      C  DB 074h,002h,0b7h,010h,0b1h,063h,0e8h,085h
       E8 85
 8F90  0A E8 CD 0A 8E C2      C  DB 00ah,0e8h,0cdh,00ah,08eh,0c2h,0fch,033h
       FC 33
 8F98  FF B9 00 40 66 33      C  DB 0ffh,0b9h,000h,040h,066h,033h,0c0h,0f3h
       C0 F3
 8FA0  66 AB 33 FF 0E 1F      C  DB 066h,0abh,033h,0ffh,00eh,01fh,0beh,0dch
       BE DC
 8FA8  92 B9 D6 01 90 F3      C  DB 092h,0b9h,0d6h,001h,090h,0f3h,066h,0a5h
       66 A5
 8FB0  BB EF 00 B1 63 E8      C  DB 0bbh,0efh,000h,0b1h,063h,0e8h,05eh,00ah
       5E 0A
 8FB8  E8 D9 FE 75 05 E8      C  DB 0e8h,0d9h,0feh,075h,005h,0e8h,052h,0ffh
       52 FF
 8FC0  EB 0C 66 C1 EB 10      C  DB 0ebh,00ch,066h,0c1h,0ebh,010h,0f6h,0c3h
       F6 C3
 8FC8  10 75 03 E8 EC FE      C  DB 010h,075h,003h,0e8h,0ech,0feh,007h,01fh
       07 1F
 8FD0  C3 BF 30 91 2E 8B      C  DB 0c3h,0bfh,030h,091h,02eh,08bh,035h,0e8h
       35 E8
 8FD8  9E 8D 32 E4 D1 E0      C  DB 09eh,08dh,032h,0e4h,0d1h,0e0h,02eh,08bh
       2E 8B
 8FE0  75 02 03 F0 2E 8B      C  DB 075h,002h,003h,0f0h,02eh,08bh,004h,02eh
       04 2E
 8FE8  8B 75 04 26 89 04      C  DB 08bh,075h,004h,026h,089h,004h,083h,0c7h
       83 C7
 8FF0  06 81 FF 42 91 72      C  DB 006h,081h,0ffh,042h,091h,072h,0ddh,0beh
       DD BE
 8FF8  1B 5F BF 1D 00 B9      C  DB 01bh,05fh,0bfh,01dh,000h,0b9h,004h,000h
       04 00
 9000  2E 8B 44 05 26 88      C  DB 02eh,08bh,044h,005h,026h,088h,005h,083h
       05 83
 9008  F9 04 73 0A 80 E4      C  DB 0f9h,004h,073h,00ah,080h,0e4h,048h,0d2h
       48 D2
 9010  EC 26 08 26 25 00      C  DB 0ech,026h,008h,026h,025h,000h,083h,0c6h
       83 C6
 9018  07 47 E2 E4 BE 6D      C  DB 007h,047h,0e2h,0e4h,0beh,06dh,068h,0e8h
       68 E8
 9020  56 8D 26 A2 23 00      C  DB 056h,08dh,026h,0a2h,023h,000h,0b0h,0bdh
       B0 BD
 9028  E8 FB 09 24 7E 90      C  DB 0e8h,0fbh,009h,024h,07eh,090h,090h,026h
       90 26
 9030  A2 27 00 BE 9F 68      C  DB 0a2h,027h,000h,0beh,09fh,068h,0e8h,03fh
       E8 3F
 9038  8D 26 A2 24 00 B1      C  DB 08dh,026h,0a2h,024h,000h,0b1h,060h,0e8h
       60 E8
 9040  A1 09 26 A2 26 00      C  DB 0a1h,009h,026h,0a2h,026h,000h,0e8h,0e9h
       E8 E9
 9048  08 72 13 E8 93 01      C  DB 008h,072h,013h,0e8h,093h,001h,0e8h,027h
       E8 27
 9050  8D 26 A2 28 00 3C      C  DB 08dh,026h,0a2h,028h,000h,03ch,010h,075h
       10 75
 9058  05 32 C0 E8 17 EA      C  DB 005h,032h,0c0h,0e8h,017h,0eah,0c3h,0e8h
       C3 E8
 9060  D0 08 73 63 BE 03      C  DB 0d0h,008h,073h,063h,0beh,003h,069h,0e8h
       69 E8
 9068  0E 8D BE 62 91 32      C  DB 00eh,08dh,0beh,062h,091h,032h,0e4h,003h
       E4 03
 9070  F0 2E 8A 04 8B D0      C  DB 0f0h,02eh,08ah,004h,08bh,0d0h,0b1h,06dh
       B1 6D
 9078  8A C2 E8 71 09 FE      C  DB 08ah,0c2h,0e8h,071h,009h,0feh,0c1h,08ah
       C1 8A
 9080  C6 E8 6A 09 BE 35      C  DB 0c6h,0e8h,06ah,009h,0beh,035h,069h,0e8h
       69 E8
 9088  EE 8C BE 62 91 32      C  DB 0eeh,08ch,0beh,062h,091h,032h,0e4h,003h
       E4 03
 9090  F0 2E 8A 2C 0A ED      C  DB 0f0h,02eh,08ah,02ch,00ah,0edh,074h,002h
       74 02
 9098  02 EA 8A C5 B1 74      C  DB 002h,0eah,08ah,0c5h,0b1h,074h,0e8h,04dh
       E8 4D
 90A0  09 32 DB 0B D2 74      C  DB 009h,032h,0dbh,00bh,0d2h,074h,003h,080h
       03 80
 90A8  CB 01 0A ED 74 03      C  DB 0cbh,001h,00ah,0edh,074h,003h,080h,0cbh
       80 CB
 90B0  80 B1 68 8A C3 E8      C  DB 080h,0b1h,068h,08ah,0c3h,0e8h,036h,009h
       36 09
 90B8  B1 72 BB BF 40 E8      C  DB 0b1h,072h,0bbh,0bfh,040h,0e8h,056h,009h
       56 09
 90C0  B1 6A B0 FF E8 27      C  DB 0b1h,06ah,0b0h,0ffh,0e8h,027h,009h,0c3h
       09 C3
 90C8  B3 3F BE 54 68 E8      C  DB 0b3h,03fh,0beh,054h,068h,0e8h,0a8h,08ch
       A8 8C
 90D0  8A F8 C0 E7 06 B1      C  DB 08ah,0f8h,0c0h,0e7h,006h,0b1h,071h,0e8h
       71 E8
 90D8  3C 09 0A FF 74 22      C  DB 03ch,009h,00ah,0ffh,074h,022h,080h,0ffh
       80 FF
 90E0  80 75 08 B1 57 BB      C  DB 080h,075h,008h,0b1h,057h,0bbh,0efh,010h
       EF 10
 90E8  E8 2B 09 B1 69 32      C  DB 0e8h,02bh,009h,0b1h,069h,032h,0c0h,0e8h
       C0 E8
 90F0  FC 08 B1 68 BB FB      C  DB 0fch,008h,0b1h,068h,0bbh,0fbh,004h,0e8h
       04 E8
 90F8  1C 09 26 C6 06 2B      C  DB 01ch,009h,026h,0c6h,006h,02bh,000h,004h
       00 04
 9100  C3 E4 A1 8A E0 E4      C  DB 0c3h,0e4h,0a1h,08ah,0e0h,0e4h,021h,050h
       21 50
 9108  32 C0 E6 21 EB 00      C  DB 032h,0c0h,0e6h,021h,0ebh,000h,0ebh,000h
       EB 00
 9110  E6 A1 FB 33 C9 E2      C  DB 0e6h,0a1h,0fbh,033h,0c9h,0e2h,0feh,0e2h
       FE E2
 9118  FE 58 E6 21 86 E0      C  DB 0feh,058h,0e6h,021h,086h,0e0h,0e6h,0a1h
       E6 A1
 9120  C3 E8 0E 08 72 09      C  DB 0c3h,0e8h,00eh,008h,072h,009h,026h,0c6h
       26 C6
 9128  06 21 00 04 E8 8F      C  DB 006h,021h,000h,004h,0e8h,08fh,001h,0c3h
       01 C3
 9130  EA 68 42 91 17 00      C  DB 0eah,068h,042h,091h,017h,000h,01ch,069h
       1C 69
 9138  42 91 19 00 4E 69      C  DB 042h,091h,019h,000h,04eh,069h,042h,091h
       42 91
 9140  1B 00 00 00 02 00      C  DB 01bh,000h,000h,000h,002h,000h,003h,000h
       03 00
 9148  04 00 05 00 07 00      C  DB 004h,000h,005h,000h,007h,000h,014h,000h
       14 00
 9150  21 00 2E 00 41 00      C  DB 021h,000h,02eh,000h,041h,000h,061h,000h
       61 00
 9158  C1 00 21 01 81 01      C  DB 0c1h,000h,021h,001h,081h,001h,001h,003h
       01 03
 9160  81 04 00 02 03 04      C  DB 081h,004h,000h,002h,003h,004h,005h,006h
       05 06
 9168  07 0E 14 1B 21 27      C  DB 007h,00eh,014h,01bh,021h,027h,02eh,034h
       2E 34
 9170  3B 41 1E 06 60 E8      C  DB 03bh,041h,01eh,006h,060h,0e8h,014h,0fch
       14 FC
 9178  72 48 E8 B2 00 E8      C  DB 072h,048h,0e8h,0b2h,000h,0e8h,0aeh,007h
       AE 07
 9180  8E C0 E8 AD 07 73      C  DB 08eh,0c0h,0e8h,0adh,007h,073h,035h,0b1h
       35 B1
 9188  5B BB FF 20 E8 87      C  DB 05bh,0bbh,0ffh,020h,0e8h,087h,008h,0e8h
       08 E8
 9190  6E 08 75 0D B1 6A      C  DB 06eh,008h,075h,00dh,0b1h,06ah,0b0h,0ffh
       B0 FF
 9198  E8 53 08 E8 C1 FE      C  DB 0e8h,053h,008h,0e8h,0c1h,0feh,0e8h,027h
       E8 27
 91A0  FF BE 29 5F 2E 8A      C  DB 0ffh,0beh,029h,05fh,02eh,08ah,044h,005h
       44 05
 91A8  C0 E0 04 83 EE 07      C  DB 0c0h,0e0h,004h,083h,0eeh,007h,02eh,08ah
       2E 8A
 91B0  64 05 80 E4 0F 0A      C  DB 064h,005h,080h,0e4h,00fh,00ah,0c4h,0b1h
       C4 B1
 91B8  6A E8 32 08 E8 46      C  DB 06ah,0e8h,032h,008h,0e8h,046h,007h,0e8h
       07 E8
 91C0  9B 00 B8 02 12 B3      C  DB 09bh,000h,0b8h,002h,012h,0b3h,030h,0cdh
       30 CD
 91C8  10 33 C9 E7 E1 E2      C  DB 010h,033h,0c9h,0e7h,0e1h,0e2h,0fch,0e8h
       FC E8
 91D0  DA FC 75 08 B1 50      C  DB 0dah,0fch,075h,008h,0b1h,050h,0bbh,0feh
       BB FE
 91D8  00 E8 3A 08 61 07      C  DB 000h,0e8h,03ah,008h,061h,007h,01fh,0c3h
       1F C3
 91E0  C3 BE D1 68 F8 C3      C  DB 0c3h,0beh,0d1h,068h,0f8h,0c3h,051h,0e8h
       51 E8
 91E8  48 07 72 40 3C 03      C  DB 048h,007h,072h,040h,03ch,003h,074h,03ch
       74 3C
 91F0  B1 5B E8 EE 07 24      C  DB 0b1h,05bh,0e8h,0eeh,007h,024h,018h,050h
       18 50
 91F8  53 B1 67 B7 10 0A      C  DB 053h,0b1h,067h,0b7h,010h,00ah,0c0h,074h
       C0 74
 9200  02 B7 80 B3 FF E8      C  DB 002h,0b7h,080h,0b3h,0ffh,0e8h,00eh,008h
       0E 08
 9208  5B 58 0A C0 B8 00      C  DB 05bh,058h,00ah,0c0h,0b8h,000h,0f0h,0beh
       F0 BE
 9210  8C 94 75 15 89 36      C  DB 08ch,094h,075h,015h,089h,036h,0d0h,001h
       D0 01
 9218  A3 D2 01 50 E4 A1      C  DB 0a3h,0d2h,001h,050h,0e4h,0a1h,0e7h,0e1h
       E7 E1
 9220  24 EF E6 A1 E7 E1      C  DB 024h,0efh,0e6h,0a1h,0e7h,0e1h,058h,0ebh
       58 EB
 9228  03 59 F8 C3 59 F9      C  DB 003h,059h,0f8h,0c3h,059h,0f9h,0c3h,051h
       C3 51
 9230  50 9C E8 CB 07 74      C  DB 050h,09ch,0e8h,0cbh,007h,074h,00bh,0e4h
       0B E4
 9238  43 E7 E1 50 B1 6C      C  DB 043h,0e7h,0e1h,050h,0b1h,06ch,0e8h,0a2h
       E8 A2
 9240  07 50 B1 52 E8 9C      C  DB 007h,050h,0b1h,052h,0e8h,09ch,007h,024h
       07 24
 9248  BF E8 A2 07 E8 B1      C  DB 0bfh,0e8h,0a2h,007h,0e8h,0b1h,007h,074h
       07 74
 9250  08 58 E6 70 58 E6      C  DB 008h,058h,0e6h,070h,058h,0e6h,022h,0e7h
       22 E7
 9258  E1 9D 58 59 C3 51      C  DB 0e1h,09dh,058h,059h,0c3h,051h,050h,09ch
       50 9C
 9260  E8 9D 07 74 0B E4      C  DB 0e8h,09dh,007h,074h,00bh,0e4h,043h,0e7h
       43 E7
 9268  E1 50 B1 6C E8 74      C  DB 0e1h,050h,0b1h,06ch,0e8h,074h,007h,050h
       07 50
 9270  B1 52 E8 6E 07 0C      C  DB 0b1h,052h,0e8h,06eh,007h,00ch,040h,0e8h
       40 E8
 9278  74 07 E8 83 07 74      C  DB 074h,007h,0e8h,083h,007h,074h,008h,058h
       08 58
 9280  E6 70 58 E6 22 E7      C  DB 0e6h,070h,058h,0e6h,022h,0e7h,0e1h,09dh
       E1 9D
 9288  58 59 C3 B8 00 00      C  DB 058h,059h,0c3h,0b8h,000h,000h,08eh,0d8h
       8E D8
 9290  8E 16 69 04 8B 26      C  DB 08eh,016h,069h,004h,08bh,026h,067h,004h
       67 04
 9298  CF BB FF 01 C3 C3      C  DB 0cfh,0bbh,0ffh,001h,0c3h,0c3h,0c3h,080h
       C3 80
 92A0  3E 21 00 00 74 0A      C  DB 03eh,021h,000h,000h,074h,00ah,080h,03eh
       80 3E
 92A8  21 00 03 73 03 E8      C  DB 021h,000h,003h,073h,003h,0e8h,00eh,000h
       0E 00
 92B0  C3 C3 80 3E 21 00      C  DB 0c3h,0c3h,080h,03eh,021h,000h,003h,075h
       03 75
 92B8  03 E8 02 00 C3 C3      C  DB 003h,0e8h,002h,000h,0c3h,0c3h,060h,09ch
       60 9C
 92C0  FA B1 64 B0 A9 E8      C  DB 0fah,0b1h,064h,0b0h,0a9h,0e8h,026h,007h
       26 07
 92C8  FE C1 32 C0 E8 1F      C  DB 0feh,0c1h,032h,0c0h,0e8h,01fh,007h,0b1h
       07 B1
 92D0  68 BB FF 02 E8 3F      C  DB 068h,0bbh,0ffh,002h,0e8h,03fh,007h,0e6h
       07 E6
 92D8  A9 9D 61 C3 E9 97      C  DB 0a9h,09dh,061h,0c3h,0e9h,097h,000h,090h
       00 90
 92E0  00 00 00 00 00 00      C  DB 000h,000h,000h,000h,000h,000h,000h,000h
       00 00
 92E8  00 00 00 00 00 00      C  DB 000h,000h,000h,000h,000h,000h,000h,000h
       00 00
 92F0  00 00 00 00 00 00      C  DB 000h,000h,000h,000h,000h,000h,000h,000h
       00 00
 92F8  00 00 00 00 00 00      C  DB 000h,000h,000h,000h,000h,000h,0ffh,0ffh
       FF FF
 9300  00 00 00 92 80 00      C  DB 000h,000h,000h,092h,080h,000h,0ffh,0ffh
       FF FF
 9308  00 00 00 9A 80 00      C  DB 000h,000h,000h,09ah,080h,000h,000h,000h
       00 00
 9310  00 00 00 00 00 00      C  DB 000h,000h,000h,000h,000h,000h,000h,000h
       00 00
 9318  00 00 00 00 00 00      C  DB 000h,000h,000h,000h,000h,000h,000h,000h
       00 00
 9320  00 00 00 00 00 00      C  DB 000h,000h,000h,000h,000h,000h,000h,000h
       00 00
 9328  00 00 00 00 00 00      C  DB 000h,000h,000h,000h,000h,000h,000h,000h
       00 00
 9330  00 00 00 00 00 00      C  DB 000h,000h,000h,000h,000h,000h,000h,000h
       00 00
 9338  00 00 00 00 00 00      C  DB 000h,000h,000h,000h,000h,000h,000h,000h
       00 00
 9340  00 00 00 00 00 00      C  DB 000h,000h,000h,000h,000h,000h,000h,000h
       00 00
 9348  00 00 00 00 00 00      C  DB 000h,000h,000h,000h,000h,000h,000h,000h
       00 00
 9350  00 00 00 00 FF FF      C  DB 000h,000h,000h,000h,0ffh,0ffh,000h,000h
       00 00
 9358  00 92 8F 00 00 00      C  DB 000h,092h,08fh,000h,000h,000h,000h,000h
       00 00
 9360  00 00 00 00 17 00      C  DB 000h,000h,000h,000h,017h,000h,000h,000h
       00 00
 9368  00 00 00 00 00 00      C  DB 000h,000h,000h,000h,000h,000h,000h,000h
       00 00
 9370  FF 03 00 00 00 00      C  DB 0ffh,003h,000h,000h,000h,000h,02eh,066h
       2E 66
 9378  A3 0A 00 E4 22 EB      C  DB 0a3h,00ah,000h,0e4h,022h,0ebh,000h,0ebh
       00 EB
 9380  00 24 03 3C 01 0F      C  DB 000h,024h,003h,03ch,001h,00fh,085h,092h
       85 92
 9388  00 2E 66 89 26 06      C  DB 000h,02eh,066h,089h,026h,006h,000h,02eh
       00 2E
 9390  66 89 1E 0E 00 2E      C  DB 066h,089h,01eh,00eh,000h,02eh,00fh,07ah
       0F 7A
 9398  06 64 00 2E 0F 78      C  DB 006h,064h,000h,02eh,00fh,078h,01eh,032h
       1E 32
 93A0  00 2E 0F 78 06 3C      C  DB 000h,02eh,00fh,078h,006h,03ch,000h,02eh
       00 2E
 93A8  0F 78 16 46 00 2E      C  DB 00fh,078h,016h,046h,000h,02eh,00fh,078h
       0F 78
 93B0  26 50 00 2E 0F 78      C  DB 026h,050h,000h,02eh,00fh,078h,02eh,05ah
       2E 5A
 93B8  00 2E 0F 79 1E 78      C  DB 000h,02eh,00fh,079h,01eh,078h,000h,02eh
       00 2E
 93C0  0F 79 16 78 00 2E      C  DB 00fh,079h,016h,078h,000h,02eh,00fh,079h
       0F 79
 93C8  06 78 00 66 2E 0F      C  DB 006h,078h,000h,066h,02eh,00fh,001h,006h
       01 06
 93D0  82 00 66 2E 0F 01      C  DB 082h,000h,066h,02eh,00fh,001h,00eh,08eh
       0E 8E
 93D8  00 0F 20 D0 2E 66      C  DB 000h,00fh,020h,0d0h,02eh,066h,0a3h,012h
       A3 12
 93E0  00 0F 20 D8 2E 66      C  DB 000h,00fh,020h,0d8h,02eh,066h,0a3h,016h
       A3 16
 93E8  00 B8 00 E0 8E D0      C  DB 000h,0b8h,000h,0e0h,08eh,0d0h,066h,0bch
       66 BC
 93F0  00 70 00 00 66 B8      C  DB 000h,070h,000h,000h,066h,0b8h,000h,000h
       00 00
 93F8  00 00 66 50 66 B8      C  DB 000h,000h,066h,050h,066h,0b8h,000h,0e0h
       00 E0
 9400  00 00 66 50 66 B8      C  DB 000h,000h,066h,050h,066h,0b8h,014h,094h
       14 94
 9408  00 00 66 2D DC 92      C  DB 000h,000h,066h,02dh,0dch,092h,000h,000h
       00 00
 9410  66 50 66 CF 66 2E      C  DB 066h,050h,066h,0cfh,066h,02eh,00fh,001h
       0F 01
 9418  1E 94 00 B8 00 E0      C  DB 01eh,094h,000h,0b8h,000h,0e0h,08eh,0d0h
       8E D0
 9420  66 BC 00 70 00 00      C  DB 066h,0bch,000h,070h,000h,000h,0ebh,064h
       EB 64
 9428  90 E4 22 EB 00 EB      C  DB 090h,0e4h,022h,0ebh,000h,0ebh,000h,024h
       00 24
 9430  03 3C 01 0F 85 53      C  DB 003h,03ch,001h,00fh,085h,053h,000h,02eh
       00 2E
 9438  0F 7B 06 64 00 2E      C  DB 00fh,07bh,006h,064h,000h,02eh,00fh,079h
       0F 79
 9440  1E 32 00 2E 0F 79      C  DB 01eh,032h,000h,02eh,00fh,079h,006h,03ch
       06 3C
 9448  00 2E 0F 79 16 46      C  DB 000h,02eh,00fh,079h,016h,046h,000h,02eh
       00 2E
 9450  0F 79 26 50 00 2E      C  DB 00fh,079h,026h,050h,000h,02eh,00fh,079h
       0F 79
 9458  2E 5A 00 66 2E 0F      C  DB 02eh,05ah,000h,066h,02eh,00fh,001h,016h
       01 16
 9460  82 00 66 2E 0F 01      C  DB 082h,000h,066h,02eh,00fh,001h,01eh,08eh
       1E 8E
 9468  00 2E 66 A1 12 00      C  DB 000h,02eh,066h,0a1h,012h,000h,00fh,022h
       0F 22
 9470  D0 2E 66 A1 16 00      C  DB 0d0h,02eh,066h,0a1h,016h,000h,00fh,022h
       0F 22
 9478  D8 2E 66 8B 26 06      C  DB 0d8h,02eh,066h,08bh,026h,006h,000h,02eh
       00 2E
 9480  66 A1 0A 00 2E 66      C  DB 066h,0a1h,00ah,000h,02eh,066h,08bh,01eh
       8B 1E
 9488  0E 00 0F AA FA 66      C  DB 00eh,000h,00fh,0aah,0fah,066h,060h,01eh
       60 1E
 9490  06 0F A0 0F A8 E8      C  DB 006h,00fh,0a0h,00fh,0a8h,0e8h,068h,005h
       68 05
 9498  74 0B E4 43 E7 E1      C  DB 074h,00bh,0e4h,043h,0e7h,0e1h,050h,0b1h
       50 B1
 94A0  6C E8 3F 05 50 E8      C  DB 06ch,0e8h,03fh,005h,050h,0e8h,086h,004h
       86 04
 94A8  8E D8 B1 52 E8 34      C  DB 08eh,0d8h,0b1h,052h,0e8h,034h,005h,050h
       05 50
 94B0  24 BF E8 39 05 E8      C  DB 024h,0bfh,0e8h,039h,005h,0e8h,045h,000h
       45 00
 94B8  B1 52 58 E8 30 05      C  DB 0b1h,052h,058h,0e8h,030h,005h,0e8h,071h
       E8 71
 94C0  04 8A F8 80 FF 01      C  DB 004h,08ah,0f8h,080h,0ffh,001h,075h,010h
       75 10
 94C8  B0 20 E6 20 EB 00      C  DB 0b0h,020h,0e6h,020h,0ebh,000h,0ebh,000h
       EB 00
 94D0  B0 20 E6 A0 EB 00      C  DB 0b0h,020h,0e6h,0a0h,0ebh,000h,0ebh,000h
       EB 00
 94D8  E8 70 04 75 02 B7      C  DB 0e8h,070h,004h,075h,002h,0b7h,001h,0e8h
       01 E8
 94E0  1E 05 74 08 58 E6      C  DB 01eh,005h,074h,008h,058h,0e6h,070h,058h
       70 58
 94E8  E6 22 E7 E1 80 FF      C  DB 0e6h,022h,0e7h,0e1h,080h,0ffh,001h,00fh
       01 0F
 94F0  A9 0F A1 07 1F 66      C  DB 0a9h,00fh,0a1h,007h,01fh,066h,061h,074h
       61 74
 94F8  03 E9 2D FF CF B1      C  DB 003h,0e9h,02dh,0ffh,0cfh,0b1h,069h,0e8h
       69 E8
 9500  E1 04 0A C0 74 40      C  DB 0e1h,004h,00ah,0c0h,074h,040h,0e6h,09fh
       E6 9F
 9508  E8 46 00 B3 01 84      C  DB 0e8h,046h,000h,0b3h,001h,084h,0c3h,074h
       C3 74
 9510  08 E8 33 00 E8 4F      C  DB 008h,0e8h,033h,000h,0e8h,04fh,000h,0ebh
       00 EB
 9518  2A B3 02 84 C3 74      C  DB 02ah,0b3h,002h,084h,0c3h,074h,008h,0e8h
       08 E8
 9520  25 00 E8 68 00 EB      C  DB 025h,000h,0e8h,068h,000h,0ebh,01ch,0b3h
       1C B3
 9528  04 84 C3 74 08 E8      C  DB 004h,084h,0c3h,074h,008h,0e8h,017h,000h
       17 00
 9530  E8 78 00 EB 0E B3      C  DB 0e8h,078h,000h,0ebh,00eh,0b3h,078h,084h
       78 84
 9538  C3 74 08 E8 09 00      C  DB 0c3h,074h,008h,0e8h,009h,000h,0e8h,07ah
       E8 7A
 9540  00 EB 00 E8 BF 03      C  DB 000h,0ebh,000h,0e8h,0bfh,003h,0c3h,032h
       C3 32
 9548  FF F6 D3 B1 69 E8      C  DB 0ffh,0f6h,0d3h,0b1h,069h,0e8h,0c6h,004h
       C6 04
 9550  C3 60 B1 5B BB BF      C  DB 0c3h,060h,0b1h,05bh,0bbh,0bfh,000h,0e8h
       00 E8
 9558  BC 04 B1 68 BB FD      C  DB 0bch,004h,0b1h,068h,0bbh,0fdh,000h,0e8h
       00 E8
 9560  B4 04 61 C3 C3 C3      C  DB 0b4h,004h,061h,0c3h,0c3h,0c3h,0a0h,022h
       A0 22
 9568  00 3C 00 BE 17 00      C  DB 000h,03ch,000h,0beh,017h,000h,0c6h,006h
       C6 06
 9570  21 00 01 74 14 3C      C  DB 021h,000h,001h,074h,014h,03ch,001h,0beh
       01 BE
 9578  19 00 C6 06 21 00      C  DB 019h,000h,0c6h,006h,021h,000h,002h,074h
       02 74
 9580  08 BE 1B 00 C6 06      C  DB 008h,0beh,01bh,000h,0c6h,006h,021h,000h
       21 00
 9588  03 E8 BE 00 C3 80      C  DB 003h,0e8h,0beh,000h,0c3h,080h,03eh,021h
       3E 21
 9590  00 04 74 27 F6 06      C  DB 000h,004h,074h,027h,0f6h,006h,021h,000h
       21 00
 9598  03 74 0A A0 21 00      C  DB 003h,074h,00ah,0a0h,021h,000h,004h,0d6h
       04 D6
 95A0  E6 80 E8 F1 00 C6      C  DB 0e6h,080h,0e8h,0f1h,000h,0c6h,006h,021h
       06 21
 95A8  00 00 C3 80 3E 22      C  DB 000h,000h,0c3h,080h,03eh,022h,000h,003h
       00 03
 95B0  74 08 C6 06 21 00      C  DB 074h,008h,0c6h,006h,021h,000h,003h,0e8h
       03 E8
 95B8  A8 00 C3 80 0E 29      C  DB 0a8h,000h,0c3h,080h,00eh,029h,000h,000h
       00 00
 95C0  74 16 C6 06 29 00      C  DB 074h,016h,0c6h,006h,029h,000h,000h,08ah
       00 8A
 95C8  3E 20 00 32 DB 8A      C  DB 03eh,020h,000h,032h,0dbh,08ah,036h,025h
       36 25
 95D0  00 80 E6 38 E8 A9      C  DB 000h,080h,0e6h,038h,0e8h,0a9h,002h,0c3h
       02 C3
 95D8  60 B1 5B BB BF 00      C  DB 060h,0b1h,05bh,0bbh,0bfh,000h,0e8h,035h
       E8 35
 95E0  04 B1 68 E8 FD 03      C  DB 004h,0b1h,068h,0e8h,0fdh,003h,024h,083h
       24 83
 95E8  0A 06 2B 00 E8 FF      C  DB 00ah,006h,02bh,000h,0e8h,0ffh,003h,0e8h
       03 E8
 95F0  63 03 8A 3E 1D 00      C  DB 063h,003h,08ah,03eh,01dh,000h,032h,0dbh
       32 DB
 95F8  32 F6 E8 83 02 E8      C  DB 032h,0f6h,0e8h,083h,002h,0e8h,038h,002h
       38 02
 9600  8A 3E 26 00 80 E7      C  DB 08ah,03eh,026h,000h,080h,0e7h,0e0h,074h
       E0 74
 9608  07 B3 1F B1 60 E8      C  DB 007h,0b3h,01fh,0b1h,060h,0e8h,006h,004h
       06 04
 9610  80 3E 09 00 02 75      C  DB 080h,03eh,009h,000h,002h,075h,005h,0c6h
       05 C6
 9618  06 09 00 80 80 26      C  DB 006h,009h,000h,080h,080h,026h,00ah,000h
       0A 00
 9620  FD 80 26 0B 00 FD      C  DB 0fdh,080h,026h,00bh,000h,0fdh,0c6h,006h
       C6 06
 9628  21 00 00 C6 06 22      C  DB 021h,000h,000h,0c6h,006h,022h,000h,003h
       00 03
 9630  75 05 C6 06 09 00      C  DB 075h,005h,0c6h,006h,009h,000h,003h,0c6h
       03 C6
 9638  06 06 00 00 C6 06      C  DB 006h,006h,000h,000h,0c6h,006h,022h,000h
       22 00
 9640  00 B0 FF E6 80 E8      C  DB 000h,0b0h,0ffh,0e6h,080h,0e8h,099h,001h
       99 01
 9648  61 C3 83 3C 00 75      C  DB 061h,0c3h,083h,03ch,000h,075h,013h,081h
       13 81
 9650  FE 1B 00 75 04 E8      C  DB 0feh,01bh,000h,075h,004h,0e8h,0cbh,001h
       CB 01
 9658  C3 FE 06 21 00 83      C  DB 0c3h,0feh,006h,021h,000h,083h,0c6h,002h
       C6 02
 9660  EB E8 E8 BE 01 F6      C  DB 0ebh,0e8h,0e8h,0beh,001h,0f6h,006h,023h
       06 23
 9668  00 FF 74 23 F6 06      C  DB 000h,0ffh,074h,023h,0f6h,006h,007h,000h
       07 00
 9670  80 74 1C 80 3E 21      C  DB 080h,074h,01ch,080h,03eh,021h,000h,003h
       00 03
 9678  75 07 C6 06 09 00      C  DB 075h,007h,0c6h,006h,009h,000h,002h,0ebh
       02 EB
 9680  0A 80 0E 0B 00 02      C  DB 00ah,080h,00eh,00bh,000h,002h,0c6h,006h
       C6 06
 9688  06 00 00 E8 0D 01      C  DB 006h,000h,000h,0e8h,00dh,001h,0c3h,0a0h
       C3 A0
 9690  21 00 0C D0 E6 80      C  DB 021h,000h,00ch,0d0h,0e6h,080h,0b2h,004h
       B2 04
 9698  2A 16 21 00 38 16      C  DB 02ah,016h,021h,000h,038h,016h,024h,000h
       24 00
 96A0  72 03 E8 BE 02 E8      C  DB 072h,003h,0e8h,0beh,002h,0e8h,0cdh,001h
       CD 01
 96A8  8A 0E 21 00 FE C9      C  DB 08ah,00eh,021h,000h,0feh,0c9h,0b0h,001h
       B0 01
 96B0  D2 E0 8A 2E 25 00      C  DB 0d2h,0e0h,08ah,02eh,025h,000h,022h,0e8h
       22 E8
 96B8  51 E8 97 01 59 BE      C  DB 051h,0e8h,097h,001h,059h,0beh,01dh,000h
       1D 00
 96C0  32 E4 A0 21 00 03      C  DB 032h,0e4h,0a0h,021h,000h,003h,0f0h,08ah
       F0 8A
 96C8  3C 32 DB B4 08 D2      C  DB 03ch,032h,0dbh,0b4h,008h,0d2h,0e4h,08ah
       E4 8A
 96D0  36 25 00 22 F4 E8      C  DB 036h,025h,000h,022h,0f4h,0e8h,0a8h,001h
       A8 01
 96D8  A0 21 00 A2 06 00      C  DB 0a0h,021h,000h,0a2h,006h,000h,0a2h,022h
       A2 22
 96E0  00 E8 B7 00 80 3E      C  DB 000h,0e8h,0b7h,000h,080h,03eh,021h,000h
       21 00
 96E8  03 75 05 E8 0B 00      C  DB 003h,075h,005h,0e8h,00bh,000h,0ebh,003h
       EB 03
 96F0  E8 EE 00 C6 06 21      C  DB 0e8h,0eeh,000h,0c6h,006h,021h,000h,000h
       00 00
 96F8  C3 B1 68 BB FB 00      C  DB 0c3h,0b1h,068h,0bbh,0fbh,000h,0e8h,015h
       E8 15
 9700  03 B1 67 E8 DD 02      C  DB 003h,0b1h,067h,0e8h,0ddh,002h,050h,080h
       50 80
 9708  3E 28 00 10 75 1F      C  DB 03eh,028h,000h,010h,075h,01fh,00ch,080h
       0C 80
 9710  0C 40 E8 D9 02 E8      C  DB 00ch,040h,0e8h,0d9h,002h,0e8h,033h,002h
       33 02
 9718  B0 AA 74 0B E8 13      C  DB 0b0h,0aah,074h,00bh,0e8h,013h,002h,03ch
       02 3C
 9720  03 B0 00 74 02 B0      C  DB 003h,0b0h,000h,074h,002h,0b0h,0aah,0a2h
       AA A2
 9728  29 00 E8 8C 00 E4      C  DB 029h,000h,0e8h,08ch,000h,0e4h,061h,050h
       61 50
 9730  B1 59 E8 AE 02 50      C  DB 0b1h,059h,0e8h,0aeh,002h,050h,024h,07fh
       24 7F
 9738  E8 B3 02 B9 03 00      C  DB 0e8h,0b3h,002h,0b9h,003h,000h,0e8h,083h
       E8 83
 9740  01 58 B1 59 E8 A7      C  DB 001h,058h,0b1h,059h,0e8h,0a7h,002h,0e8h
       02 E8
 9748  01 02 74 24 E8 E3      C  DB 001h,002h,074h,024h,0e8h,0e3h,001h,03ch
       01 3C
 9750  01 74 1D E8 E2 00      C  DB 001h,074h,01dh,0e8h,0e2h,000h,0e4h,021h
       E4 21
 9758  50 24 FD E6 21 B0      C  DB 050h,024h,0fdh,0e6h,021h,0b0h,0aeh,0e6h
       AE E6
 9760  64 E7 E1 B1 69 32      C  DB 064h,0e7h,0e1h,0b1h,069h,032h,0c0h,0e8h
       C0 E8
 9768  84 02 E8 37 00 58      C  DB 084h,002h,0e8h,037h,000h,058h,0e6h,021h
       E6 21
 9770  58 E6 61 C6 06 09      C  DB 058h,0e6h,061h,0c6h,006h,009h,000h,080h
       00 80
 9778  80 26 0A 00 FD 58      C  DB 080h,026h,00ah,000h,0fdh,058h,0b1h,067h
       B1 67
 9780  E8 6B 02 E8 C5 01      C  DB 0e8h,06bh,002h,0e8h,0c5h,001h,074h,00fh
       74 0F
 9788  E8 A7 01 3C 03 75      C  DB 0e8h,0a7h,001h,03ch,003h,075h,008h,0c6h
       08 C6
 9790  06 09 00 03 E9 24      C  DB 006h,009h,000h,003h,0e9h,024h,0feh,0e8h
       FE E8
 9798  89 00 C3 B1 68 BB      C  DB 089h,000h,0c3h,0b1h,068h,0bbh,0ffh,038h
       FF 38
 97A0  E8 73 02 C3 B1 5B      C  DB 0e8h,073h,002h,0c3h,0b1h,05bh,0bbh,0bfh
       BB BF
 97A8  40 E8 6A 02 E4 43      C  DB 040h,0e8h,06ah,002h,0e4h,043h,0ebh,000h
       EB 00
 97B0  EB 00 E4 70 EB 00      C  DB 0ebh,000h,0e4h,070h,0ebh,000h,0ebh,000h
       EB 00
 97B8  C3 BA F6 01 E8 07      C  DB 0c3h,0bah,0f6h,001h,0e8h,007h,000h,0bah
       00 BA
 97C0  76 01 E8 01 00 C3      C  DB 076h,001h,0e8h,001h,000h,0c3h,0b4h,0a0h
       B4 A0
 97C8  8A C4 EE EB 00 EB      C  DB 08ah,0c4h,0eeh,0ebh,000h,0ebh,000h,042h
       00 42
 97D0  B0 E0 EE EB 00 EB      C  DB 0b0h,0e0h,0eeh,0ebh,000h,0ebh,000h,04ah
       00 4A
 97D8  80 C4 10 80 FC B0      C  DB 080h,0c4h,010h,080h,0fch,0b0h,076h,0e8h
       76 E8
 97E0  C3 60 A0 22 00 32      C  DB 0c3h,060h,0a0h,022h,000h,032h,0e4h,0b9h
       E4 B9
 97E8  03 00 2B C8 BE 17      C  DB 003h,000h,02bh,0c8h,0beh,017h,000h,0d1h
       00 D1
 97F0  E0 03 F0 33 C0 E3      C  DB 0e0h,003h,0f0h,033h,0c0h,0e3h,00ch,08bh
       0C 8B
 97F8  04 0B C0 75 06 46      C  DB 004h,00bh,0c0h,075h,006h,046h,046h,0e2h
       46 E2
 9800  F6 33 C0 B1 6D E8      C  DB 0f6h,033h,0c0h,0b1h,06dh,0e8h,0e6h,001h
       E6 01
 9808  FE C1 86 E0 E8 DF      C  DB 0feh,0c1h,086h,0e0h,0e8h,0dfh,001h,086h
       01 86
 9810  E0 32 FF 0B C0 74      C  DB 0e0h,032h,0ffh,00bh,0c0h,074h,003h,080h
       03 80
 9818  CF 01 B1 68 B3 FE      C  DB 0cfh,001h,0b1h,068h,0b3h,0feh,0e8h,0f5h
       E8 F5
 9820  01 61 C3 B1 6D 32      C  DB 001h,061h,0c3h,0b1h,06dh,032h,0c0h,0e8h
       C0 E8
 9828  C4 01 FE C1 E8 BF      C  DB 0c4h,001h,0feh,0c1h,0e8h,0bfh,001h,0b1h
       01 B1
 9830  68 BB FE 00 E8 DF      C  DB 068h,0bbh,0feh,000h,0e8h,0dfh,001h,0c3h
       01 C3
 9838  F6 06 25 00 40 74      C  DB 0f6h,006h,025h,000h,040h,074h,013h,0b1h
       13 B1
 9840  59 80 26 25 00 BF      C  DB 059h,080h,026h,025h,000h,0bfh,08ah,03eh
       8A 3E
 9848  25 00 80 E7 80 B3      C  DB 025h,000h,080h,0e7h,080h,0b3h,07fh,0e8h
       7F E8
 9850  C4 01 C3 0A ED 74      C  DB 0c4h,001h,0c3h,00ah,0edh,074h,01dh,0f6h
       1D F6
 9858  06 25 00 40 75 16      C  DB 006h,025h,000h,040h,075h,016h,0b1h,059h
       B1 59
 9860  E8 80 01 8A E0 80      C  DB 0e8h,080h,001h,08ah,0e0h,080h,0e4h,080h
       E4 80
 9868  80 CC 40 08 26 25      C  DB 080h,0cch,040h,008h,026h,025h,000h,00ch
       00 0C
 9870  80 E8 7A 01 C3 B1      C  DB 080h,0e8h,07ah,001h,0c3h,0b1h,060h,0e8h
       60 E8
 9878  69 01 24 1F E8 6F      C  DB 069h,001h,024h,01fh,0e8h,06fh,001h,0c3h
       01 C3
 9880  32 D2 80 3E 27 00      C  DB 032h,0d2h,080h,03eh,027h,000h,02ah,075h
       2A 75
 9888  1E A0 2A 00 A8 40      C  DB 01eh,0a0h,02ah,000h,0a8h,040h,075h,017h
       75 17
 9890  24 38 C0 E8 03 8A      C  DB 024h,038h,0c0h,0e8h,003h,08ah,0c8h,0b0h
       C8 B0
 9898  01 D2 E0 0A F8 53      C  DB 001h,0d2h,0e0h,00ah,0f8h,053h,0b5h,001h
       B5 01
 98A0  E8 B0 FF 5B 80 CA      C  DB 0e8h,0b0h,0ffh,05bh,080h,0cah,001h,0b1h
       01 B1
 98A8  6A E8 6A 01 0A D2      C  DB 06ah,0e8h,06ah,001h,00ah,0d2h,075h,013h
       75 13
 98B0  0A F6 74 0F E8 94      C  DB 00ah,0f6h,074h,00fh,0e8h,094h,000h,074h
       00 74
 98B8  07 E8 76 00 3C 01      C  DB 007h,0e8h,076h,000h,03ch,001h,075h,003h
       75 03
 98C0  E8 E1 FE C3 B0 B6      C  DB 0e8h,0e1h,0feh,0c3h,0b0h,0b6h,0e6h,043h
       E6 43
 98C8  E7 E1 B0 50 E6 42      C  DB 0e7h,0e1h,0b0h,050h,0e6h,042h,0e7h,0e1h
       E7 E1
 98D0  B0 03 E6 42 E7 E1      C  DB 0b0h,003h,0e6h,042h,0e7h,0e1h,051h,0e4h
       51 E4
 98D8  61 E7 E1 0C 03 E6      C  DB 061h,0e7h,0e1h,00ch,003h,0e6h,061h,0e7h
       61 E7
 98E0  E1 B9 00 10 E8 0D      C  DB 0e1h,0b9h,000h,010h,0e8h,00dh,000h,024h
       00 24
 98E8  FC E6 61 E7 E1 E8      C  DB 0fch,0e6h,061h,0e7h,0e1h,0e8h,004h,000h
       04 00
 98F0  59 E2 E3 C3 60 E4      C  DB 059h,0e2h,0e3h,0c3h,060h,0e4h,061h,0a8h
       61 A8
 98F8  10 74 FA E4 61 A8      C  DB 010h,074h,0fah,0e4h,061h,0a8h,010h,075h
       10 75
 9900  FA E2 F2 61 C3 32      C  DB 0fah,0e2h,0f2h,061h,0c3h,032h,0c0h,0b1h
       C0 B1
 9908  69 E8 E2 00 B1 6B      C  DB 069h,0e8h,0e2h,000h,0b1h,06bh,0e8h,0ddh
       E8 DD
 9910  00 E8 37 00 75 08      C  DB 000h,0e8h,037h,000h,075h,008h,0b1h,05bh
       B1 5B
 9918  BB BF 00 E8 F8 00      C  DB 0bbh,0bfh,000h,0e8h,0f8h,000h,0b1h,05bh
       B1 5B
 9920  BB BF 40 E8 F0 00      C  DB 0bbh,0bfh,040h,0e8h,0f0h,000h,0b1h,06ch
       B1 6C
 9928  32 C0 E8 C1 00 C3      C  DB 032h,0c0h,0e8h,0c1h,000h,0c3h,0b8h,0fch
       B8 FC
 9930  FD C3 51 B1 5B E8      C  DB 0fdh,0c3h,051h,0b1h,05bh,0e8h,0abh,000h
       AB 00
 9938  59 A8 04 75 0A A8      C  DB 059h,0a8h,004h,075h,00ah,0a8h,010h,0b0h
       10 B0
 9940  03 75 02 B0 01 F8      C  DB 003h,075h,002h,0b0h,001h,0f8h,0c3h,0b0h
       C3 B0
 9948  01 F9 C3 B1 63 E8      C  DB 001h,0f9h,0c3h,0b1h,063h,0e8h,093h,000h
       93 00
 9950  24 E0 3C 80 C3 E8      C  DB 024h,0e0h,03ch,080h,0c3h,0e8h,019h,000h
       19 00
 9958  B3 80 E8 23 00 32      C  DB 0b3h,080h,0e8h,023h,000h,032h,0dbh,0e8h
       DB E8
 9960  3E 00 C3 E8 0B 00      C  DB 03eh,000h,0c3h,0e8h,00bh,000h,0b3h,020h
       B3 20
 9968  E8 35 00 32 DB E8      C  DB 0e8h,035h,000h,032h,0dbh,0e8h,010h,000h
       10 00
 9970  C3 BA CC 03 EC BA      C  DB 0c3h,0bah,0cch,003h,0ech,0bah,0d4h,003h
       D4 03
 9978  A8 01 75 03 BA B4      C  DB 0a8h,001h,075h,003h,0bah,0b4h,003h,0c3h
       03 C3
 9980  52 F6 06 0B 00 01      C  DB 052h,0f6h,006h,00bh,000h,001h,074h,016h
       74 16
 9988  B0 17 EE EB 00 EB      C  DB 0b0h,017h,0eeh,0ebh,000h,0ebh,000h,042h
       00 42
 9990  EC EB 00 EB 00 24      C  DB 0ech,0ebh,000h,0ebh,000h,024h,07fh,00ah
       7F 0A
 9998  C3 EE EB 00 EB 00      C  DB 0c3h,0eeh,0ebh,000h,0ebh,000h,05ah,0c3h
       5A C3
 99A0  52 83 C2 06 EC EB      C  DB 052h,083h,0c2h,006h,0ech,0ebh,000h,0ebh
       00 EB
 99A8  00 BA C0 03 EC EB      C  DB 000h,0bah,0c0h,003h,0ech,0ebh,000h,0ebh
       00 EB
 99B0  00 8A C3 34 20 EE      C  DB 000h,08ah,0c3h,034h,020h,0eeh,0ebh,000h
       EB 00
 99B8  EB 00 BA C4 03 EC      C  DB 0ebh,000h,0bah,0c4h,003h,0ech,0ebh,000h
       EB 00
 99C0  EB 00 50 B0 01 EE      C  DB 0ebh,000h,050h,0b0h,001h,0eeh,0ebh,000h
       EB 00
 99C8  EB 00 42 EC EB 00      C  DB 0ebh,000h,042h,0ech,0ebh,000h,0ebh,000h
       EB 00
 99D0  24 DF 0A C3 EE EB      C  DB 024h,0dfh,00ah,0c3h,0eeh,0ebh,000h,0ebh
       00 EB
 99D8  00 58 4A EE EB 00      C  DB 000h,058h,04ah,0eeh,0ebh,000h,0ebh,000h
       EB 00
 99E0  5A C3 C3 8A C1 E6      C  DB 05ah,0c3h,0c3h,08ah,0c1h,0e6h,022h,0e7h
       22 E7
 99E8  E1 E4 23 E7 E1 C3      C  DB 0e1h,0e4h,023h,0e7h,0e1h,0c3h,080h,0f9h
       80 F9
 99F0  E0 73 0C 86 C8 E6      C  DB 0e0h,073h,00ch,086h,0c8h,0e6h,022h,0e7h
       22 E7
 99F8  E1 86 C8 E6 23 E7      C  DB 0e1h,086h,0c8h,0e6h,023h,0e7h,0e1h,0c3h
       E1 C3
 9A00  50 E4 22 E7 E1 24      C  DB 050h,0e4h,022h,0e7h,0e1h,024h,0f0h,03ch
       F0 3C
 9A08  30 58 C3 50 E4 22      C  DB 030h,058h,0c3h,050h,0e4h,022h,0e7h,0e1h
       E7 E1
 9A10  24 F0 3C 60 58 C3      C  DB 024h,0f0h,03ch,060h,058h,0c3h,08ah,0c1h
       8A C1
 9A18  E6 22 E7 E1 E4 23      C  DB 0e6h,022h,0e7h,0e1h,0e4h,023h,0e7h,0e1h
       E7 E1
 9A20  22 C3 0A C7 EB C8      C  DB 022h,0c3h,00ah,0c7h,0ebh,0c8h,0e6h,070h
       E6 70
 9A28  EB 00 EB 00 E4 71      C  DB 0ebh,000h,0ebh,000h,0e4h,071h,0ebh,000h
       EB 00
 9A30  EB 00 C3 90 32 C0      C  DB 0ebh,000h,0c3h,090h,032h,0c0h,0b1h,069h
       B1 69
 9A38  E8 2A 00 E8 23 00      C  DB 0e8h,02ah,000h,0e8h,023h,000h,080h,0eeh
       80 EE
 9A40  08 66 C1 E2 04 66      C  DB 008h,066h,0c1h,0e2h,004h,066h,081h,0e2h
       81 E2
 9A48  FF FF 0F 00 BF F8      C  DB 0ffh,0ffh,00fh,000h,0bfh,0f8h,0feh,02eh
       FE 2E
 9A50  66 89 15 B1 6B 32      C  DB 066h,089h,015h,0b1h,06bh,032h,0c0h,0e8h
       C0 E8
 9A58  0B 00 FE C1 E8 06      C  DB 00bh,000h,0feh,0c1h,0e8h,006h,000h,00fh
       00 0F
 9A60  AA BA 00 E0 C3 86      C  DB 0aah,0bah,000h,0e0h,0c3h,086h,0c8h,0e6h
       C8 E6
 9A68  22 EB 00 EB 00 86      C  DB 022h,0ebh,000h,0ebh,000h,086h,0c8h,0e6h
       C8 E6
 9A70  23 EB 00 EB 00 C3      C  DB 023h,0ebh,000h,0ebh,000h,0c3h,087h,0dbh
       87 DB
 9A78  60 9C 1E 68 00 00      C  DB 060h,09ch,01eh,068h,000h,000h,01fh,0f6h
       1F F6
 9A80  06 6C 04 0F 75 35      C  DB 006h,06ch,004h,00fh,075h,035h,0e4h,043h
       E4 43
 9A88  E7 E1 50 B1 69 E8      C  DB 0e7h,0e1h,050h,0b1h,069h,0e8h,053h,0ffh
       53 FF
 9A90  0A C0 74 22 32 C0      C  DB 00ah,0c0h,074h,022h,032h,0c0h,0b1h,06bh
       B1 6B
 9A98  E8 53 FF E8 6D FF      C  DB 0e8h,053h,0ffh,0e8h,06dh,0ffh,075h,011h
       75 11
 9AA0  B1 5B E8 3E FF 24      C  DB 0b1h,05bh,0e8h,03eh,0ffh,024h,0bfh,0e8h
       BF E8
 9AA8  44 FF 0C 40 E8 3F      C  DB 044h,0ffh,00ch,040h,0e8h,03fh,0ffh,032h
       FF 32
 9AB0  C0 B1 6C E8 38 FF      C  DB 0c0h,0b1h,06ch,0e8h,038h,0ffh,058h,0e6h
       58 E6
 9AB8  22 E7 E1 1F 9D 61      C  DB 022h,0e7h,0e1h,01fh,09dh,061h,0c3h,0c3h
       C3 C3
 9AC0  C3 C3 C3 C3 C3 C3      C  DB 0c3h,0c3h,0c3h,0c3h,0c3h,0c3h,032h,0c0h
       32 C0
 9AC8  C3 00 00 00 00 00      C  DB 0c3h,000h,000h,000h,000h,000h,000h,000h
       00 00
 9AD0  00 87 DB 90 8A C1      C  DB 000h,087h,0dbh,090h,08ah,0c1h,0e6h,022h
       E6 22
 9AD8  E7 E1 E4 23 E7 E1      C  DB 0e7h,0e1h,0e4h,023h,0e7h,0e1h,0c3h,090h
       C3 90
 9AE0  80 F9 E0 73 0C 86      C  DB 080h,0f9h,0e0h,073h,00ch,086h,0c8h,0e6h
       C8 E6
 9AE8  22 E7 E1 86 C8 E6      C  DB 022h,0e7h,0e1h,086h,0c8h,0e6h,023h,0e7h
       23 E7
 9AF0  E1 C3 87 DB 8A C1      C  DB 0e1h,0c3h,087h,0dbh,08ah,0c1h,0e6h,022h
       E6 22
 9AF8  E7 E1 E4 23 E7 E1      C  DB 0e7h,0e1h,0e4h,023h,0e7h,0e1h,022h,0c3h
       22 C3
 9B00  0A C7 EB DC 66 C1      C  DB 00ah,0c7h,0ebh,0dch,066h,0c1h,0e4h,010h
       E4 10
 9B08  B1 5B BB 0F 00 BC      C  DB 0b1h,05bh,0bbh,00fh,000h,0bch,012h,09bh
       12 9B
 9B10  EB E2 14 9B B1 71      C  DB 0ebh,0e2h,014h,09bh,0b1h,071h,0bch,01bh
       BC 1B
 9B18  9B EB B9 1D 9B 8A      C  DB 09bh,0ebh,0b9h,01dh,09bh,08ah,0d0h,024h
       D0 24
 9B20  DF BC 26 9B EB BA      C  DB 0dfh,0bch,026h,09bh,0ebh,0bah,028h,09bh
       28 9B
 9B28  BC 2E 9B E9 20 07      C  DB 0bch,02eh,09bh,0e9h,020h,007h,030h,09bh
       30 9B
 9B30  B1 71 BB FF 20 BC      C  DB 0b1h,071h,0bbh,0ffh,020h,0bch,03ah,09bh
       3A 9B
 9B38  EB BA 3C 9B BC 42      C  DB 0ebh,0bah,03ch,09bh,0bch,042h,09bh,0e9h
       9B E9
 9B40  0C 07 44 9B B1 71      C  DB 00ch,007h,044h,09bh,0b1h,071h,08ah,0c2h
       8A C2
 9B48  BC 4D 9B EB 93 4F      C  DB 0bch,04dh,09bh,0ebh,093h,04fh,09bh,0b1h
       9B B1
 9B50  59 BC 57 9B E9 7D      C  DB 059h,0bch,057h,09bh,0e9h,07dh,0ffh,059h
       FF 59
 9B58  9B 24 C0 0C 35 BC      C  DB 09bh,024h,0c0h,00ch,035h,0bch,063h,09bh
       63 9B
 9B60  E9 7D FF 65 9B 8C      C  DB 0e9h,07dh,0ffh,065h,09bh,08ch,0c8h,08eh
       C8 8E
 9B68  D8 8D 3E 70 A2 0F      C  DB 0d8h,08dh,03eh,070h,0a2h,00fh,001h,015h
       01 15
 9B70  0F 20 C0 0C 01 0F      C  DB 00fh,020h,0c0h,00ch,001h,00fh,022h,0c0h
       22 C0
 9B78  EB 00 BA 18 00 8E      C  DB 0ebh,000h,0bah,018h,000h,08eh,0c2h,033h
       C2 33
 9B80  C0 B9 04 00 66 33      C  DB 0c0h,0b9h,004h,000h,066h,033h,0dbh,026h
       DB 26
 9B88  67 66 C7 03 55 AA      C  DB 067h,066h,0c7h,003h,055h,0aah,0aah,055h
       AA 55
 9B90  26 67 66 C7 43 04      C  DB 026h,067h,066h,0c7h,043h,004h,000h,000h
       00 00
 9B98  00 00 26 67 66 81      C  DB 000h,000h,026h,067h,066h,081h,03bh,055h
       3B 55
 9BA0  AA AA 55 75 28 26      C  DB 0aah,0aah,055h,075h,028h,026h,067h,066h
       67 66
 9BA8  C7 83 00 00 20 00      C  DB 0c7h,083h,000h,000h,020h,000h,0aah,055h
       AA 55
 9BB0  55 AA 26 67 66 C7      C  DB 055h,0aah,026h,067h,066h,0c7h,083h,004h
       83 04
 9BB8  00 20 00 00 00 00      C  DB 000h,020h,000h,000h,000h,000h,000h,026h
       00 26
 9BC0  67 66 81 3B AA 55      C  DB 067h,066h,081h,03bh,0aah,055h,055h,0aah
       55 AA
 9BC8  74 03 3B E4 F9 0F      C  DB 074h,003h,03bh,0e4h,0f9h,00fh,085h,0f9h
       85 F9
 9BD0  01 0F 82 43 00 26      C  DB 001h,00fh,082h,043h,000h,026h,067h,066h
       67 66
 9BD8  C7 83 00 00 00 01      C  DB 0c7h,083h,000h,000h,000h,001h,055h,0aah
       55 AA
 9BE0  AA 55 26 67 66 C7      C  DB 0aah,055h,026h,067h,066h,0c7h,083h,004h
       83 04
 9BE8  00 00 01 00 00 00      C  DB 000h,000h,001h,000h,000h,000h,000h,026h
       00 26
 9BF0  67 66 81 BB 00 00      C  DB 067h,066h,081h,0bbh,000h,000h,000h,001h
       00 01
 9BF8  55 AA AA 55 74 05      C  DB 055h,0aah,0aah,055h,074h,005h,00ch,001h
       0C 01
 9C00  E9 C7 01 26 67 66      C  DB 0e9h,0c7h,001h,026h,067h,066h,08bh,013h
       8B 13
 9C08  26 67 66 39 93 00      C  DB 026h,067h,066h,039h,093h,000h,000h,000h
       00 00
 9C10  01 74 EB 0C 02 E9      C  DB 001h,074h,0ebh,00ch,002h,0e9h,0b2h,001h
       B2 01
 9C18  26 67 66 C7 03 55      C  DB 026h,067h,066h,0c7h,003h,055h,0aah,0aah
       AA AA
 9C20  55 26 67 66 C7 43      C  DB 055h,026h,067h,066h,0c7h,043h,004h,000h
       04 00
 9C28  00 00 00 26 67 66      C  DB 000h,000h,000h,026h,067h,066h,081h,03bh
       81 3B
 9C30  55 AA AA 55 75 28      C  DB 055h,0aah,0aah,055h,075h,028h,026h,067h
       26 67
 9C38  66 C7 83 00 00 80      C  DB 066h,0c7h,083h,000h,000h,080h,000h,0aah
       00 AA
 9C40  55 55 AA 26 67 66      C  DB 055h,055h,0aah,026h,067h,066h,0c7h,083h
       C7 83
 9C48  04 00 80 00 00 00      C  DB 004h,000h,080h,000h,000h,000h,000h,000h
       00 00
 9C50  26 67 66 81 3B AA      C  DB 026h,067h,066h,081h,03bh,0aah,055h,055h
       55 55
 9C58  AA 74 03 3B E4 F9      C  DB 0aah,074h,003h,03bh,0e4h,0f9h,00fh,085h
       0F 85
 9C60  68 01 0F 82 96 00      C  DB 068h,001h,00fh,082h,096h,000h,026h,067h
       26 67
 9C68  66 C7 03 55 AA AA      C  DB 066h,0c7h,003h,055h,0aah,0aah,055h,026h
       55 26
 9C70  67 66 C7 43 04 00      C  DB 067h,066h,0c7h,043h,004h,000h,000h,000h
       00 00
 9C78  00 26 67 66 81 3B      C  DB 000h,026h,067h,066h,081h,03bh,055h,0aah
       55 AA
 9C80  AA 55 75 28 26 67      C  DB 0aah,055h,075h,028h,026h,067h,066h,0c7h
       66 C7
 9C88  83 00 08 00 00 AA      C  DB 083h,000h,008h,000h,000h,0aah,055h,055h
       55 55
 9C90  AA 26 67 66 C7 83      C  DB 0aah,026h,067h,066h,0c7h,083h,004h,008h
       04 08
 9C98  00 00 00 00 00 00      C  DB 000h,000h,000h,000h,000h,000h,026h,067h
       26 67
 9CA0  66 81 3B AA 55 55      C  DB 066h,081h,03bh,0aah,055h,055h,0aah,074h
       AA 74
 9CA8  03 3B E4 F9 0F 82      C  DB 003h,03bh,0e4h,0f9h,00fh,082h,005h,000h
       05 00
 9CB0  0C 02 E9 15 01 26      C  DB 00ch,002h,0e9h,015h,001h,026h,067h,066h
       67 66
 9CB8  C7 83 00 08 00 01      C  DB 0c7h,083h,000h,008h,000h,001h,055h,0aah
       55 AA
 9CC0  AA 55 26 67 66 C7      C  DB 0aah,055h,026h,067h,066h,0c7h,083h,004h
       83 04
 9CC8  08 00 01 00 00 00      C  DB 008h,000h,001h,000h,000h,000h,000h,026h
       00 26
 9CD0  67 66 81 BB 00 08      C  DB 067h,066h,081h,0bbh,000h,008h,000h,001h
       00 01
 9CD8  55 AA AA 55 74 05      C  DB 055h,0aah,0aah,055h,074h,005h,00ch,003h
       0C 03
 9CE0  E9 E7 00 26 67 66      C  DB 0e9h,0e7h,000h,026h,067h,066h,08bh,093h
       8B 93
 9CE8  00 08 00 00 26 67      C  DB 000h,008h,000h,000h,026h,067h,066h,039h
       66 39
 9CF0  93 00 08 00 01 74      C  DB 093h,000h,008h,000h,001h,074h,0e7h,00ch
       E7 0C
 9CF8  04 E9 CE 00 26 67      C  DB 004h,0e9h,0ceh,000h,026h,067h,066h,0c7h
       66 C7
 9D00  03 55 AA AA 55 26      C  DB 003h,055h,0aah,0aah,055h,026h,067h,066h
       67 66
 9D08  C7 43 04 00 00 00      C  DB 0c7h,043h,004h,000h,000h,000h,000h,026h
       00 26
 9D10  67 66 81 3B 55 AA      C  DB 067h,066h,081h,03bh,055h,0aah,0aah,055h
       AA 55
 9D18  75 28 26 67 66 C7      C  DB 075h,028h,026h,067h,066h,0c7h,083h,000h
       83 00
 9D20  00 00 01 AA 55 55      C  DB 000h,000h,001h,0aah,055h,055h,0aah,026h
       AA 26
 9D28  67 66 C7 83 04 00      C  DB 067h,066h,0c7h,083h,004h,000h,000h,001h
       00 01
 9D30  00 00 00 00 26 67      C  DB 000h,000h,000h,000h,026h,067h,066h,081h
       66 81
 9D38  3B AA 55 55 AA 74      C  DB 03bh,0aah,055h,055h,0aah,074h,003h,03bh
       03 3B
 9D40  E4 F9 0F 85 84 00      C  DB 0e4h,0f9h,00fh,085h,084h,000h,00fh,082h
       0F 82
 9D48  52 00 26 67 66 C7      C  DB 052h,000h,026h,067h,066h,0c7h,003h,055h
       03 55
 9D50  AA AA 55 26 67 66      C  DB 0aah,0aah,055h,026h,067h,066h,0c7h,043h
       C7 43
 9D58  04 00 00 00 00 26      C  DB 004h,000h,000h,000h,000h,026h,067h,066h
       67 66
 9D60  81 3B 55 AA AA 55      C  DB 081h,03bh,055h,0aah,0aah,055h,075h,028h
       75 28
 9D68  26 67 66 C7 83 00      C  DB 026h,067h,066h,0c7h,083h,000h,010h,000h
       10 00
 9D70  00 AA 55 55 AA 26      C  DB 000h,0aah,055h,055h,0aah,026h,067h,066h
       67 66
 9D78  C7 83 04 10 00 00      C  DB 0c7h,083h,004h,010h,000h,000h,000h,000h
       00 00
 9D80  00 00 26 67 66 81      C  DB 000h,000h,026h,067h,066h,081h,03bh,0aah
       3B AA
 9D88  55 55 AA 74 03 3B      C  DB 055h,055h,0aah,074h,003h,03bh,0e4h,0f9h
       E4 F9
 9D90  72 05 0C 04 EB 34      C  DB 072h,005h,00ch,004h,0ebh,034h,090h,00ch
       90 0C
 9D98  05 EB 2F 90 26 67      C  DB 005h,0ebh,02fh,090h,026h,067h,066h,0c7h
       66 C7
 9DA0  83 00 00 00 01 55      C  DB 083h,000h,000h,000h,001h,055h,0aah,0aah
       AA AA
 9DA8  55 26 67 66 C7 83      C  DB 055h,026h,067h,066h,0c7h,083h,004h,000h
       04 00
 9DB0  00 01 00 00 00 00      C  DB 000h,001h,000h,000h,000h,000h,026h,067h
       26 67
 9DB8  66 81 BB 00 00 00      C  DB 066h,081h,0bbh,000h,000h,000h,001h,055h
       01 55
 9DC0  AA AA 55 75 D2 0C      C  DB 0aah,0aah,055h,075h,0d2h,00ch,006h,0ebh
       06 EB
 9DC8  01 90 49 74 0D C1      C  DB 001h,090h,049h,074h,00dh,0c1h,0e0h,003h
       E0 03
 9DD0  66 81 C3 00 00 00      C  DB 066h,081h,0c3h,000h,000h,000h,002h,0e9h
       02 E9
 9DD8  AD FD 8B D0 25 3F      C  DB 0adh,0fdh,08bh,0d0h,025h,03fh,000h,03dh
       00 3D
 9DE0  28 00 0F 85 9C 00      C  DB 028h,000h,00fh,085h,09ch,000h,0b1h,059h
       B1 59
 9DE8  BC EE 9D E9 E6 FC      C  DB 0bch,0eeh,09dh,0e9h,0e6h,0fch,0f0h,09dh
       F0 9D
 9DF0  24 C0 0C 27 BC FA      C  DB 024h,0c0h,00ch,027h,0bch,0fah,09dh,0e9h
       9D E9
 9DF8  E6 FC FC 9D B1 50      C  DB 0e6h,0fch,0fch,09dh,0b1h,050h,0bch,004h
       BC 04
 9E00  9E E9 D0 FC 06 9E      C  DB 09eh,0e9h,0d0h,0fch,006h,09eh,00ch,004h
       0C 04
 9E08  BC 0E 9E E9 D2 FC      C  DB 0bch,00eh,09eh,0e9h,0d2h,0fch,010h,09eh
       10 9E
 9E10  66 BB 00 00 00 02      C  DB 066h,0bbh,000h,000h,000h,002h,026h,067h
       26 67
 9E18  66 C7 03 55 AA AA      C  DB 066h,0c7h,003h,055h,0aah,0aah,055h,026h
       55 26
 9E20  67 66 C7 43 04 00      C  DB 067h,066h,0c7h,043h,004h,000h,000h,000h
       00 00
 9E28  00 26 67 66 81 3B      C  DB 000h,026h,067h,066h,081h,03bh,055h,0aah
       55 AA
 9E30  AA 55 75 28 26 67      C  DB 0aah,055h,075h,028h,026h,067h,066h,0c7h
       66 C7
 9E38  83 00 00 00 01 AA      C  DB 083h,000h,000h,000h,001h,0aah,055h,055h
       55 55
 9E40  AA 26 67 66 C7 83      C  DB 0aah,026h,067h,066h,0c7h,083h,004h,000h
       04 00
 9E48  00 01 00 00 00 00      C  DB 000h,001h,000h,000h,000h,000h,026h,067h
       26 67
 9E50  66 81 3B AA 55 55      C  DB 066h,081h,03bh,0aah,055h,055h,0aah,074h
       AA 74
 9E58  03 3B E4 F9 72 19      C  DB 003h,03bh,0e4h,0f9h,072h,019h,0b1h,050h
       B1 50
 9E60  BC 66 9E E9 6E FC      C  DB 0bch,066h,09eh,0e9h,06eh,0fch,068h,09eh
       68 9E
 9E68  24 FB BC 70 9E E9      C  DB 024h,0fbh,0bch,070h,09eh,0e9h,070h,0fch
       70 FC
 9E70  72 9E 8B C2 E9 18      C  DB 072h,09eh,08bh,0c2h,0e9h,018h,002h,08bh
       02 8B
 9E78  C2 25 C0 FF 0D 38      C  DB 0c2h,025h,0c0h,0ffh,00dh,038h,000h,0e9h
       00 E9
 9E80  0D 02 8B C2 81 FA      C  DB 00dh,002h,08bh,0c2h,081h,0fah,000h,00ah
       00 0A
 9E88  0F 84 18 00 81 E2      C  DB 00fh,084h,018h,000h,081h,0e2h,0ffh,00fh
       FF 0F
 9E90  81 FA 40 09 0F 84      C  DB 081h,0fah,040h,009h,00fh,084h,0f7h,001h
       F7 01
 9E98  81 E2 FF 01 81 FA      C  DB 081h,0e2h,0ffh,001h,081h,0fah,040h,001h
       40 01
 9EA0  0F 85 EB 01 B1 50      C  DB 00fh,085h,0ebh,001h,0b1h,050h,0bch,0ach
       BC AC
 9EA8  9E E9 28 FC AE 9E      C  DB 09eh,0e9h,028h,0fch,0aeh,09eh,00ch,004h
       0C 04
 9EB0  BC B6 9E E9 2A FC      C  DB 0bch,0b6h,09eh,0e9h,02ah,0fch,0b8h,09eh
       B8 9E
 9EB8  B1 59 BC C0 9E E9      C  DB 0b1h,059h,0bch,0c0h,09eh,0e9h,014h,0fch
       14 FC
 9EC0  C2 9E 24 C0 0C 29      C  DB 0c2h,09eh,024h,0c0h,00ch,029h,0bch,0cch
       BC CC
 9EC8  9E E9 14 FC CE 9E      C  DB 09eh,0e9h,014h,0fch,0ceh,09eh,033h,0c0h
       33 C0
 9ED0  B9 02 00 66 33 DB      C  DB 0b9h,002h,000h,066h,033h,0dbh,026h,067h
       26 67
 9ED8  66 C7 03 55 AA AA      C  DB 066h,0c7h,003h,055h,0aah,0aah,055h,026h
       55 26
 9EE0  67 66 C7 43 04 00      C  DB 067h,066h,0c7h,043h,004h,000h,000h,000h
       00 00
 9EE8  00 26 67 66 81 3B      C  DB 000h,026h,067h,066h,081h,03bh,055h,0aah
       55 AA
 9EF0  AA 55 75 28 26 67      C  DB 0aah,055h,075h,028h,026h,067h,066h,0c7h
       66 C7
 9EF8  83 00 08 00 00 AA      C  DB 083h,000h,008h,000h,000h,0aah,055h,055h
       55 55
 9F00  AA 26 67 66 C7 83      C  DB 0aah,026h,067h,066h,0c7h,083h,004h,008h
       04 08
 9F08  00 00 00 00 00 00      C  DB 000h,000h,000h,000h,000h,000h,026h,067h
       26 67
 9F10  66 81 3B AA 55 55      C  DB 066h,081h,03bh,0aah,055h,055h,0aah,074h
       AA 74
 9F18  03 3B E4 F9 0F 85      C  DB 003h,03bh,0e4h,0f9h,00fh,085h,02dh,001h
       2D 01
 9F20  0F 82 85 00 87 CE      C  DB 00fh,082h,085h,000h,087h,0ceh,0b1h,059h
       B1 59
 9F28  BC 2E 9F E9 A6 FB      C  DB 0bch,02eh,09fh,0e9h,0a6h,0fbh,030h,09fh
       30 9F
 9F30  24 C0 0C 07 BC 3A      C  DB 024h,0c0h,00ch,007h,0bch,03ah,09fh,0e9h
       9F E9
 9F38  A6 FB 3C 9F 87 CE      C  DB 0a6h,0fbh,03ch,09fh,087h,0ceh,026h,067h
       26 67
 9F40  66 C7 83 00 00 10      C  DB 066h,0c7h,083h,000h,000h,010h,000h,055h
       00 55
 9F48  AA AA 55 26 67 66      C  DB 0aah,0aah,055h,026h,067h,066h,0c7h,083h
       C7 83
 9F50  04 00 10 00 00 00      C  DB 004h,000h,010h,000h,000h,000h,000h,000h
       00 00
 9F58  26 67 66 81 BB 00      C  DB 026h,067h,066h,081h,0bbh,000h,000h,010h
       00 10
 9F60  00 55 AA AA 55 74      C  DB 000h,055h,0aah,0aah,055h,074h,021h,087h
       21 87
 9F68  CE B1 59 BC 71 9F      C  DB 0ceh,0b1h,059h,0bch,071h,09fh,0e9h,063h
       E9 63
 9F70  FB 73 9F 24 C0 0C      C  DB 0fbh,073h,09fh,024h,0c0h,00ch,029h,0bch
       29 BC
 9F78  7D 9F E9 63 FB 7F      C  DB 07dh,09fh,0e9h,063h,0fbh,07fh,09fh,087h
       9F 87
 9F80  CE 33 C0 0C 01 E9      C  DB 0ceh,033h,0c0h,00ch,001h,0e9h,0c5h,000h
       C5 00
 9F88  87 CE B1 59 BC 92      C  DB 087h,0ceh,0b1h,059h,0bch,092h,09fh,0e9h
       9F E9
 9F90  42 FB 94 9F 24 C0      C  DB 042h,0fbh,094h,09fh,024h,0c0h,00ch,029h
       0C 29
 9F98  BC 9E 9F E9 42 FB      C  DB 0bch,09eh,09fh,0e9h,042h,0fbh,0a0h,09fh
       A0 9F
 9FA0  87 CE 33 C0 0C 02      C  DB 087h,0ceh,033h,0c0h,00ch,002h,0e9h,0a4h
       E9 A4
 9FA8  00 26 67 66 C7 03      C  DB 000h,026h,067h,066h,0c7h,003h,055h,0aah
       55 AA
 9FB0  AA 55 26 67 66 C7      C  DB 0aah,055h,026h,067h,066h,0c7h,043h,004h
       43 04
 9FB8  00 00 00 00 26 67      C  DB 000h,000h,000h,000h,026h,067h,066h,081h
       66 81
 9FC0  3B 55 AA AA 55 75      C  DB 03bh,055h,0aah,0aah,055h,075h,028h,026h
       28 26
 9FC8  67 66 C7 83 00 10      C  DB 067h,066h,0c7h,083h,000h,010h,000h,000h
       00 00
 9FD0  AA 55 55 AA 26 67      C  DB 0aah,055h,055h,0aah,026h,067h,066h,0c7h
       66 C7
 9FD8  83 04 10 00 00 00      C  DB 083h,004h,010h,000h,000h,000h,000h,000h
       00 00
 9FE0  00 26 67 66 81 3B      C  DB 000h,026h,067h,066h,081h,03bh,0aah,055h
       AA 55
 9FE8  55 AA 74 03 3B E4      C  DB 055h,0aah,074h,003h,03bh,0e4h,0f9h,00fh
       F9 0F
 9FF0  85 5A 00 72 05 0C      C  DB 085h,05ah,000h,072h,005h,00ch,003h,0ebh
       03 EB
 9FF8  54 90 26 67 66 C7      C  DB 054h,090h,026h,067h,066h,0c7h,003h,055h
       03 55
 A000  AA AA 55 26 67 66      C  DB 0aah,0aah,055h,026h,067h,066h,0c7h,043h
       C7 43
 A008  04 00 00 00 00 26      C  DB 004h,000h,000h,000h,000h,026h,067h,066h
       67 66
 A010  81 3B 55 AA AA 55      C  DB 081h,03bh,055h,0aah,0aah,055h,075h,028h
       75 28
 A018  26 67 66 C7 83 00      C  DB 026h,067h,066h,0c7h,083h,000h,000h,000h
       00 00
 A020  01 AA 55 55 AA 26      C  DB 001h,0aah,055h,055h,0aah,026h,067h,066h
       67 66
 A028  C7 83 04 00 00 01      C  DB 0c7h,083h,004h,000h,000h,001h,000h,000h
       00 00
 A030  00 00 26 67 66 81      C  DB 000h,000h,026h,067h,066h,081h,03bh,0aah
       3B AA
 A038  55 55 AA 74 03 3B      C  DB 055h,055h,0aah,074h,003h,03bh,0e4h,0f9h
       E4 F9
 A040  0F 85 09 00 72 05      C  DB 00fh,085h,009h,000h,072h,005h,00ch,005h
       0C 05
 A048  EB 03 90 0C 07 49      C  DB 0ebh,003h,090h,00ch,007h,049h,00fh,084h
       0F 84
 A050  0D 00 C1 E0 03 66      C  DB 00dh,000h,0c1h,0e0h,003h,066h,081h,0c3h
       81 C3
 A058  00 00 00 04 E9 77      C  DB 000h,000h,000h,004h,0e9h,077h,0feh,08bh
       FE 8B
 A060  C8 83 E1 07 83 F9      C  DB 0c8h,083h,0e1h,007h,083h,0f9h,007h,00fh
       07 0F
 A068  84 24 00 8B C8 83      C  DB 084h,024h,000h,08bh,0c8h,083h,0e1h,038h
       E1 38
 A070  83 F9 38 0F 84 18      C  DB 083h,0f9h,038h,00fh,084h,018h,000h,08bh
       00 8B
 A078  D0 B1 50 BC 81 A0      C  DB 0d0h,0b1h,050h,0bch,081h,0a0h,0e9h,053h
       E9 53
 A080  FA 83 A0 24 FB BC      C  DB 0fah,083h,0a0h,024h,0fbh,0bch,08bh,0a0h
       8B A0
 A088  E9 55 FA 8D A0 8B      C  DB 0e9h,055h,0fah,08dh,0a0h,08bh,0c2h,03dh
       C2 3D
 A090  05 0F 75 03 B8 0F      C  DB 005h,00fh,075h,003h,0b8h,00fh,000h,03dh
       00 3D
 A098  05 1F 75 03 B8 1F      C  DB 005h,01fh,075h,003h,0b8h,01fh,000h,03dh
       00 3D
 A0A0  05 2F 75 03 B8 2F      C  DB 005h,02fh,075h,003h,0b8h,02fh,000h,08bh
       00 8B
 A0A8  D0 8D 3E C2 A2 E4      C  DB 0d0h,08dh,03eh,0c2h,0a2h,0e4h,022h,0e7h
       22 E7
 A0B0  E1 24 F0 3C 30 74      C  DB 0e1h,024h,0f0h,03ch,030h,074h,004h,08dh
       04 8D
 A0B8  3E 96 A2 2E 66 8B      C  DB 03eh,096h,0a2h,02eh,066h,08bh,005h,03bh
       05 3B
 A0C0  D0 74 10 47 47 47      C  DB 0d0h,074h,010h,047h,047h,047h,047h,08bh
       47 8B
 A0C8  DA 33 D2 3B D0 74      C  DB 0dah,033h,0d2h,03bh,0d0h,074h,004h,08bh
       04 8B
 A0D0  D3 EB E8 66 C1 E8      C  DB 0d3h,0ebh,0e8h,066h,0c1h,0e8h,010h,08ah
       10 8A
 A0D8  D8 B1 59 BC E1 A0      C  DB 0d8h,0b1h,059h,0bch,0e1h,0a0h,0e9h,0f3h
       E9 F3
 A0E0  F9 E3 A0 24 C0 0A      C  DB 0f9h,0e3h,0a0h,024h,0c0h,00ah,0c3h,0bch
       C3 BC
 A0E8  ED A0 E9 F3 F9 EF      C  DB 0edh,0a0h,0e9h,0f3h,0f9h,0efh,0a0h,0b8h
       A0 B8
 A0F0  10 00 8E D8 0F 20      C  DB 010h,000h,08eh,0d8h,00fh,020h,0c0h,024h
       C0 24
 A0F8  FE 0F 22 C0 EA 01      C  DB 0feh,00fh,022h,0c0h,0eah,001h,0a1h,000h
       A1 00
 A100  F0 B1 59 BC 09 A1      C  DB 0f0h,0b1h,059h,0bch,009h,0a1h,0e9h,0cbh
       E9 CB
 A108  F9 0B A1 24 3F 0C      C  DB 0f9h,00bh,0a1h,024h,03fh,00ch,080h,0bch
       80 BC
 A110  15 A1 E9 CB F9 17      C  DB 015h,0a1h,0e9h,0cbh,0f9h,017h,0a1h,0b1h
       A1 B1
 A118  57 BC 1F A1 E9 B5      C  DB 057h,0bch,01fh,0a1h,0e9h,0b5h,0f9h,021h
       F9 21
 A120  A1 0C 01 BC 29 A1      C  DB 0a1h,00ch,001h,0bch,029h,0a1h,0e9h,0b7h
       E9 B7
 A128  F9 2B A1 B1 50 BC      C  DB 0f9h,02bh,0a1h,0b1h,050h,0bch,033h,0a1h
       33 A1
 A130  E9 A1 F9 35 A1 24      C  DB 0e9h,0a1h,0f9h,035h,0a1h,024h,0f7h,0bch
       F7 BC
 A138  3D A1 E9 A3 F9 3F      C  DB 03dh,0a1h,0e9h,0a3h,0f9h,03fh,0a1h,0b1h
       A1 B1
 A140  51 B0 DC BC 49 A1      C  DB 051h,0b0h,0dch,0bch,049h,0a1h,0e9h,097h
       E9 97
 A148  F9 4B A1 BA 00 10      C  DB 0f9h,04bh,0a1h,0bah,000h,010h,08eh,0dah
       8E DA
 A150  66 B8 AA AA 55 55      C  DB 066h,0b8h,0aah,0aah,055h,055h,066h,0a3h
       66 A3
 A158  00 00 E7 E1 66 A3      C  DB 000h,000h,0e7h,0e1h,066h,0a3h,000h,000h
       00 00
 A160  E7 E1 66 C7 06 04      C  DB 0e7h,0e1h,066h,0c7h,006h,004h,000h,078h
       00 78
 A168  56 34 12 E7 E1 B3      C  DB 056h,034h,012h,0e7h,0e1h,0b3h,001h,066h
       01 66
 A170  8B 16 00 00 E7 E1      C  DB 08bh,016h,000h,000h,0e7h,0e1h,066h,08bh
       66 8B
 A178  16 00 00 E7 E1 66      C  DB 016h,000h,000h,0e7h,0e1h,066h,081h,0fah
       81 FA
 A180  AA AA 55 55 75 65      C  DB 0aah,0aah,055h,055h,075h,065h,066h,0bbh
       66 BB
 A188  30 64 08 00 66 BA      C  DB 030h,064h,008h,000h,066h,0bah,021h,053h
       21 53
 A190  09 00 8A E2 C0 E4      C  DB 009h,000h,08ah,0e2h,0c0h,0e4h,004h,080h
       04 80
 A198  FC 10 75 02 B4 18      C  DB 0fch,010h,075h,002h,0b4h,018h,032h,0c0h
       32 C0
 A1A0  8E D8 66 8B 0E 00      C  DB 08eh,0d8h,066h,08bh,00eh,000h,000h,0e7h
       00 E7
 A1A8  E1 66 8B 0E 00 00      C  DB 0e1h,066h,08bh,00eh,000h,000h,0e7h,0e1h
       E7 E1
 A1B0  66 81 F9 AA AA 55      C  DB 066h,081h,0f9h,0aah,0aah,055h,055h,075h
       55 75
 A1B8  24 80 FC 30 76 2D      C  DB 024h,080h,0fch,030h,076h,02dh,080h,0e3h
       80 E3
 A1C0  FE 66 8B 0E 04 00      C  DB 0feh,066h,08bh,00eh,004h,000h,0e7h,0e1h
       E7 E1
 A1C8  66 8B 0E 04 00 E7      C  DB 066h,08bh,00eh,004h,000h,0e7h,0e1h,066h
       E1 66
 A1D0  81 F9 78 56 34 12      C  DB 081h,0f9h,078h,056h,034h,012h,075h,013h
       75 13
 A1D8  80 CB 01 EB 0E 66      C  DB 080h,0cbh,001h,0ebh,00eh,066h,0c1h,0ebh
       C1 EB
 A1E0  04 66 C1 EA 04 0A      C  DB 004h,066h,0c1h,0eah,004h,00ah,0d2h,075h
       D2 75
 A1E8  A9 B3 0B 80 E3 0F      C  DB 0a9h,0b3h,00bh,080h,0e3h,00fh,08ah,0c3h
       8A C3
 A1F0  3C 01 B4 00 74 07      C  DB 03ch,001h,0b4h,000h,074h,007h,08ah,0e3h
       8A E3
 A1F8  D0 EC 80 C4 02 B0      C  DB 0d0h,0ech,080h,0c4h,002h,0b0h,0e0h,0bch
       E0 BC
 A200  05 A2 E9 96 47 07      C  DB 005h,0a2h,0e9h,096h,047h,007h,0a2h,0b1h
       A2 B1
 A208  51 BC 0F A2 E9 C5      C  DB 051h,0bch,00fh,0a2h,0e9h,0c5h,0f8h,011h
       F8 11
 A210  A2 24 03 C0 E3 03      C  DB 0a2h,024h,003h,0c0h,0e3h,003h,00ah,0c3h
       0A C3
 A218  BC 1E A2 E9 C2 F8      C  DB 0bch,01eh,0a2h,0e9h,0c2h,0f8h,020h,0a2h
       20 A2
 A220  B1 57 BC 28 A2 E9      C  DB 0b1h,057h,0bch,028h,0a2h,0e9h,0ach,0f8h
       AC F8
 A228  2A A2 24 FE BC 32      C  DB 02ah,0a2h,024h,0feh,0bch,032h,0a2h,0e9h
       A2 E9
 A230  AE F8 34 A2 B1 59      C  DB 0aeh,0f8h,034h,0a2h,0b1h,059h,0bch,03ch
       BC 3C
 A238  A2 E9 98 F8 3E A2      C  DB 0a2h,0e9h,098h,0f8h,03eh,0a2h,024h,03fh
       24 3F
 A240  BC 46 A2 E9 9A F8      C  DB 0bch,046h,0a2h,0e9h,09ah,0f8h,048h,0a2h
       48 A2
 A248  66 C1 EC 10 F8 C3      C  DB 066h,0c1h,0ech,010h,0f8h,0c3h,0b0h,06ah
       B0 6A
 A250  E6 22 EB 00 EB 00      C  DB 0e6h,022h,0ebh,000h,0ebh,000h,0b0h,0ffh
       B0 FF
 A258  E6 23 EB 00 EB 00      C  DB 0e6h,023h,0ebh,000h,0ebh,000h,0e4h,043h
       E4 43
 A260  EB 00 EB 00 E4 70      C  DB 0ebh,000h,0ebh,000h,0e4h,070h,0ebh,000h
       EB 00
 A268  EB 00 B9 20 00 E2      C  DB 0ebh,000h,0b9h,020h,000h,0e2h,0feh,0c3h
       FE C3
 A270  20 00 76 A2 0F 00      C  DB 020h,000h,076h,0a2h,00fh,000h,000h,000h
       00 00
 A278  00 00 00 00 00 00      C  DB 000h,000h,000h,000h,000h,000h,0ffh,0ffh
       FF FF
 A280  00 00 0F 9B 00 00      C  DB 000h,000h,00fh,09bh,000h,000h,0ffh,0ffh
       FF FF
 A288  00 00 0F 93 00 00      C  DB 000h,000h,00fh,093h,000h,000h,0ffh,0ffh
       FF FF
 A290  00 00 00 93 80 00      C  DB 000h,000h,000h,093h,080h,000h,00fh,000h
       0F 00
 A298  23 00 20 07 36 00      C  DB 023h,000h,020h,007h,036h,000h,024h,007h
       24 07
 A2A0  37 00 E0 06 38 00      C  DB 037h,000h,0e0h,006h,038h,000h,0e4h,006h
       E4 06
 A2A8  39 00 40 09 3A 00      C  DB 039h,000h,040h,009h,03ah,000h,025h,009h
       25 09
 A2B0  3B 00 28 09 3C 00      C  DB 03bh,000h,028h,009h,03ch,000h,02dh,009h
       2D 09
 A2B8  3D 00 30 09 3E 00      C  DB 03dh,000h,030h,009h,03eh,000h,036h,009h
       36 09
 A2C0  3F 00 00 02 00 00      C  DB 03fh,000h,000h,002h,000h,000h,040h,002h
       40 02
 A2C8  01 00 50 02 02 00      C  DB 001h,000h,050h,002h,002h,000h,058h,002h
       58 02
 A2D0  03 00 53 02 04 00      C  DB 003h,000h,053h,002h,004h,000h,05bh,002h
       5B 02
 A2D8  05 00 68 02 06 00      C  DB 005h,000h,068h,002h,006h,000h,000h,004h
       00 04
 A2E0  07 00 80 04 08 00      C  DB 007h,000h,080h,004h,008h,000h,0c0h,004h
       C0 04
 A2E8  09 00 98 04 0A 00      C  DB 009h,000h,098h,004h,00ah,000h,09bh,004h
       9B 04
 A2F0  0B 00 15 00 0C 00      C  DB 00bh,000h,015h,000h,00ch,000h,0a8h,004h
       A8 04
 A2F8  0D 00 9D 04 0E 00      C  DB 00dh,000h,09dh,004h,00eh,000h,0adh,004h
       AD 04
 A300  0F 00 00 06 10 00      C  DB 00fh,000h,000h,006h,010h,000h,0c0h,006h
       C0 06
 A308  11 00 D8 06 12 00      C  DB 011h,000h,0d8h,006h,012h,000h,0dbh,006h
       DB 06
 A310  13 00 1D 00 14 00      C  DB 013h,000h,01dh,000h,014h,000h,0e8h,006h
       E8 06
 A318  15 00 68 07 16 00      C  DB 015h,000h,068h,007h,016h,000h,0edh,006h
       ED 06
 A320  17 00 00 08 18 00      C  DB 017h,000h,000h,008h,018h,000h,000h,009h
       00 09
 A328  19 00 20 09 1A 00      C  DB 019h,000h,020h,009h,01ah,000h,024h,009h
       24 09
 A330  1B 00 28 00 1C 00      C  DB 01bh,000h,028h,000h,01ch,000h,02dh,000h
       2D 00
 A338  1D 00 68 0B 1E 00      C  DB 01dh,000h,068h,00bh,01eh,000h,06dh,00bh
       6D 0B
 A340  1F 00 C0 02 20 00      C  DB 01fh,000h,0c0h,002h,020h,000h,00dh,000h
       0D 00
 A348  21 00 0F 00 22 00      C  DB 021h,000h,00fh,000h,022h,000h,000h,007h
       00 07
 A350  23 00 1F 00 24 00      C  DB 023h,000h,01fh,000h,024h,000h,0f8h,006h
       F8 06
 A358  25 00 2F 00 26 00      C  DB 025h,000h,02fh,000h,026h,000h,078h,00bh
       78 0B
 A360  27 00 38 00 28 00      C  DB 027h,000h,038h,000h,028h,000h,03fh,000h
       3F 00
 A368  29 00 80 07 2A 00      C  DB 029h,000h,080h,007h,02ah,000h,0b0h,007h
       B0 07
 A370  2B 00 F0 06 2C 00      C  DB 02bh,000h,0f0h,006h,02ch,000h,0f6h,006h
       F6 06
 A378  2D 00 80 0B 2E 00      C  DB 02dh,000h,080h,00bh,02eh,000h,0b0h,00bh
       B0 0B
 A380  2F 00 70 0B 30 00      C  DB 02fh,000h,070h,00bh,030h,000h,076h,00bh
       76 0B
 A388  31 00 00 0C 32 00      C  DB 031h,000h,000h,00ch,032h,000h,080h,00dh
       80 0D
 A390  33 00 B0 0D 34 00      C  DB 033h,000h,0b0h,00dh,034h,000h,0b6h,00dh
       B6 0D
 A398  35 00 00 00 00 00      C  DB 035h,000h,000h,000h,000h,000h,087h,0dbh
       87 DB
 A3A0  FA 8B F4 66 C1 E6      C  DB 0fah,08bh,0f4h,066h,0c1h,0e6h,010h,0b1h
       10 B1
 A3A8  52 B0 3F BC B1 A3      C  DB 052h,0b0h,03fh,0bch,0b1h,0a3h,0e9h,02fh
       E9 2F
 A3B0  F7 B3 A3 BB 00 C0      C  DB 0f7h,0b3h,0a3h,0bbh,000h,0c0h,08eh,0c3h
       8E C3
 A3B8  33 FF B9 00 80 33      C  DB 033h,0ffh,0b9h,000h,080h,033h,0c0h,0fch
       C0 FC
 A3C0  F3 AB 81 C3 00 10      C  DB 0f3h,0abh,081h,0c3h,000h,010h,081h,0fbh
       81 FB
 A3C8  00 F0 72 EA 8C DB      C  DB 000h,0f0h,072h,0eah,08ch,0dbh,0b8h,000h
       B8 00
 A3D0  F0 8E C0 8E D8 33      C  DB 0f0h,08eh,0c0h,08eh,0d8h,033h,0ffh,033h
       FF 33
 A3D8  F6 B9 00 80 F3 A5      C  DB 0f6h,0b9h,000h,080h,0f3h,0a5h,08eh,0dbh
       8E DB
 A3E0  B1 52 B0 C0 BC EA      C  DB 0b1h,052h,0b0h,0c0h,0bch,0eah,0a3h,0e9h
       A3 E9
 A3E8  F6 F6 EC A3 66 C1      C  DB 0f6h,0f6h,0ech,0a3h,066h,0c1h,0eeh,010h
       EE 10
 A3F0  8B E6 F8 C3 F8 C3      C  DB 08bh,0e6h,0f8h,0c3h,0f8h,0c3h,087h,0dbh
       87 DB
 A3F8  C3 87 DB 90 66 C1      C  DB 0c3h,087h,0dbh,090h,066h,0c1h,0e4h,010h
       E4 10
 A400  B8 00 00 8E D8 8B      C  DB 0b8h,000h,000h,08eh,0d8h,08bh,03eh,072h
       3E 72
 A408  04 B1 51 32 C0 BC      C  DB 004h,0b1h,051h,032h,0c0h,0bch,013h,0a4h
       13 A4
 A410  E9 CD F6 15 A4 FE      C  DB 0e9h,0cdh,0f6h,015h,0a4h,0feh,0c1h,080h
       C1 80
 A418  F9 56 76 EF 89 3E      C  DB 0f9h,056h,076h,0efh,089h,03eh,072h,004h
       72 04
 A420  B0 68 E6 22 32 C0      C  DB 0b0h,068h,0e6h,022h,032h,0c0h,0e6h,023h
       E6 23
 A428  66 C1 EC 10 F8 C3      C  DB 066h,0c1h,0ech,010h,0f8h,0c3h,087h,0dbh
       87 DB
 A430  50 8A E0 B1 59 E8      C  DB 050h,08ah,0e0h,0b1h,059h,0e8h,09ch,0f6h
       9C F6
 A438  24 7F F6 C4 01 75      C  DB 024h,07fh,0f6h,0c4h,001h,075h,002h,00ch
       02 0C
 A440  80 E8 9C F6 58 F8      C  DB 080h,0e8h,09ch,0f6h,058h,0f8h,0c3h,090h
       C3 90
 A448  F8 C3 87 DB C3 87      C  DB 0f8h,0c3h,087h,0dbh,0c3h,087h,0dbh,090h
       DB 90
 A450  E8 41 EA 75 12 B1      C  DB 0e8h,041h,0eah,075h,012h,0b1h,050h,0e8h
       50 E8
 A458  7A F6 A8 10 B7 00      C  DB 07ah,0f6h,0a8h,010h,0b7h,000h,074h,002h
       74 02
 A460  B7 01 B3 FE E8 8D      C  DB 0b7h,001h,0b3h,0feh,0e8h,08dh,0f6h,0b1h
       F6 B1
 A468  59 BB BF 00 E8 85      C  DB 059h,0bbh,0bfh,000h,0e8h,085h,0f6h,0f8h
       F6 F8
 A470  C3 87 DB 90 B0 E0      C  DB 0c3h,087h,0dbh,090h,0b0h,0e0h,0e8h,011h
       E8 11
 A478  45 C3 87 DB 87 DB      C  DB 045h,0c3h,087h,0dbh,087h,0dbh,087h,0dbh
       87 DB
 A480  E0 E0 C0 A0 80 60      C  DB 0e0h,0e0h,0c0h,0a0h,080h,060h,040h,040h
       40 40
 A488  60 B8 00 00 8E D8      C  DB 060h,0b8h,000h,000h,08eh,0d8h,08ah,01eh
       8A 1E
 A490  D9 04 C0 EB 04 FE      C  DB 0d9h,004h,0c0h,0ebh,004h,0feh,0cbh,032h
       CB 32
 A498  FF BE 80 A4 03 F3      C  DB 0ffh,0beh,080h,0a4h,003h,0f3h,0b1h,060h
       B1 60
 A4A0  E8 31 F6 24 1F 2E      C  DB 0e8h,031h,0f6h,024h,01fh,02eh,00ah,004h
       0A 04
 A4A8  E8 35 F6 61 C3 87      C  DB 0e8h,035h,0f6h,061h,0c3h,087h,0dbh,090h
       DB 90
 A4B0  F9 C3 87 DB 60 B7      C  DB 0f9h,0c3h,087h,0dbh,060h,0b7h,002h,0b1h
       02 B1
 A4B8  50 E8 18 F6 A8 01      C  DB 050h,0e8h,018h,0f6h,0a8h,001h,074h,005h
       74 05
 A4C0  E8 C9 E8 73 0A BE      C  DB 0e8h,0c9h,0e8h,073h,00ah,0beh,011h,064h
       11 64
 A4C8  E8 AD 78 8A F8 D0      C  DB 0e8h,0adh,078h,08ah,0f8h,0d0h,0e7h,0b3h
       E7 B3
 A4D0  FD B1 5B E8 1E F6      C  DB 0fdh,0b1h,05bh,0e8h,01eh,0f6h,061h,0f8h
       61 F8
 A4D8  C3 87 DB 90 60 B1      C  DB 0c3h,087h,0dbh,090h,060h,0b1h,053h,0b3h
       53 B3
 A4E0  BF 32 FF E8 0E F6      C  DB 0bfh,032h,0ffh,0e8h,00eh,0f6h,061h,0c3h
       61 C3
 A4E8  60 B1 53 B7 40 B3      C  DB 060h,0b1h,053h,0b7h,040h,0b3h,0ffh,0e8h
       FF E8
 A4F0  02 F6 61 C3 60 B1      C  DB 002h,0f6h,061h,0c3h,060h,0b1h,053h,0b3h
       53 B3
 A4F8  7F 32 FF E8 F6 F5      C  DB 07fh,032h,0ffh,0e8h,0f6h,0f5h,061h,0c3h
       61 C3
 A500  60 B1 53 B7 80 B3      C  DB 060h,0b1h,053h,0b7h,080h,0b3h,0ffh,0e8h
       FF E8
 A508  EA F5 61 C3 60 B1      C  DB 0eah,0f5h,061h,0c3h,060h,0b1h,052h,0e8h
       52 E8
 A510  C2 F5 24 80 3C 80      C  DB 0c2h,0f5h,024h,080h,03ch,080h,061h,0c3h
       61 C3
 A518  C3 87 DB 90 E8 ED      C  DB 0c3h,087h,0dbh,090h,0e8h,0edh,0ffh,0c3h
       FF C3
 A520  C3 87 DB 90 B1 52      C  DB 0c3h,087h,0dbh,090h,0b1h,052h,0bbh,03fh
       BB 3F
 A528  80 E8 C8 F5 C3 87      C  DB 080h,0e8h,0c8h,0f5h,0c3h,087h,0dbh,090h
       DB 90
 A530  B1 52 BB FF C0 E8      C  DB 0b1h,052h,0bbh,0ffh,0c0h,0e8h,0bch,0f5h
       BC F5
 A538  C3 87 DB 90 B1 52      C  DB 0c3h,087h,0dbh,090h,0b1h,052h,0bbh,03fh
       BB 3F
 A540  01 E8 B0 F5 C3 87      C  DB 001h,0e8h,0b0h,0f5h,0c3h,087h,0dbh,090h
       DB 90
 A548  B1 52 BB FF C0 E8      C  DB 0b1h,052h,0bbh,0ffh,0c0h,0e8h,0a4h,0f5h
       A4 F5
 A550  C3 87 DB 90 B1 52      C  DB 0c3h,087h,0dbh,090h,0b1h,052h,0bbh,03fh
       BB 3F
 A558  10 E8 98 F5 C3 87      C  DB 010h,0e8h,098h,0f5h,0c3h,087h,0dbh,090h
       DB 90
 A560  B1 52 BB FF C0 E8      C  DB 0b1h,052h,0bbh,0ffh,0c0h,0e8h,08ch,0f5h
       8C F5
 A568  C3 87 DB 90 BE 00      C  DB 0c3h,087h,0dbh,090h,0beh,000h,0c8h,0b7h
       C8 B7
 A570  02 E8 01 00 C3 BF      C  DB 002h,0e8h,001h,000h,0c3h,0bfh,000h,010h
       00 10
 A578  B9 00 80 60 53 E8      C  DB 0b9h,000h,080h,060h,053h,0e8h,07dh,04fh
       7D 4F
 A580  5B B1 52 B3 3F E8      C  DB 05bh,0b1h,052h,0b3h,03fh,0e8h,06ch,0f5h
       6C F5
 A588  61 87 F7 E8 6F 4F      C  DB 061h,087h,0f7h,0e8h,06fh,04fh,0b1h,052h
       B1 52
 A590  BB FF C0 E8 5E F5      C  DB 0bbh,0ffh,0c0h,0e8h,05eh,0f5h,0c3h,090h
       C3 90
 A598  EB D2 87 DB BE 00      C  DB 0ebh,0d2h,087h,0dbh,0beh,000h,0d0h,0b7h
       D0 B7
 A5A0  04 E8 D1 FF C3 87      C  DB 004h,0e8h,0d1h,0ffh,0c3h,087h,0dbh,090h
       DB 90
 A5A8  EB F2 87 DB BE 00      C  DB 0ebh,0f2h,087h,0dbh,0beh,000h,0d8h,0b7h
       D8 B7
 A5B0  08 E8 C1 FF C3 87      C  DB 008h,0e8h,0c1h,0ffh,0c3h,087h,0dbh,090h
       DB 90
 A5B8  EB F2 87 DB BE 00      C  DB 0ebh,0f2h,087h,0dbh,0beh,000h,0e0h,0b7h
       E0 B7
 A5C0  10 E8 B1 FF C3 87      C  DB 010h,0e8h,0b1h,0ffh,0c3h,087h,0dbh,090h
       DB 90
 A5C8  EB F2 87 DB BE 00      C  DB 0ebh,0f2h,087h,0dbh,0beh,000h,0e8h,0b7h
       E8 B7
 A5D0  20 E8 A1 FF C3 87      C  DB 020h,0e8h,0a1h,0ffh,0c3h,087h,0dbh,090h
       DB 90
 A5D8  EB F2 87 DB B1 59      C  DB 0ebh,0f2h,087h,0dbh,0b1h,059h,0bbh,0bfh
       BB BF
 A5E0  40 E8 10 F5 C3 87      C  DB 040h,0e8h,010h,0f5h,0c3h,087h,0dbh,090h
       DB 90
 A5E8  C3 87 DB 90 E8 AC      C  DB 0c3h,087h,0dbh,090h,0e8h,0ach,046h,075h
       46 75
 A5F0  03 E8 84 F4 C3 87      C  DB 003h,0e8h,084h,0f4h,0c3h,087h,0dbh,090h
       DB 90
 A5F8  F9 C3 66 33 C0 BE      C  DB 0f9h,0c3h,066h,033h,0c0h,0beh,0dfh,063h
       DF 63
 A600  E8 75 77 0A C0 74      C  DB 0e8h,075h,077h,00ah,0c0h,074h,042h,08ah
       42 8A
 A608  E8 B4 F0 3C 02 72      C  DB 0e8h,0b4h,0f0h,03ch,002h,072h,006h,0b4h
       06 B4
 A610  E0 74 02 B4 C0 B1      C  DB 0e0h,074h,002h,0b4h,0c0h,0b1h,055h,08ah
       55 8A
 A618  C4 E8 C4 F4 50 C0      C  DB 0c4h,0e8h,0c4h,0f4h,050h,0c0h,0e5h,004h
       E5 04
 A620  80 CD C0 B1 54 E8      C  DB 080h,0cdh,0c0h,0b1h,054h,0e8h,0ach,0f4h
       AC F4
 A628  24 0F 0A C5 E8 B1      C  DB 024h,00fh,00ah,0c5h,0e8h,0b1h,0f4h,058h
       F4 58
 A630  32 E4 2C 10 66 C1      C  DB 032h,0e4h,02ch,010h,066h,0c1h,0e0h,006h
       E0 06
 A638  66 33 DB 8B 5E 30      C  DB 066h,033h,0dbh,08bh,05eh,030h,066h,03bh
       66 3B
 A640  C3 73 06 89 46 30      C  DB 0c3h,073h,006h,089h,046h,030h,089h,046h
       89 46
 A648  17 60 E8 47 E8 3C      C  DB 017h,060h,0e8h,047h,0e8h,03ch,03ch,074h
       3C 74
 A650  43 F6 46 3F 08 75      C  DB 043h,0f6h,046h,03fh,008h,075h,03dh,0beh
       3D BE
 A658  E5 62 E8 1B 77 32      C  DB 0e5h,062h,0e8h,01bh,077h,032h,0e4h,00ah
       E4 0A
 A660  C0 74 33 E8 2E E8      C  DB 0c0h,074h,033h,0e8h,02eh,0e8h,074h,006h
       74 06
 A668  3C 14 74 28 EB 28      C  DB 03ch,014h,074h,028h,0ebh,028h,0b1h,0c2h
       B1 C2
 A670  E8 61 F4 24 FB E8      C  DB 0e8h,061h,0f4h,024h,0fbh,0e8h,06dh,0f4h
       6D F4
 A678  0F 20 C0 66 0D 00      C  DB 00fh,020h,0c0h,066h,00dh,000h,000h,000h
       00 00
 A680  20 0F 22 C0 E8 4D      C  DB 020h,00fh,022h,0c0h,0e8h,04dh,0f4h,00ch
       F4 0C
 A688  16 E8 59 F4 E8 56      C  DB 016h,0e8h,059h,0f4h,0e8h,056h,0f4h,00ch
       F4 0C
 A690  10 E8 51 F4 B4 10      C  DB 010h,0e8h,051h,0f4h,0b4h,010h,0b1h,050h
       B1 50
 A698  E8 39 F4 24 EF 0A      C  DB 0e8h,039h,0f4h,024h,0efh,00ah,0c4h,0e8h
       C4 E8
 A6A0  3E F4 61 F8 C3 C3      C  DB 03eh,0f4h,061h,0f8h,0c3h,0c3h,087h,0dbh
       87 DB
 A6A8  BE 04 62 E8 CA 76      C  DB 0beh,004h,062h,0e8h,0cah,076h,00ah,0c0h
       0A C0
 A6B0  C3 32 C0 C3 C3 87      C  DB 0c3h,032h,0c0h,0c3h,0c3h,087h,0dbh,090h
       DB 90
 A6B8  C3 87 DB 90 F9 C3      C  DB 0c3h,087h,0dbh,090h,0f9h,0c3h,087h,0dbh
       87 DB
 A6C0  C3 87 DB 90 1E 9C      C  DB 0c3h,087h,0dbh,090h,01eh,09ch,060h,0b0h
       60 B0
 A6C8  FF E8 C4 31 B0 E0      C  DB 0ffh,0e8h,0c4h,031h,0b0h,0e0h,0e8h,0b9h
       E8 B9
 A6D0  42 0A C0 0F 84 78      C  DB 042h,00ah,0c0h,00fh,084h,078h,000h,0b4h
       00 B4
 A6D8  01 E8 CC 00 FA BE      C  DB 001h,0e8h,0cch,000h,0fah,0beh,008h,059h
       08 59
 A6E0  E8 95 76 0A C0 0F      C  DB 0e8h,095h,076h,00ah,0c0h,00fh,084h,066h
       84 66
 A6E8  00 B0 50 E6 22 E7      C  DB 000h,0b0h,050h,0e6h,022h,0e7h,0e1h,0e4h
       E1 E4
 A6F0  23 E7 E1 24 F7 8A      C  DB 023h,0e7h,0e1h,024h,0f7h,08ah,0e0h,0b0h
       E0 B0
 A6F8  50 E6 22 E7 E1 8A      C  DB 050h,0e6h,022h,0e7h,0e1h,08ah,0c4h,0e6h
       C4 E6
 A700  23 E7 E1 B0 51 E6      C  DB 023h,0e7h,0e1h,0b0h,051h,0e6h,022h,0e7h
       22 E7
 A708  E1 E4 23 E7 E1 0C      C  DB 0e1h,0e4h,023h,0e7h,0e1h,00ch,084h,08ah
       84 8A
 A710  E0 B0 51 E6 22 E7      C  DB 0e0h,0b0h,051h,0e6h,022h,0e7h,0e1h,08ah
       E1 8A
 A718  C4 E6 23 E7 E1 BF      C  DB 0c4h,0e6h,023h,0e7h,0e1h,0bfh,023h,0a7h
       23 A7
 A720  E9 B9 00 BE FE 62      C  DB 0e9h,0b9h,000h,0beh,0feh,062h,0e8h,04fh
       E8 4F
 A728  76 0A C0 74 22 B0      C  DB 076h,00ah,0c0h,074h,022h,0b0h,050h,0e6h
       50 E6
 A730  22 E7 E1 E4 23 E7      C  DB 022h,0e7h,0e1h,0e4h,023h,0e7h,0e1h,00ch
       E1 0C
 A738  08 8A E0 B0 50 E6      C  DB 008h,08ah,0e0h,0b0h,050h,0e6h,022h,0e7h
       22 E7
 A740  E1 8A C4 E6 23 E7      C  DB 0e1h,08ah,0c4h,0e6h,023h,0e7h,0e1h,0bfh
       E1 BF
 A748  4D A7 E9 8F 00 EB      C  DB 04dh,0a7h,0e9h,08fh,000h,0ebh,000h,0b4h
       00 B4
 A750  00 E8 54 00 BE 49      C  DB 000h,0e8h,054h,000h,0beh,049h,063h,0e8h
       63 E8
 A758  1E 76 32 FF 0A C0      C  DB 01eh,076h,032h,0ffh,00ah,0c0h,074h,018h
       74 18
 A760  B1 63 E8 6F F3 A8      C  DB 0b1h,063h,0e8h,06fh,0f3h,0a8h,080h,075h
       80 75
 A768  0F E8 20 E6 72 07      C  DB 00fh,0e8h,020h,0e6h,072h,007h,0e8h,023h
       E8 23
 A770  E7 3C 3C 74 03 80      C  DB 0e7h,03ch,03ch,074h,003h,080h,0cfh,020h
       CF 20
 A778  BE 62 63 E8 FA 75      C  DB 0beh,062h,063h,0e8h,0fah,075h,00ah,0c0h
       0A C0
 A780  74 03 80 CF 10 B1      C  DB 074h,003h,080h,0cfh,010h,0b1h,053h,0e8h
       53 E8
 A788  4A F3 0A C7 E8 51      C  DB 04ah,0f3h,00ah,0c7h,0e8h,051h,0f3h,0beh
       F3 BE
 A790  EF 58 E8 E3 75 A8      C  DB 0efh,058h,0e8h,0e3h,075h,0a8h,001h,0b0h
       01 B0
 A798  FF 75 02 B0 00 E8      C  DB 0ffh,075h,002h,0b0h,000h,0e8h,0f0h,030h
       F0 30
 A7A0  61 9D 1F F8 C3 87      C  DB 061h,09dh,01fh,0f8h,0c3h,087h,0dbh,090h
       DB 90
 A7A8  50 E8 C8 FC 3C 05      C  DB 050h,0e8h,0c8h,0fch,03ch,005h,058h,076h
       58 76
 A7B0  0C 0A E4 74 05 E8      C  DB 00ch,00ah,0e4h,074h,005h,0e8h,050h,04fh
       50 4F
 A7B8  EB 03 E8 9B 4F C3      C  DB 0ebh,003h,0e8h,09bh,04fh,0c3h,018h,000h
       18 00
 A7C0  C4 A7 0F 00 00 00      C  DB 0c4h,0a7h,00fh,000h,000h,000h,000h,000h
       00 00
 A7C8  00 00 00 00 FF FF      C  DB 000h,000h,000h,000h,0ffh,0ffh,000h,000h
       00 00
 A7D0  0F 9F 00 00 FF FF      C  DB 00fh,09fh,000h,000h,0ffh,0ffh,000h,000h
       00 00
 A7D8  00 93 8F 00 B0 E0      C  DB 000h,093h,08fh,000h,0b0h,0e0h,0e6h,070h
       E6 70
 A7E0  E4 71 3C 05 76 3D      C  DB 0e4h,071h,03ch,005h,076h,03dh,08ch,0c8h
       8C C8
 A7E8  8E D8 8D 36 BE A7      C  DB 08eh,0d8h,08dh,036h,0beh,0a7h,00fh,001h
       0F 01
 A7F0  14 0F 20 C0 66 83      C  DB 014h,00fh,020h,0c0h,066h,083h,0c8h,001h
       C8 01
 A7F8  0F 22 C0 EB 00 B8      C  DB 00fh,022h,0c0h,0ebh,000h,0b8h,010h,000h
       10 00
 A800  8E D8 FC 66 BE 00      C  DB 08eh,0d8h,0fch,066h,0beh,000h,000h,010h
       00 10
 A808  00 66 B9 00 00 08      C  DB 000h,066h,0b9h,000h,000h,008h,000h,066h
       00 66
 A810  F3 67 66 AD 0F 20      C  DB 0f3h,067h,066h,0adh,00fh,020h,0c0h,024h
       C0 24
 A818  FE 0F 22 C0 EA 21      C  DB 0feh,00fh,022h,0c0h,0eah,021h,0a8h,000h
       A8 00
 A820  F0 FF E7 FC BB 00      C  DB 0f0h,0ffh,0e7h,0fch,0bbh,000h,080h,08eh
       80 8E
 A828  DB B9 00 40 33 F6      C  DB 0dbh,0b9h,000h,040h,033h,0f6h,0f3h,066h
       F3 66
 A830  AD 80 EF 10 73 F1      C  DB 0adh,080h,0efh,010h,073h,0f1h,0ffh,0e7h
       FF E7
 A838  F9 C3 C0 14 C5 0A      C  DB 0f9h,0c3h,0c0h,014h,0c5h,00ah,0c6h,006h
       C6 06
 A840  C8 0C C9 07 CB 00      C  DB 0c8h,00ch,0c9h,007h,0cbh,000h,0cch,000h
       CC 00
 A848  CE 00 CF 00 C1 12      C  DB 0ceh,000h,0cfh,000h,0c1h,012h,0c2h,080h
       C2 80
 A850  C3 00 87 DB 60 E8      C  DB 0c3h,000h,087h,0dbh,060h,0e8h,03ch,0e6h
       3C E6
 A858  75 0F E8 B5 E6 B1      C  DB 075h,00fh,0e8h,0b5h,0e6h,0b1h,05bh,0e8h
       5B E8
 A860  72 F2 A8 E0 75 03      C  DB 072h,0f2h,0a8h,0e0h,075h,003h,0e8h,079h
       E8 79
 A868  E5 61 C3 90 B1 52      C  DB 0e5h,061h,0c3h,090h,0b1h,052h,0e8h,063h
       E8 63
 A870  F2 24 F1 E8 6A F2      C  DB 0f2h,024h,0f1h,0e8h,06ah,0f2h,0c3h,000h
       C3 00
 A878  00 00 00 00 00 00      C  DB 000h,000h,000h,000h,000h,000h,000h,000h
       00 00
 A880  60 24 01 E8 2E 00      C  DB 060h,024h,001h,0e8h,02eh,000h,061h,0c3h
       61 C3
 A888  2E F6 06 E8 FF 04      C  DB 02eh,0f6h,006h,0e8h,0ffh,004h,00fh,085h
       0F 85
 A890  66 00 1E 50 B8 40      C  DB 066h,000h,01eh,050h,0b8h,040h,000h,08eh
       00 8E
 A898  D8 58 B5 01 81 26      C  DB 0d8h,058h,0b5h,001h,081h,026h,015h,000h
       15 00
 A8A0  7F FF A8 01 74 0A      C  DB 07fh,0ffh,0a8h,001h,074h,00ah,081h,00eh
       81 0E
 A8A8  15 00 80 00 8A E9      C  DB 015h,000h,080h,000h,08ah,0e9h,0feh,0cdh
       FE CD
 A8B0  1F E8 45 00 2E F6      C  DB 01fh,0e8h,045h,000h,02eh,0f6h,006h,0ech
       06 EC
 A8B8  FF 01 74 05 50 E8      C  DB 0ffh,001h,074h,005h,050h,0e8h,070h,0fbh
       70 FB
 A8C0  58 2E F6 06 EC FF      C  DB 058h,02eh,0f6h,006h,0ech,0ffh,002h,074h
       02 74
 A8C8  2C 50 B0 BD E6 70      C  DB 02ch,050h,0b0h,0bdh,0e6h,070h,0e7h,0e1h
       E7 E1
 A8D0  E4 71 E7 E1 8A D8      C  DB 0e4h,071h,0e7h,0e1h,08ah,0d8h,058h,080h
       58 80
 A8D8  E3 7E 90 80 FB 1A      C  DB 0e3h,07eh,090h,080h,0fbh,01ah,074h,005h
       74 05
 A8E0  80 FB 34 75 0B 66      C  DB 080h,0fbh,034h,075h,00bh,066h,050h,00fh
       50 0F
 A8E8  20 C0 A8 01 66 58      C  DB 020h,0c0h,0a8h,001h,066h,058h,075h,005h
       75 05
 A8F0  50 E8 5C 2F 58 E8      C  DB 050h,0e8h,05ch,02fh,058h,0e8h,038h,000h
       38 00
 A8F8  C3 50 A8 00 74 22      C  DB 0c3h,050h,0a8h,000h,074h,022h,02eh,0f6h
       2E F6
 A900  06 E1 FF 80 75 1A      C  DB 006h,0e1h,0ffh,080h,075h,01ah,050h,0b9h
       50 B9
 A908  00 A0 E8 B3 20 58      C  DB 000h,0a0h,0e8h,0b3h,020h,058h,0a8h,001h
       A8 01
 A910  74 0E B9 00 28 87      C  DB 074h,00eh,0b9h,000h,028h,087h,0dbh,090h
       DB 90
 A918  E2 FE B9 00 A0 E8      C  DB 0e2h,0feh,0b9h,000h,0a0h,0e8h,0a0h,020h
       A0 20
 A920  58 FB C3 90 4F A9      C  DB 058h,0fbh,0c3h,090h,04fh,0a9h,0a2h,0a9h
       A2 A9
 A928  B9 A9 BF A9 C0 A9      C  DB 0b9h,0a9h,0bfh,0a9h,0c0h,0a9h,0a2h,0a9h
       A2 A9
 A930  60 50 2E F6 06 E2      C  DB 060h,050h,02eh,0f6h,006h,0e2h,0ffh,004h
       FF 04
 A938  75 12 32 FF 2E 8A      C  DB 075h,012h,032h,0ffh,02eh,08ah,01eh,0edh
       1E ED
 A940  FF D1 E3 81 C3 24      C  DB 0ffh,0d1h,0e3h,081h,0c3h,024h,0a9h,02eh
       A9 2E
 A948  8B 17 FF D2 58 61      C  DB 08bh,017h,0ffh,0d2h,058h,061h,0c3h,0beh
       C3 BE
 A950  81 A9 E8 50 00 2E      C  DB 081h,0a9h,0e8h,050h,000h,02eh,0f6h,006h
       F6 06
 A958  E6 FF F0 74 23 E8      C  DB 0e6h,0ffh,0f0h,074h,023h,0e8h,062h,000h
       62 00
 A960  72 1E 50 80 E4 0F      C  DB 072h,01eh,050h,080h,0e4h,00fh,080h,0cch
       80 CC
 A968  90 2E A0 E6 FF C0      C  DB 090h,02eh,0a0h,0e6h,0ffh,0c0h,0e8h,004h
       E8 04
 A970  8A FC 0A F8 8A DC      C  DB 08ah,0fch,00ah,0f8h,08ah,0dch,0f6h,0d0h
       F6 D0
 A978  22 D8 B2 F0 58 E8      C  DB 022h,0d8h,0b2h,0f0h,058h,0e8h,098h,000h
       98 00
 A980  C3 B2 BA 04 B3 BB      C  DB 0c3h,0b2h,0bah,004h,0b3h,0bbh,008h,000h
       08 00
 A988  B4 BC 04 B5 BD 08      C  DB 0b4h,0bch,004h,0b5h,0bdh,008h,0b0h,0b8h
       B0 B8
 A990  10 B1 B9 20 B2 BA      C  DB 010h,0b1h,0b9h,020h,0b2h,0bah,040h,0b3h
       40 B3
 A998  BB 80 00 EA E5 04      C  DB 0bbh,080h,000h,0eah,0e5h,004h,0e6h,0e9h
       E6 E9
 A9A0  08 00 BE 88 A9 2E      C  DB 008h,000h,0beh,088h,0a9h,02eh,08bh,01ch
       8B 1C
 A9A8  0A DB 74 0C 2E 8A      C  DB 00ah,0dbh,074h,00ch,02eh,08ah,054h,002h
       54 02
 A9B0  E8 65 00 83 C6 03      C  DB 0e8h,065h,000h,083h,0c6h,003h,0ebh,0edh
       EB ED
 A9B8  C3 BE 9B A9 EB E7      C  DB 0c3h,0beh,09bh,0a9h,0ebh,0e7h,0c3h,0c3h
       C3 C3
 A9C0  C3 C3 FA 8A E0 50      C  DB 0c3h,0c3h,0fah,08ah,0e0h,050h,0b0h,0c0h
       B0 C0
 A9C8  E8 71 20 E8 96 20      C  DB 0e8h,071h,020h,0e8h,096h,020h,058h,075h
       58 75
 A9D0  13 50 E8 7B 20 58      C  DB 013h,050h,0e8h,07bh,020h,058h,074h,00ch
       74 0C
 A9D8  EB 00 EB 00 E4 60      C  DB 0ebh,000h,0ebh,000h,0e4h,060h,0e7h,0e1h
       E7 E1
 A9E0  86 E0 F8 C3 86 E0      C  DB 086h,0e0h,0f8h,0c3h,086h,0e0h,0f9h,0c3h
       F9 C3
 A9E8  60 BE 88 A9 2E 8B      C  DB 060h,0beh,088h,0a9h,02eh,08bh,01ch,00ah
       1C 0A
 A9F0  DB 74 0C 2E 8A 54      C  DB 0dbh,074h,00ch,02eh,08ah,054h,002h,0e8h
       02 E8
 A9F8  07 00 83 C6 03 EB      C  DB 007h,000h,083h,0c6h,003h,0ebh,0edh,061h
       ED 61
 AA00  C3 50 80 FA 20 77      C  DB 0c3h,050h,080h,0fah,020h,077h,008h,02eh
       08 2E
 AA08  F6 06 EC FF 80 75      C  DB 0f6h,006h,0ech,0ffh,080h,075h,05bh,02eh
       5B 2E
 AA10  84 16 E7 FF 74 54      C  DB 084h,016h,0e7h,0ffh,074h,054h,0ebh,015h
       EB 15
 AA18  50 80 FA 20 77 08      C  DB 050h,080h,0fah,020h,077h,008h,02eh,0f6h
       2E F6
 AA20  06 EC FF 80 75 44      C  DB 006h,0ech,0ffh,080h,075h,044h,02eh,084h
       2E 84
 AA28  16 E6 FF 74 3D A8      C  DB 016h,0e6h,0ffh,074h,03dh,0a8h,001h,075h
       01 75
 AA30  0F 8A C3 2E F6 06      C  DB 00fh,08ah,0c3h,02eh,0f6h,006h,0e1h,0ffh
       E1 FF
 AA38  01 74 11 8A C7 EB      C  DB 001h,074h,011h,08ah,0c7h,0ebh,00dh,090h
       0D 90
 AA40  8A C7 2E F6 06 E1      C  DB 08ah,0c7h,02eh,0f6h,006h,0e1h,0ffh,001h
       FF 01
 AA48  74 02 8A C3 FA E6      C  DB 074h,002h,08ah,0c3h,0fah,0e6h,064h,0e7h
       64 E7
 AA50  E1 E8 10 20 51 33      C  DB 0e1h,0e8h,010h,020h,051h,033h,0c9h,0e4h
       C9 E4
 AA58  64 E7 E1 A8 01 90      C  DB 064h,0e7h,0e1h,0a8h,001h,090h,090h,0e1h
       90 E1
 AA60  F6 59 E4 60 E7 E1      C  DB 0f6h,059h,0e4h,060h,0e7h,0e1h,0e4h,060h
       E4 60
 AA68  E7 E1 58 C3 E6 64      C  DB 0e7h,0e1h,058h,0c3h,0e6h,064h,0e9h,0f3h
       E9 F3
 AA70  1F E6 64 33 C9 E3      C  DB 01fh,0e6h,064h,033h,0c9h,0e3h,000h,0e4h
       00 E4
 AA78  64 24 03 3C 03 74      C  DB 064h,024h,003h,03ch,003h,074h,005h,0a8h
       05 A8
 AA80  02 E0 F2 C3 33 C9      C  DB 002h,0e0h,0f2h,0c3h,033h,0c9h,0c3h,033h
       C3 33
 AA88  C9 E3 00 E4 64 A8      C  DB 0c9h,0e3h,000h,0e4h,064h,0a8h,001h,0e1h
       01 E1
 AA90  F8 74 04 E4 60 E7      C  DB 0f8h,074h,004h,0e4h,060h,0e7h,0e1h,0c3h
       E1 C3
 AA98  B0 0B EE E7 E1 EC      C  DB 0b0h,00bh,0eeh,0e7h,0e1h,0ech,0ebh,000h
       EB 00
 AAA0  EB 00 C3 C3 00 00      C  DB 0ebh,000h,0c3h,0c3h,000h,000h,000h,000h
       00 00
 AAA8  00 00 00 00 00 00      C  DB 000h,000h,000h,000h,000h,000h,000h,000h
       00 00
 AAB0  82 AF 94 AF BA AF      C  DB 082h,0afh,094h,0afh,0bah,0afh,011h,0b0h
       11 B0
 AAB8  DF 02 25 02 09 2A      C  DB 0dfh,002h,025h,002h,009h,02ah,0ffh,050h
       FF 50
 AAC0  F6 0F 08 27 80 DF      C  DB 0f6h,00fh,008h,027h,080h,0dfh,002h,025h
       02 25
 AAC8  02 09 2A FF 50 F6      C  DB 002h,009h,02ah,0ffh,050h,0f6h,00fh,008h
       0F 08
 AAD0  27 40 DF 02 25 02      C  DB 027h,040h,0dfh,002h,025h,002h,00fh,01bh
       0F 1B
 AAD8  FF 54 F6 0F 08 4F      C  DB 0ffh,054h,0f6h,00fh,008h,04fh,000h,0dfh
       00 DF
 AAE0  02 25 02 09 2A FF      C  DB 002h,025h,002h,009h,02ah,0ffh,050h,0f6h
       50 F6
 AAE8  0F 08 4F 80 DF 02      C  DB 00fh,008h,04fh,080h,0dfh,002h,025h,002h
       25 02
 AAF0  09 2A FF 50 F6 0F      C  DB 009h,02ah,0ffh,050h,0f6h,00fh,008h,04fh
       08 4F
 AAF8  80 AF 02 25 02 12      C  DB 080h,0afh,002h,025h,002h,012h,01bh,0ffh
       1B FF
 AB00  6C F6 0F 08 4F 00      C  DB 06ch,0f6h,00fh,008h,04fh,000h,0afh,002h
       AF 02
 AB08  25 02 24 1B FF 54      C  DB 025h,002h,024h,01bh,0ffh,054h,0f6h,00fh
       F6 0F
 AB10  08 4F C0 90 46 4A      C  DB 008h,04fh,0c0h,090h,046h,04ah,042h,090h
       42 90
 AB18  04 04 02 02 01 04      C  DB 004h,004h,002h,002h,001h,004h,005h,005h
       05 05
 AB20  00 00 70 10 90 90      C  DB 000h,000h,070h,010h,090h,090h,000h,007h
       00 07
 AB28  03 07 00 07 03 07      C  DB 003h,007h,000h,007h,003h,007h,007h,007h
       07 07
 AB30  07 07 01 01 04 04      C  DB 007h,007h,001h,001h,004h,004h,000h,093h
       00 93
 AB38  15 97 17 90 01 01      C  DB 015h,097h,017h,090h,001h,001h,002h,001h
       02 01
 AB40  02 03 87 DB E8 7A      C  DB 002h,003h,087h,0dbh,0e8h,07ah,0efh,0fbh
       EF FB
 AB48  56 1E 06 57 FC 50      C  DB 056h,01eh,006h,057h,0fch,050h,0b8h,040h
       B8 40
 AB50  00 8E D8 F6 06 CC      C  DB 000h,08eh,0d8h,0f6h,006h,0cch,000h,020h
       00 20
 AB58  74 03 80 F2 01 58      C  DB 074h,003h,080h,0f2h,001h,058h,052h,051h
       52 51
 AB60  53 50 8C C8 8E D8      C  DB 053h,050h,08ch,0c8h,08eh,0d8h,0b8h,040h
       B8 40
 AB68  00 8E C0 2E F6 06      C  DB 000h,08eh,0c0h,02eh,0f6h,006h,0e8h,0ffh
       E8 FF
 AB70  02 75 05 32 C0 E8      C  DB 002h,075h,005h,032h,0c0h,0e8h,008h,0fdh
       08 FD
 AB78  57 BF 7F AB E9 2E      C  DB 057h,0bfh,07fh,0abh,0e9h,02eh,00ch,05fh
       0C 5F
 AB80  55 8B EC 81 4E 16      C  DB 055h,08bh,0ech,081h,04eh,016h,000h,002h
       00 02
 AB88  80 7E 03 01 77 14      C  DB 080h,07eh,003h,001h,077h,014h,074h,00bh
       74 0B
 AB90  26 C6 06 41 00 00      C  DB 026h,0c6h,006h,041h,000h,000h,0e8h,077h
       E8 77
 AB98  06 EB 63 26 8A 26      C  DB 006h,0ebh,063h,026h,08ah,026h,041h,000h
       41 00
 ABA0  EB 5C 26 C6 06 41      C  DB 0ebh,05ch,026h,0c6h,006h,041h,000h,000h
       00 00
 ABA8  80 7E 03 05 77 0A      C  DB 080h,07eh,003h,005h,077h,00ah,0bbh,064h
       BB 64
 ABB0  AC 72 33 BB F4 AD      C  DB 0ach,072h,033h,0bbh,0f4h,0adh,0ebh,02eh
       EB 2E
 ABB8  80 7E 03 08 75 11      C  DB 080h,07eh,003h,008h,075h,011h,08ah,046h
       8A 46
 ABC0  08 50 E8 FB 02 5B      C  DB 008h,050h,0e8h,0fbh,002h,05bh,050h,08ah
       50 8A
 ABC8  C3 E8 CB 04 58 EB      C  DB 0c3h,0e8h,0cbh,004h,058h,0ebh,034h,08ah
       34 8A
 ABD0  5E 03 32 FF 80 FB      C  DB 05eh,003h,032h,0ffh,080h,0fbh,018h,00fh
       18 0F
 ABD8  87 82 00 83 EB 15      C  DB 087h,082h,000h,083h,0ebh,015h,072h,07dh
       72 7D
 ABE0  D1 E3 8B 9F B0 AA      C  DB 0d1h,0e3h,08bh,09fh,0b0h,0aah,080h,07eh
       80 7E
 ABE8  08 01 77 71 FF E3      C  DB 008h,001h,077h,071h,0ffh,0e3h,087h,0dbh
       87 DB
 ABF0  50 8A 46 08 E8 A0      C  DB 050h,08ah,046h,008h,0e8h,0a0h,004h,058h
       04 58
 ABF8  80 7E 03 15 74 0D      C  DB 080h,07eh,003h,015h,074h,00dh,026h,088h
       26 88
 AC00  26 41 00 83 4E 16      C  DB 026h,041h,000h,083h,04eh,016h,001h,00ah
       01 0A
 AC08  E4 75 04 83 66 16      C  DB 0e4h,075h,004h,083h,066h,016h,0feh,088h
       FE 88
 AC10  66 03 B0 02 E8 81      C  DB 066h,003h,0b0h,002h,0e8h,081h,00bh,026h
       0B 26
 AC18  A2 40 00 2E F6 06      C  DB 0a2h,040h,000h,02eh,0f6h,006h,0e8h,0ffh
       E8 FF
 AC20  02 75 14 B8 40 00      C  DB 002h,075h,014h,0b8h,040h,000h,08eh,0d8h
       8E D8
 AC28  32 C0 F7 06 15 00      C  DB 032h,0c0h,0f7h,006h,015h,000h,080h,000h
       80 00
 AC30  74 02 B0 01 E8 49      C  DB 074h,002h,0b0h,001h,0e8h,049h,0fch,0bfh
       FC BF
 AC38  3D AC E9 70 0B 8B      C  DB 03dh,0ach,0e9h,070h,00bh,08bh,0e5h,05dh
       E5 5D
 AC40  58 5B 59 5A 50 B8      C  DB 058h,05bh,059h,05ah,050h,0b8h,040h,000h
       40 00
 AC48  8E D8 F6 06 CC 00      C  DB 08eh,0d8h,0f6h,006h,0cch,000h,020h,074h
       20 74
 AC50  03 80 F2 01 58 5F      C  DB 003h,080h,0f2h,001h,058h,05fh,007h,01fh
       07 1F
 AC58  5E E8 66 EE CF B4      C  DB 05eh,0e8h,066h,0eeh,0cfh,0b4h,001h,0ebh
       01 EB
 AC60  9D 87 DB 90 8A 46      C  DB 09dh,087h,0dbh,090h,08ah,046h,008h,0e8h
       08 E8
 AC68  22 0A 0A E4 75 05      C  DB 022h,00ah,00ah,0e4h,075h,005h,0b4h,080h
       B4 80
 AC70  E9 4D 01 26 80 26      C  DB 0e9h,04dh,001h,026h,080h,026h,03fh,000h
       3F 00
 AC78  7F 80 7E 03 03 75      C  DB 07fh,080h,07eh,003h,003h,075h,006h,026h
       06 26
 AC80  80 0E 3F 00 80 50      C  DB 080h,00eh,03fh,000h,080h,050h,0e8h,06fh
       E8 6F
 AC88  06 58 E8 B7 09 F6      C  DB 006h,058h,0e8h,0b7h,009h,0f6h,0c4h,010h
       C4 10
 AC90  75 03 E8 DD 08 26      C  DB 075h,003h,0e8h,0ddh,008h,026h,0c6h,006h
       C6 06
 AC98  40 00 FF E8 EE 09      C  DB 040h,000h,0ffh,0e8h,0eeh,009h,0f6h,0c4h
       F6 C4
 ACA0  01 74 0A E8 3B 04      C  DB 001h,074h,00ah,0e8h,03bh,004h,00ah,0e4h
       0A E4
 ACA8  74 03 E9 13 01 32      C  DB 074h,003h,0e9h,013h,001h,032h,0c0h,0e8h
       C0 E8
 ACB0  E6 0A 8A D8 B0 01      C  DB 0e6h,00ah,08ah,0d8h,0b0h,001h,0e8h,0dfh
       E8 DF
 ACB8  0A 8A F8 8A 46 08      C  DB 00ah,08ah,0f8h,08ah,046h,008h,0e8h,083h
       E8 83
 ACC0  09 80 E4 C0 80 FC      C  DB 009h,080h,0e4h,0c0h,080h,0fch,0c0h,074h
       C0 74
 ACC8  04 0A E4 75 0A E8      C  DB 004h,00ah,0e4h,075h,00ah,0e8h,0ech,009h
       EC 09
 ACD0  80 FC 04 75 02 B3      C  DB 080h,0fch,004h,075h,002h,0b3h,0afh,053h
       AF 53
 ACD8  8B F4 B4 03 B3 03      C  DB 08bh,0f4h,0b4h,003h,0b3h,003h,0e8h,057h
       E8 57
 ACE0  07 5B 0A E4 74 03      C  DB 007h,05bh,00ah,0e4h,074h,003h,0e9h,0b0h
       E9 B0
 ACE8  00 8A 46 08 E8 C9      C  DB 000h,08ah,046h,008h,0e8h,0c9h,008h,0e8h
       08 E8
 ACF0  7A 07 0A E4 74 03      C  DB 07ah,007h,00ah,0e4h,074h,003h,0e9h,0a0h
       E9 A0
 ACF8  00 8A 46 08 8A 66      C  DB 000h,08ah,046h,008h,08ah,066h,007h,0e8h
       07 E8
 AD00  06 04 0A E4 74 03      C  DB 006h,004h,00ah,0e4h,074h,003h,0e9h,090h
       E9 90
 AD08  00 B0 03 E8 8A 0A      C  DB 000h,0b0h,003h,0e8h,08ah,00ah,08ah,0c8h
       8A C8
 AD10  80 C1 07 8A 46 02      C  DB 080h,0c1h,007h,08ah,046h,002h,032h,0e4h
       32 E4
 AD18  D3 E0 48 50 FF 76      C  DB 0d3h,0e0h,048h,050h,0ffh,076h,00ch,0ffh
       0C FF
 AD20  76 04 8A 5E 03 32      C  DB 076h,004h,08ah,05eh,003h,032h,0ffh,083h
       FF 83
 AD28  EB 02 8A 87 14 AB      C  DB 0ebh,002h,08ah,087h,014h,0abh,08bh,0f4h
       8B F4
 AD30  E8 95 06 83 C4 06      C  DB 0e8h,095h,006h,083h,0c4h,006h,00ah,0e4h
       0A E4
 AD38  74 02 EB 5D B0 06      C  DB 074h,002h,0ebh,05dh,0b0h,006h,0e8h,057h
       E8 57
 AD40  0A 8A F8 B3 1B 8A      C  DB 00ah,08ah,0f8h,0b3h,01bh,08ah,046h,008h
       46 08
 AD48  E8 F9 08 80 E4 C0      C  DB 0e8h,0f9h,008h,080h,0e4h,0c0h,074h,007h
       74 07
 AD50  80 FC C0 74 02 B3      C  DB 080h,0fch,0c0h,074h,002h,0b3h,02ah,053h
       2A 53
 AD58  B0 04 E8 3B 0A 8A      C  DB 0b0h,004h,0e8h,03bh,00ah,08ah,0f8h,0b0h
       F8 B0
 AD60  03 E8 34 0A 8A D8      C  DB 003h,0e8h,034h,00ah,08ah,0d8h,053h,08ah
       53 8A
 AD68  7E 06 8A 5E 09 53      C  DB 07eh,006h,08ah,05eh,009h,053h,08ah,07eh
       8A 7E
 AD70  07 8A 5E 09 80 E3      C  DB 007h,08ah,05eh,009h,080h,0e3h,001h,0c0h
       01 C0
 AD78  E3 02 0A 5E 08 53      C  DB 0e3h,002h,00ah,05eh,008h,053h,0b4h,0e6h
       B4 E6
 AD80  80 7E 03 03 75 02      C  DB 080h,07eh,003h,003h,075h,002h,0b4h,0c5h
       B4 C5
 AD88  B3 09 8B F4 E8 A9      C  DB 0b3h,009h,08bh,0f4h,0e8h,0a9h,006h,083h
       06 83
 AD90  C4 08 0A E4 75 03      C  DB 0c4h,008h,00ah,0e4h,075h,003h,0e8h,05fh
       E8 5F
 AD98  07 0A E4 74 29 80      C  DB 007h,00ah,0e4h,074h,029h,080h,0fch,080h
       FC 80
 ADA0  74 1E 80 FC 09 74      C  DB 074h,01eh,080h,0fch,009h,074h,019h,08ah
       19 8A
 ADA8  FC 8A 46 08 E8 95      C  DB 0fch,08ah,046h,008h,0e8h,095h,008h,0f6h
       08 F6
 ADB0  C4 10 8A E7 75 0A      C  DB 0c4h,010h,08ah,0e7h,075h,00ah,0e8h,027h
       E8 27
 ADB8  08 0A E4 75 03 E9      C  DB 008h,00ah,0e4h,075h,003h,0e9h,0d5h,0feh
       D5 FE
 ADC0  C6 46 02 00 EB 14      C  DB 0c6h,046h,002h,000h,0ebh,014h,08ah,046h
       8A 46
 ADC8  08 E8 40 08 8B 4E      C  DB 008h,0e8h,040h,008h,08bh,04eh,006h,08ah
       06 8A
 ADD0  76 09 E8 CF 05 88      C  DB 076h,009h,0e8h,0cfh,005h,088h,046h,002h
       46 02
 ADD8  32 E4 E9 13 FE 60      C  DB 032h,0e4h,0e9h,013h,0feh,060h,08ah,046h
       8A 46
 ADE0  08 E8 60 08 80 E4      C  DB 008h,0e8h,060h,008h,080h,0e4h,0c0h,080h
       C0 80
 ADE8  FC C0 74 03 61 F8      C  DB 0fch,0c0h,074h,003h,061h,0f8h,0c3h,061h
       C3 61
 ADF0  B0 24 F9 C3 8A 46      C  DB 0b0h,024h,0f9h,0c3h,08ah,046h,008h,0e8h
       08 E8
 ADF8  92 08 0A E4 75 05      C  DB 092h,008h,00ah,0e4h,075h,005h,0b4h,080h
       B4 80
 AE00  E9 BA 00 E8 3E 08      C  DB 0e9h,0bah,000h,0e8h,03eh,008h,0f6h,0c4h
       F6 C4
 AE08  10 75 05 50 E8 01      C  DB 010h,075h,005h,050h,0e8h,001h,007h,058h
       07 58
 AE10  26 80 0E 3F 00 80      C  DB 026h,080h,00eh,03fh,000h,080h,050h,0e8h
       50 E8
 AE18  DE 04 58 E8 6E 08      C  DB 0deh,004h,058h,0e8h,06eh,008h,0f6h,0c4h
       F6 C4
 AE20  01 74 0A E8 BB 02      C  DB 001h,074h,00ah,0e8h,0bbh,002h,00ah,0e4h
       0A E4
 AE28  74 03 E9 90 00 8C      C  DB 074h,003h,0e9h,090h,000h,08ch,0dbh,0b9h
       DB B9
 AE30  01 00 8E D9 C5 36      C  DB 001h,000h,08eh,0d9h,0c5h,036h,068h,000h
       68 00
 AE38  FF 34 8E DB 8B F4      C  DB 0ffh,034h,08eh,0dbh,08bh,0f4h,0b4h,003h
       B4 03
 AE40  B3 03 E8 F3 05 5B      C  DB 0b3h,003h,0e8h,0f3h,005h,05bh,00ah,0e4h
       0A E4
 AE48  74 03 EB 71 90 8A      C  DB 074h,003h,0ebh,071h,090h,08ah,046h,008h
       46 08
 AE50  E8 65 07 B0 04 E8      C  DB 0e8h,065h,007h,0b0h,004h,0e8h,040h,009h
       40 09
 AE58  C1 E0 02 48 50 FF      C  DB 0c1h,0e0h,002h,048h,050h,0ffh,076h,00ch
       76 0C
 AE60  FF 76 04 8B F4 B0      C  DB 0ffh,076h,004h,08bh,0f4h,0b0h,04ah,0e8h
       4A E8
 AE68  5E 05 83 C4 06 0A      C  DB 05eh,005h,083h,0c4h,006h,00ah,0e4h,074h
       E4 74
 AE70  03 E9 66 FF 8A 46      C  DB 003h,0e9h,066h,0ffh,08ah,046h,008h,08ah
       08 8A
 AE78  66 07 E8 8B 02 0A      C  DB 066h,007h,0e8h,08bh,002h,00ah,0e4h,074h
       E4 74
 AE80  03 EB 3A 90 8C DB      C  DB 003h,0ebh,03ah,090h,08ch,0dbh,0b9h,001h
       B9 01
 AE88  00 8E D9 C5 36 68      C  DB 000h,08eh,0d9h,0c5h,036h,068h,000h,0ffh
       00 FF
 AE90  74 08 8A 64 07 8A      C  DB 074h,008h,08ah,064h,007h,08ah,044h,004h
       44 04
 AE98  50 8A 64 03 8E DB      C  DB 050h,08ah,064h,003h,08eh,0dbh,08ah,046h
       8A 46
 AEA0  09 24 01 C0 E0 02      C  DB 009h,024h,001h,0c0h,0e0h,002h,00ah,046h
       0A 46
 AEA8  08 50 8B F4 B4 4D      C  DB 008h,050h,08bh,0f4h,0b4h,04dh,0b3h,006h
       B3 06
 AEB0  E8 85 05 83 C4 06      C  DB 0e8h,085h,005h,083h,0c4h,006h,00ah,0e4h
       0A E4
 AEB8  75 03 E8 3B 06 E9      C  DB 075h,003h,0e8h,03bh,006h,0e9h,030h,0fdh
       30 FD
 AEC0  26 A0 10 00 A8 01      C  DB 026h,0a0h,010h,000h,0a8h,001h,075h,004h
       75 04
 AEC8  32 C0 EB 07 C0 C0      C  DB 032h,0c0h,0ebh,007h,0c0h,0c0h,002h,024h
       02 24
 AED0  01 FE C0 86 46 08      C  DB 001h,0feh,0c0h,086h,046h,008h,03ch,080h
       3C 80
 AED8  72 0A B4 01 C7 46      C  DB 072h,00ah,0b4h,001h,0c7h,046h,004h,000h
       04 00
 AEE0  00 E9 9D 00 80 7E      C  DB 000h,0e9h,09dh,000h,080h,07eh,008h,000h
       08 00
 AEE8  74 50 3C 01 77 4C      C  DB 074h,050h,03ch,001h,077h,04ch,0e8h,0dfh
       E8 DF
 AEF0  07 0A E4 74 22 80      C  DB 007h,00ah,0e4h,074h,022h,080h,0fch,005h
       FC 05
 AEF8  75 0F B4 04 E8 4D      C  DB 075h,00fh,0b4h,004h,0e8h,04dh,006h,083h
       06 83
 AF00  C6 1A C7 46 04 05      C  DB 0c6h,01ah,0c7h,046h,004h,005h,000h,0ebh
       00 EB
 AF08  5F 80 FC 04 77 09      C  DB 05fh,080h,0fch,004h,077h,009h,08ah,0dch
       8A DC
 AF10  32 FF 89 5E 04 EB      C  DB 032h,0ffh,089h,05eh,004h,0ebh,041h,0e8h
       41 E8
 AF18  2A 07 F6 C4 10 74      C  DB 02ah,007h,0f6h,0c4h,010h,074h,01bh,033h
       1B 33
 AF20  DB 89 5E 04 8A DC      C  DB 0dbh,089h,05eh,004h,08ah,0dch,0c0h,0c3h
       C0 C3
 AF28  03 80 E3 06 E8 5D      C  DB 003h,080h,0e3h,006h,0e8h,05dh,007h,080h
       07 80
 AF30  E4 01 0A DC 8A A7      C  DB 0e4h,001h,00ah,0dch,08ah,0a7h,018h,0abh
       18 AB
 AF38  EB 1E C6 46 02 00      C  DB 0ebh,01eh,0c6h,046h,002h,000h,0c7h,046h
       C7 46
 AF40  06 00 00 C6 46 09      C  DB 006h,000h,000h,0c6h,046h,009h,000h,0c7h
       00 C7
 AF48  46 0A 00 00 C7 46      C  DB 046h,00ah,000h,000h,0c7h,046h,00ch,000h
       0C 00
 AF50  00 C7 46 04 00 00      C  DB 000h,0c7h,046h,004h,000h,000h,0ebh,027h
       EB 27
 AF58  E8 F1 05 80 FC 05      C  DB 0e8h,0f1h,005h,080h,0fch,005h,074h,005h
       74 05
 AF60  F6 C4 01 75 03 83      C  DB 0f6h,0c4h,001h,075h,003h,083h,0c6h,00dh
       C6 0D
 AF68  C6 46 02 00 8A 44      C  DB 0c6h,046h,002h,000h,08ah,044h,004h,08ah
       04 8A
 AF70  64 0B 89 46 06 C6      C  DB 064h,00bh,089h,046h,006h,0c6h,046h,009h
       46 09
 AF78  01 89 76 0A 8C 4E      C  DB 001h,089h,076h,00ah,08ch,04eh,00ch,032h
       0C 32
 AF80  E4 C3 8A 46 08 E8      C  DB 0e4h,0c3h,08ah,046h,008h,0e8h,004h,007h
       04 07
 AF88  0A E4 74 05 80 E4      C  DB 00ah,0e4h,074h,005h,080h,0e4h,001h,0feh
       01 FE
 AF90  C4 E9 5C FC B7 80      C  DB 0c4h,0e9h,05ch,0fch,0b7h,080h,08ah,046h
       8A 46
 AF98  08 E8 F0 06 0A E4      C  DB 008h,0e8h,0f0h,006h,00ah,0e4h,074h,015h
       74 15
 AFA0  B7 06 F6 C4 01 74      C  DB 0b7h,006h,0f6h,0c4h,001h,074h,00eh,053h
       0E 53
 AFA8  50 E8 4C 03 58 E8      C  DB 050h,0e8h,04ch,003h,058h,0e8h,0b4h,005h
       B4 05
 AFB0  5B 75 02 32 FF 8A      C  DB 05bh,075h,002h,032h,0ffh,08ah,0e7h,0e9h
       E7 E9
 AFB8  36 FC 8A 46 08 80      C  DB 036h,0fch,08ah,046h,008h,080h,07eh,002h
       7E 02
 AFC0  01 75 05 B9 90 00      C  DB 001h,075h,005h,0b9h,090h,000h,0ebh,039h
       EB 39
 AFC8  50 E8 2C 03 58 50      C  DB 050h,0e8h,02ch,003h,058h,050h,0e8h,010h
       E8 10
 AFD0  01 8A EC 58 80 FD      C  DB 001h,08ah,0ech,058h,080h,0fdh,080h,075h
       80 75
 AFD8  04 32 C9 EB 24 33      C  DB 004h,032h,0c9h,0ebh,024h,033h,0dbh,00ah
       DB 0A
 AFE0  5E 02 74 05 80 FB      C  DB 05eh,002h,074h,005h,080h,0fbh,004h,076h
       04 76
 AFE8  05 B9 00 01 EB 13      C  DB 005h,0b9h,000h,001h,0ebh,013h,075h,00dh
       75 0D
 AFF0  E8 99 06 80 E4 06      C  DB 0e8h,099h,006h,080h,0e4h,006h,080h,0fch
       80 FC
 AFF8  06 75 02 FE C3 8A      C  DB 006h,075h,002h,0feh,0c3h,08ah,08fh,020h
       8F 20
 B000  AB E8 40 06 80 E4      C  DB 0abh,0e8h,040h,006h,080h,0e4h,00fh,00ah
       0F 0A
 B008  E1 E8 48 06 8A E5      C  DB 0e1h,0e8h,048h,006h,08ah,0e5h,0e9h,0dfh
       E9 DF
 B010  FB 8A 46 08 E8 75      C  DB 0fbh,08ah,046h,008h,0e8h,075h,006h,00ah
       06 0A
 B018  E4 74 73 F6 C4 01      C  DB 0e4h,074h,073h,0f6h,0c4h,001h,074h,015h
       74 15
 B020  50 E8 D4 02 58 50      C  DB 050h,0e8h,0d4h,002h,058h,050h,0e8h,0b8h
       E8 B8
 B028  00 8A EC 58 80 FD      C  DB 000h,08ah,0ech,058h,080h,0fdh,080h,075h
       80 75
 B030  04 8A E5 EB 5B 8A      C  DB 004h,08ah,0e5h,0ebh,05bh,08ah,046h,008h
       46 08
 B038  E8 95 06 0A E4 74      C  DB 0e8h,095h,006h,00ah,0e4h,074h,04fh,080h
       4F 80
 B040  FC 05 75 0B B4 04      C  DB 0fch,005h,075h,00bh,0b4h,004h,0e8h,003h
       E8 03
 B048  05 8A 26 41 AB EB      C  DB 005h,08ah,026h,041h,0abh,0ebh,014h,080h
       14 80
 B050  FC 04 76 02 B4 01      C  DB 0fch,004h,076h,002h,0b4h,001h,0e8h,0f3h
       E8 F3
 B058  04 53 8A DC B7 00      C  DB 004h,053h,08ah,0dch,0b7h,000h,08ah,0a7h
       8A A7
 B060  3C AB 5B 8A 4C 04      C  DB 03ch,0abh,05bh,08ah,04ch,004h,08ah,06ch
       8A 6C
 B068  0B 3B 4E 06 74 09      C  DB 00bh,03bh,04eh,006h,074h,009h,0feh,0cch
       FE CC
 B070  74 21 83 C6 0D EB      C  DB 074h,021h,083h,0c6h,00dh,0ebh,0ech,08ah
       EC 8A
 B078  64 0C 80 FC 40 75      C  DB 064h,00ch,080h,0fch,040h,075h,003h,080h
       03 80
 B080  CC 20 80 CC 10 E8      C  DB 0cch,020h,080h,0cch,010h,0e8h,0cch,005h
       CC 05
 B088  89 76 0A 8C 4E 0C      C  DB 089h,076h,00ah,08ch,04eh,00ch,033h,0c0h
       33 C0
 B090  E9 5D FB B4 0C EB      C  DB 0e9h,05dh,0fbh,0b4h,00ch,0ebh,0f9h,0b2h
       F9 B2
 B098  07 E8 F0 05 BB 01      C  DB 007h,0e8h,0f0h,005h,0bbh,001h,000h,022h
       00 22
 B0A0  DC E8 A0 05 8A F4      C  DB 0dch,0e8h,0a0h,005h,08ah,0f4h,08ah,0ech
       8A EC
 B0A8  80 E4 C0 74 18 80      C  DB 080h,0e4h,0c0h,074h,018h,080h,0fch,080h
       FC 80
 B0B0  77 24 74 03 80 CB      C  DB 077h,024h,074h,003h,080h,0cbh,008h,0c0h
       08 C0
 B0B8  ED 03 80 E5 06 0A      C  DB 0edh,003h,080h,0e5h,006h,00ah,0ddh,08ah
       DD 8A
 B0C0  97 26 AB EB 11 E8      C  DB 097h,026h,0abh,0ebh,011h,0e8h,0f4h,005h
       F4 05
 B0C8  80 FC 02 75 09 B2      C  DB 080h,0fch,002h,075h,009h,0b2h,002h,0f6h
       02 F6
 B0D0  C6 10 74 02 B2 05      C  DB 0c6h,010h,074h,002h,0b2h,005h,08ah,0e6h
       8A E6
 B0D8  80 E4 F8 0A E2 E8      C  DB 080h,0e4h,0f8h,00ah,0e2h,0e8h,074h,005h
       74 05
 B0E0  C3 E8 80 04 B4 00      C  DB 0c3h,0e8h,080h,004h,0b4h,000h,074h,01dh
       74 1D
 B0E8  E8 59 05 80 E4 EF      C  DB 0e8h,059h,005h,080h,0e4h,0efh,0e8h,063h
       E8 63
 B0F0  05 50 E8 2F 03 58      C  DB 005h,050h,0e8h,02fh,003h,058h,026h,080h
       26 80
 B0F8  0E 8B 00 C0 E8 65      C  DB 00eh,08bh,000h,0c0h,0e8h,065h,004h,0b4h
       04 B4
 B100  06 74 02 B4 80 C3      C  DB 006h,074h,002h,0b4h,080h,0c3h,087h,0dbh
       87 DB
 B108  B3 01 8A C8 D2 E3      C  DB 0b3h,001h,08ah,0c8h,0d2h,0e3h,026h,084h
       26 84
 B110  1E 3E 00 75 38 26      C  DB 01eh,03eh,000h,075h,038h,026h,008h,01eh
       08 1E
 B118  3E 00 8B D0 32 E4      C  DB 03eh,000h,08bh,0d0h,032h,0e4h,0e8h,057h
       E8 57
 B120  05 B9 02 00 51 52      C  DB 005h,0b9h,002h,000h,051h,052h,08bh,0f4h
       8B F4
 B128  B4 07 B3 02 E8 09      C  DB 0b4h,007h,0b3h,002h,0e8h,009h,003h,05ah
       03 5A
 B130  59 0A E4 75 4F 51      C  DB 059h,00ah,0e4h,075h,04fh,051h,052h,0e8h
       52 E8
 B138  2E 01 5A 59 0A E4      C  DB 02eh,001h,05ah,059h,00ah,0e4h,0e0h,0e4h
       E0 E4
 B140  75 42 8B C2 0A E4      C  DB 075h,042h,08bh,0c2h,00ah,0e4h,075h,005h
       75 05
 B148  E8 3A 00 EB 35 8B      C  DB 0e8h,03ah,000h,0ebh,035h,08bh,0d8h,0e8h
       D8 E8
 B150  F2 04 F6 C4 20 74      C  DB 0f2h,004h,0f6h,0c4h,020h,074h,002h,0d0h
       02 D0
 B158  E7 E8 0C 05 3A E7      C  DB 0e7h,0e8h,00ch,005h,03ah,0e7h,074h,022h
       74 22
 B160  8A E7 E8 13 05 53      C  DB 08ah,0e7h,0e8h,013h,005h,053h,08bh,0f4h
       8B F4
 B168  B4 0F B3 03 E8 C9      C  DB 0b4h,00fh,0b3h,003h,0e8h,0c9h,002h,05bh
       02 5B
 B170  0A E4 75 10 53 E8      C  DB 00ah,0e4h,075h,010h,053h,0e8h,0f0h,000h
       F0 00
 B178  5B 0A E4 75 07 8B      C  DB 05bh,00ah,0e4h,075h,007h,08bh,0c3h,0e8h
       C3 E8
 B180  03 00 32 E4 C3 8B      C  DB 003h,000h,032h,0e4h,0c3h,08bh,0d8h,0b0h
       D8 B0
 B188  09 E8 0C 06 0A C0      C  DB 009h,0e8h,00ch,006h,00ah,0c0h,075h,015h
       75 15
 B190  26 F6 06 3F 00 80      C  DB 026h,0f6h,006h,03fh,000h,080h,074h,038h
       74 38
 B198  8A C3 E8 A7 04 B0      C  DB 08ah,0c3h,0e8h,0a7h,004h,0b0h,014h,00ah
       14 0A
 B1A0  E4 78 02 B0 0F 2E      C  DB 0e4h,078h,002h,0b0h,00fh,02eh,0f6h,006h
       F6 06
 B1A8  EA FF 80 75 15 50      C  DB 0eah,0ffh,080h,075h,015h,050h,032h,0e4h
       32 E4
 B1B0  40 BA E8 03 F7 E2      C  DB 040h,0bah,0e8h,003h,0f7h,0e2h,08bh,0c8h
       8B C8
 B1B8  87 D1 B4 86 CD 15      C  DB 087h,0d1h,0b4h,086h,0cdh,015h,0fbh,058h
       FB 58
 B1C0  73 0E 2E 8A 16 42      C  DB 073h,00eh,02eh,08ah,016h,042h,0e7h,0f6h
       E7 F6
 B1C8  E2 8B C8 33 DB E8      C  DB 0e2h,08bh,0c8h,033h,0dbh,0e8h,0fch,03bh
       FC 3B
 B1D0  C3 26 8A 1E 42 00      C  DB 0c3h,026h,08ah,01eh,042h,000h,080h,0e3h
       80 E3
 B1D8  C0 B4 00 74 31 80      C  DB 0c0h,0b4h,000h,074h,031h,080h,0fbh,040h
       FB 40
 B1E0  B4 20 75 2A 26 8A      C  DB 0b4h,020h,075h,02ah,026h,08ah,01eh,043h
       1E 43
 B1E8  00 F6 C3 84 B4 04      C  DB 000h,0f6h,0c3h,084h,0b4h,004h,075h,01eh
       75 1E
 B1F0  F6 C3 20 B4 10 75      C  DB 0f6h,0c3h,020h,0b4h,010h,075h,017h,0f6h
       17 F6
 B1F8  C3 10 B4 08 75 10      C  DB 0c3h,010h,0b4h,008h,075h,010h,0f6h,0c3h
       F6 C3
 B200  02 B4 03 75 09 F6      C  DB 002h,0b4h,003h,075h,009h,0f6h,0c3h,001h
       C3 01
 B208  B4 02 75 02 B4 20      C  DB 0b4h,002h,075h,002h,0b4h,020h,0c3h,090h
       C3 90
 B210  1E FA B8 40 00 8E      C  DB 01eh,0fah,0b8h,040h,000h,08eh,0d8h,0a0h
       D8 A0
 B218  3F 00 C0 C0 04 24      C  DB 03fh,000h,0c0h,0c0h,004h,024h,0fbh,00ch
       FB 0C
 B220  08 BA F2 03 EE C6      C  DB 008h,0bah,0f2h,003h,0eeh,0c6h,006h,03eh
       06 3E
 B228  00 00 B9 15 00 87      C  DB 000h,000h,0b9h,015h,000h,087h,0dbh,090h
       DB 90
 B230  E7 E1 E2 FC 0C 04      C  DB 0e7h,0e1h,0e2h,0fch,00ch,004h,0eeh,0ebh
       EE EB
 B238  00 EB 00 FB E8 29      C  DB 000h,0ebh,000h,0fbh,0e8h,029h,000h,0b4h
       00 B4
 B240  20 80 3E 42 00 C0      C  DB 020h,080h,03eh,042h,000h,0c0h,075h,019h
       75 19
 B248  32 C0 E8 4B 05 8A      C  DB 032h,0c0h,0e8h,04bh,005h,08ah,0d8h,0b0h
       D8 B0
 B250  01 E8 44 05 8A F8      C  DB 001h,0e8h,044h,005h,08ah,0f8h,053h,08bh
       53 8B
 B258  F4 B4 03 B3 03 E8      C  DB 0f4h,0b4h,003h,0b3h,003h,0e8h,0d8h,001h
       D8 01
 B260  5B 32 C0 1F C3 87      C  DB 05bh,032h,0c0h,01fh,0c3h,087h,0dbh,090h
       DB 90
 B268  E8 25 00 0A E4 75      C  DB 0e8h,025h,000h,00ah,0e4h,075h,020h,0b4h
       20 B4
 B270  08 B3 01 E8 C2 01      C  DB 008h,0b3h,001h,0e8h,0c2h,001h,00ah,0e4h
       0A E4
 B278  75 15 E8 3F 00 0A      C  DB 075h,015h,0e8h,03fh,000h,00ah,0e4h,075h
       E4 75
 B280  0E 26 A0 42 00 24      C  DB 00eh,026h,0a0h,042h,000h,024h,060h,03ch
       60 3C
 B288  60 B4 40 74 02 32      C  DB 060h,0b4h,040h,074h,002h,032h,0e4h,0c3h
       E4 C3
 B290  BF 3E 00 B8 01 90      C  DB 0bfh,03eh,000h,0b8h,001h,090h,0f8h,0cdh
       F8 CD
 B298  15 FB B4 80 72 0F      C  DB 015h,0fbh,0b4h,080h,072h,00fh,0b4h,080h
       B4 80
 B2A0  2E 8A 3E 4C E7 2E      C  DB 02eh,08ah,03eh,04ch,0e7h,02eh,08bh,00eh
       8B 0E
 B2A8  4A E7 E8 8B 3A 26      C  DB 04ah,0e7h,0e8h,08bh,03ah,026h,080h,025h
       80 25
 B2B0  7F F6 C4 80 0F 84      C  DB 07fh,0f6h,0c4h,080h,00fh,084h,001h,000h
       01 00
 B2B8  F9 C3 87 DB BF 42      C  DB 0f9h,0c3h,087h,0dbh,0bfh,042h,000h,090h
       00 90
 B2C0  2E 8B 0E 4D E7 2E      C  DB 02eh,08bh,00eh,04dh,0e7h,02eh,08ah,03eh
       8A 3E
 B2C8  4F E7 B8 C0 C0 BA      C  DB 04fh,0e7h,0b8h,0c0h,0c0h,0bah,0f4h,003h
       F4 03
 B2D0  E8 91 34 0A E4 75      C  DB 0e8h,091h,034h,00ah,0e4h,075h,020h,042h
       20 42
 B2D8  EC AA 33 DB 51 B9      C  DB 0ech,0aah,033h,0dbh,051h,0b9h,014h,000h
       14 00
 B2E0  E7 E1 E2 FC 59 BA      C  DB 0e7h,0e1h,0e2h,0fch,059h,0bah,0f4h,003h
       F4 03
 B2E8  EC 32 E4 A8 10 74      C  DB 0ech,032h,0e4h,0a8h,010h,074h,008h,0b4h
       08 B4
 B2F0  20 81 FF 48 00 76      C  DB 020h,081h,0ffh,048h,000h,076h,0c9h,0c3h
       C9 C3
 B2F8  32 ED B7 01 8A C8      C  DB 032h,0edh,0b7h,001h,08ah,0c8h,0d2h,0e7h
       D2 E7
 B300  FA 26 8A 1E 3F 00      C  DB 0fah,026h,08ah,01eh,03fh,000h,084h,0dfh
       84 DF
 B308  75 02 FE C5 26 C6      C  DB 075h,002h,0feh,0c5h,026h,0c6h,006h,040h
       06 40
 B310  00 FF 8A E3 80 E4      C  DB 000h,0ffh,08ah,0e3h,080h,0e4h,003h,0b1h
       03 B1
 B318  04 D2 E4 8A D4 80      C  DB 004h,0d2h,0e4h,08ah,0d4h,080h,0e3h,0cfh
       E3 CF
 B320  8A E0 D2 E4 0A DF      C  DB 08ah,0e0h,0d2h,0e4h,00ah,0dfh,00ah,0dch
       0A DC
 B328  26 88 1E 3F 00 8A      C  DB 026h,088h,01eh,03fh,000h,08ah,0e2h,0b2h
       E2 B2
 B330  10 8A C8 0A E0 D2      C  DB 010h,08ah,0c8h,00ah,0e0h,0d2h,0e2h,00ah
       E2 0A
 B338  E2 80 CC 0C 86 E0      C  DB 0e2h,080h,0cch,00ch,086h,0e0h,0bah,0f2h
       BA F2
 B340  03 EE FB 0A ED 74      C  DB 003h,0eeh,0fbh,00ah,0edh,074h,009h,0b8h
       09 B8
 B348  FD 90 F8 CD 15 FB      C  DB 0fdh,090h,0f8h,0cdh,015h,0fbh,073h,001h
       73 01
 B350  C3 B8 0A 00 E8 41      C  DB 0c3h,0b8h,00ah,000h,0e8h,041h,004h,026h
       04 26
 B358  F6 06 3F 00 80 74      C  DB 0f6h,006h,03fh,000h,080h,074h,009h,03ch
       09 3C
 B360  07 77 10 B8 08 00      C  DB 007h,077h,010h,0b8h,008h,000h,0ebh,00bh
       EB 0B
 B368  0A C0 74 37 3C 04      C  DB 00ah,0c0h,074h,037h,03ch,004h,077h,003h
       77 03
 B370  B8 05 00 32 E4 2E      C  DB 0b8h,005h,000h,032h,0e4h,02eh,0f6h,006h
       F6 06
 B378  EA FF 80 75 18 8B      C  DB 0eah,0ffh,080h,075h,018h,08bh,0d8h,0b9h
       D8 B9
 B380  09 3D F7 E1 8B CA      C  DB 009h,03dh,0f7h,0e1h,08bh,0cah,08bh,0d0h
       8B D0
 B388  D1 E2 D1 D1 B4 86      C  DB 0d1h,0e2h,0d1h,0d1h,0b4h,086h,0cdh,015h
       CD 15
 B390  FB 73 10 8B C3 2E      C  DB 0fbh,073h,010h,08bh,0c3h,02eh,08bh,00eh
       8B 0E
 B398  40 E7 F7 E1 8B C8      C  DB 040h,0e7h,0f7h,0e1h,08bh,0c8h,08bh,0dah
       8B DA
 B3A0  E8 29 3A C3 B0 04      C  DB 0e8h,029h,03ah,0c3h,0b0h,004h,0e8h,0efh
       E8 EF
 B3A8  03 8A E0 26 A0 47      C  DB 003h,08ah,0e0h,026h,0a0h,047h,000h,02ah
       00 2A
 B3B0  C1 26 3A 36 46 00      C  DB 0c1h,026h,03ah,036h,046h,000h,074h,004h
       74 04
 B3B8  02 C4 EB 0B 26 3A      C  DB 002h,0c4h,0ebh,00bh,026h,03ah,02eh,045h
       2E 45
 B3C0  00 74 04 D0 E4 02      C  DB 000h,074h,004h,0d0h,0e4h,002h,0c4h,0c3h
       C4 C3
 B3C8  52 36 8B 54 02 8A      C  DB 052h,036h,08bh,054h,002h,08ah,0deh,0c1h
       DE C1
 B3D0  E2 04 C0 EB 04 36      C  DB 0e2h,004h,0c0h,0ebh,004h,036h,003h,014h
       03 14
 B3D8  80 D3 00 36 03 54      C  DB 080h,0d3h,000h,036h,003h,054h,004h,0b4h
       04 B4
 B3E0  09 72 3E 36 2B 54      C  DB 009h,072h,03eh,036h,02bh,054h,004h,0fah
       04 FA
 B3E8  E6 0C EB 00 EB 00      C  DB 0e6h,00ch,0ebh,000h,0ebh,000h,0e6h,00bh
       E6 0B
 B3F0  EB 00 92 E6 04 86      C  DB 0ebh,000h,092h,0e6h,004h,086h,0c4h,0ebh
       C4 EB
 B3F8  00 EB 00 E6 04 EB      C  DB 000h,0ebh,000h,0e6h,004h,0ebh,000h,0ebh
       00 EB
 B400  00 93 E6 81 EB 00      C  DB 000h,093h,0e6h,081h,0ebh,000h,036h,08bh
       36 8B
 B408  44 04 EB 00 E6 05      C  DB 044h,004h,0ebh,000h,0e6h,005h,08ah,0c4h
       8A C4
 B410  EB 00 EB 00 E6 05      C  DB 0ebh,000h,0ebh,000h,0e6h,005h,0ebh,000h
       EB 00
 B418  EB 00 FB B0 02 E6      C  DB 0ebh,000h,0fbh,0b0h,002h,0e6h,00ah,033h
       0A 33
 B420  C0 5A C3 90 50 E8      C  DB 0c0h,05ah,0c3h,090h,050h,0e8h,0e8h,0fdh
       E8 FD
 B428  58 B4 04 50 E8 D9      C  DB 058h,0b4h,004h,050h,0e8h,0d9h,0fch,058h
       FC 58
 B430  32 E4 E8 D3 FC C3      C  DB 032h,0e4h,0e8h,0d3h,0fch,0c3h,087h,0dbh
       87 DB
 B438  50 BA F4 03 2E 8A      C  DB 050h,0bah,0f4h,003h,02eh,08ah,03eh,052h
       3E 52
 B440  E7 2E 8B 0E 50 E7      C  DB 0e7h,02eh,08bh,00eh,050h,0e7h,0b8h,080h
       B8 80
 B448  C0 E8 18 33 59 0A      C  DB 0c0h,0e8h,018h,033h,059h,00ah,0e4h,075h
       E4 75
 B450  18 8A C5 B9 18 00      C  DB 018h,08ah,0c5h,0b9h,018h,000h,042h,0eeh
       42 EE
 B458  EB 00 EB 00 4A FE      C  DB 0ebh,000h,0ebh,000h,04ah,0feh,0cbh,074h
       CB 74
 B460  06 36 8A 24 46 EB      C  DB 006h,036h,08ah,024h,046h,0ebh,0d1h,033h
       D1 33
 B468  C0 C3 87 DB E8 D5      C  DB 0c0h,0c3h,087h,0dbh,0e8h,0d5h,001h,0f6h
       01 F6
 B470  C4 10 75 7E 80 E4      C  DB 0c4h,010h,075h,07eh,080h,0e4h,0dfh,0e8h
       DF E8
 B478  DA 01 E8 0F 02 F6      C  DB 0dah,001h,0e8h,00fh,002h,0f6h,0c4h,001h
       C4 01
 B480  74 70 B3 FE 8A C8      C  DB 074h,070h,0b3h,0feh,08ah,0c8h,0d2h,0c3h
       D2 C3
 B488  26 20 1E 3E 00 32      C  DB 026h,020h,01eh,03eh,000h,032h,0e4h,08bh
       E4 8B
 B490  D0 87 DB 90 52 8B      C  DB 0d0h,087h,0dbh,090h,052h,08bh,0c2h,024h
       C2 24
 B498  01 E8 6C FC 5A 0A      C  DB 001h,0e8h,06ch,0fch,05ah,00ah,0e4h,075h
       E4 75
 B4A0  53 52 8B F4 B4 4A      C  DB 053h,052h,08bh,0f4h,0b4h,04ah,0b3h,002h
       B3 02
 B4A8  E8 8D FF 5A 0A E4      C  DB 0e8h,08dh,0ffh,05ah,00ah,0e4h,075h,044h
       75 44
 B4B0  52 E8 44 00 26 C6      C  DB 052h,0e8h,044h,000h,026h,0c6h,006h,040h
       06 40
 B4B8  00 FF 5A 0A F6 74      C  DB 000h,0ffh,05ah,00ah,0f6h,074h,017h,00ah
       17 0A
 B4C0  E4 74 1B FE C6 80      C  DB 0e4h,074h,01bh,0feh,0c6h,080h,0feh,050h
       FE 50
 B4C8  72 CA F6 C2 04 75      C  DB 072h,0cah,0f6h,0c2h,004h,075h,025h,0b6h
       25 B6
 B4D0  04 80 CA 04 EB BE      C  DB 004h,080h,0cah,004h,0ebh,0beh,00ah,0e4h
       0A E4
 B4D8  75 1A B6 04 EB B6      C  DB 075h,01ah,0b6h,004h,0ebh,0b6h,026h,038h
       26 38
 B4E0  36 45 00 74 0D 8A      C  DB 036h,045h,000h,074h,00dh,08ah,0c2h,024h
       C2 24
 B4E8  01 E8 58 01 80 CC      C  DB 001h,0e8h,058h,001h,080h,0cch,020h,0e8h
       20 E8
 B4F0  62 01 32 E4 C3 87      C  DB 062h,001h,032h,0e4h,0c3h,087h,0dbh,090h
       DB 90
 B4F8  E8 95 FD 50 E8 BD      C  DB 0e8h,095h,0fdh,050h,0e8h,0bdh,0fdh,08ah
       FD 8A
 B500  FC 58 0A E4 75 09      C  DB 0fch,058h,00ah,0e4h,075h,009h,08ah,0e7h
       8A E7
 B508  0A E4 75 03 E8 C2      C  DB 00ah,0e4h,075h,003h,0e8h,0c2h,0fch,0c3h
       FC C3
 B510  E8 BD 01 80 FC 05      C  DB 0e8h,0bdh,001h,080h,0fch,005h,00fh,085h
       0F 85
 B518  04 00 B4 05 EB 09      C  DB 004h,000h,0b4h,005h,0ebh,009h,080h,0fch
       80 FC
 B520  04 76 04 32 DB EB      C  DB 004h,076h,004h,032h,0dbh,0ebh,01bh,08ah
       1B 8A
 B528  DC 32 FF 2E 8A 9F      C  DB 0dch,032h,0ffh,02eh,08ah,09fh,036h,0abh
       36 AB
 B530  80 FC 03 75 0D E8      C  DB 080h,0fch,003h,075h,00dh,0e8h,054h,001h
       54 01
 B538  80 E4 06 80 FC 06      C  DB 080h,0e4h,006h,080h,0fch,006h,075h,002h
       75 02
 B540  B3 50 E8 FF 00 8A      C  DB 0b3h,050h,0e8h,0ffh,000h,08ah,0e3h,0e8h
       E3 E8
 B548  0A 01 C3 90 50 B0      C  DB 00ah,001h,0c3h,090h,050h,0b0h,00dh,0f6h
       0D F6
 B550  E4 8B F0 58 80 FC      C  DB 0e4h,08bh,0f0h,058h,080h,0fch,002h,077h
       02 77
 B558  03 83 EE 0D 81 C6      C  DB 003h,083h,0eeh,00dh,081h,0c6h,0b8h,0aah
       B8 AA
 B560  C3 87 DB 90 52 86      C  DB 0c3h,087h,0dbh,090h,052h,086h,0e0h,0bah
       E0 BA
 B568  F7 03 EC 86 E0 80      C  DB 0f7h,003h,0ech,086h,0e0h,080h,0e4h,080h
       E4 80
 B570  5A C3 53 26 80 26      C  DB 05ah,0c3h,053h,026h,080h,026h,08bh,000h
       8B 00
 B578  F3 26 80 0E 8B 00      C  DB 0f3h,026h,080h,00eh,08bh,000h,008h,08ah
       08 8A
 B580  FC 80 E7 3F 80 CF      C  DB 0fch,080h,0e7h,03fh,080h,0cfh,040h,050h
       40 50
 B588  E8 45 01 80 FC 04      C  DB 0e8h,045h,001h,080h,0fch,004h,075h,005h
       75 05
 B590  80 E7 3F EB 0A 80      C  DB 080h,0e7h,03fh,0ebh,00ah,080h,0fch,005h
       FC 05
 B598  0F 85 03 00 80 CF      C  DB 00fh,085h,003h,000h,080h,0cfh,0c0h,058h
       C0 58
 B5A0  E8 E9 00 80 E4 06      C  DB 0e8h,0e9h,000h,080h,0e4h,006h,080h,0fch
       80 FC
 B5A8  04 75 06 80 E7 3F      C  DB 004h,075h,006h,080h,0e7h,03fh,080h,0cfh
       80 CF
 B5B0  80 8A E7 E8 9E 00      C  DB 080h,08ah,0e7h,0e8h,09eh,000h,05bh,0c3h
       5B C3
 B5B8  50 53 E8 87 00 80      C  DB 050h,053h,0e8h,087h,000h,080h,0e4h,0c0h
       E4 C0
 B5C0  FA 26 80 26 8B 00      C  DB 0fah,026h,080h,026h,08bh,000h,03fh,026h
       3F 26
 B5C8  08 26 8B 00 C1 C0      C  DB 008h,026h,08bh,000h,0c1h,0c0h,002h,024h
       02 24
 B5D0  03 8B DA BA F7 03      C  DB 003h,08bh,0dah,0bah,0f7h,003h,0eeh,08bh
       EE 8B
 B5D8  D3 FB 5B 58 C3 87      C  DB 0d3h,0fbh,05bh,058h,0c3h,087h,0dbh,090h
       DB 90
 B5E0  53 8A FC E8 5E 00      C  DB 053h,08ah,0fch,0e8h,05eh,000h,08ah,0dch
       8A DC
 B5E8  80 E3 C0 80 FB 80      C  DB 080h,0e3h,0c0h,080h,0fbh,080h,075h,004h
       75 04
 B5F0  8A E7 EB 15 80 E4      C  DB 08ah,0e7h,0ebh,015h,080h,0e4h,03fh,080h
       3F 80
 B5F8  FB 40 74 08 80 FB      C  DB 0fbh,040h,074h,008h,080h,0fbh,0c0h,074h
       C0 74
 B600  03 80 CC 80 E8 4D      C  DB 003h,080h,0cch,080h,0e8h,04dh,000h,032h
       00 32
 B608  E4 5B C3 90 50 53      C  DB 0e4h,05bh,0c3h,090h,050h,053h,0e8h,033h
       E8 33
 B610  00 80 CC 10 E8 3D      C  DB 000h,080h,0cch,010h,0e8h,03dh,000h,08ah
       00 8A
 B618  FC E8 70 00 F6 C4      C  DB 0fch,0e8h,070h,000h,0f6h,0c4h,004h,075h
       04 75
 B620  1F 80 CC 06 80 E7      C  DB 01fh,080h,0cch,006h,080h,0e7h,0c0h,080h
       C0 80
 B628  FF 80 75 11 8A DC      C  DB 0ffh,080h,075h,011h,08ah,0dch,0e8h,08bh
       E8 8B
 B630  00 86 DC 75 08 80      C  DB 000h,086h,0dch,075h,008h,080h,0fbh,004h
       FB 04
 B638  74 03 80 E4 FD E8      C  DB 074h,003h,080h,0e4h,0fdh,0e8h,05ch,000h
       5C 00
 B640  5B 58 C3 90 26 8A      C  DB 05bh,058h,0c3h,090h,026h,08ah,026h,090h
       26 90
 B648  00 0A C0 74 05 26      C  DB 000h,00ah,0c0h,074h,005h,026h,08ah,026h
       8A 26
 B650  91 00 C3 90 0A C0      C  DB 091h,000h,0c3h,090h,00ah,0c0h,075h,007h
       75 07
 B658  26 88 26 90 00 EB      C  DB 026h,088h,026h,090h,000h,0ebh,005h,026h
       05 26
 B660  88 26 91 00 C3 87      C  DB 088h,026h,091h,000h,0c3h,087h,0dbh,090h
       DB 90
 B668  26 8A 26 94 00 0A      C  DB 026h,08ah,026h,094h,000h,00ah,0c0h,074h
       C0 74
 B670  05 26 8A 26 95 00      C  DB 005h,026h,08ah,026h,095h,000h,0c3h,090h
       C3 90
 B678  0A C0 75 07 26 88      C  DB 00ah,0c0h,075h,007h,026h,088h,026h,094h
       26 94
 B680  00 EB 05 26 88 26      C  DB 000h,0ebh,005h,026h,088h,026h,095h,000h
       95 00
 B688  C3 87 DB 90 26 8A      C  DB 0c3h,087h,0dbh,090h,026h,08ah,026h,08fh
       26 8F
 B690  00 0A C0 74 03 C0      C  DB 000h,00ah,0c0h,074h,003h,0c0h,0ech,004h
       EC 04
 B698  80 E4 07 C3 50 80      C  DB 080h,0e4h,007h,0c3h,050h,080h,0e4h,007h
       E4 07
 B6A0  0A C0 74 0B C0 E4      C  DB 00ah,0c0h,074h,00bh,0c0h,0e4h,004h,026h
       04 26
 B6A8  80 26 8F 00 8F EB      C  DB 080h,026h,08fh,000h,08fh,0ebh,006h,026h
       06 26
 B6B0  80 26 8F 00 F8 26      C  DB 080h,026h,08fh,000h,0f8h,026h,008h,026h
       08 26
 B6B8  8F 00 58 C3 E8 11      C  DB 08fh,000h,058h,0c3h,0e8h,011h,000h,09ch
       00 9C
 B6C0  0F 85 09 00 80 FC      C  DB 00fh,085h,009h,000h,080h,0fch,005h,00fh
       05 0F
 B6C8  85 02 00 B4 04 9D      C  DB 085h,002h,000h,0b4h,004h,09dh,0c3h,090h
       C3 90
 B6D0  8A E0 FA B0 0E E8      C  DB 08ah,0e0h,0fah,0b0h,00eh,0e8h,0b2h,032h
       B2 32
 B6D8  A8 C0 75 14 B0 10      C  DB 0a8h,0c0h,075h,014h,0b0h,010h,0e8h,0a9h
       E8 A9
 B6E0  32 0A E4 75 03 C0      C  DB 032h,00ah,0e4h,075h,003h,0c0h,0e8h,004h
       E8 04
 B6E8  24 0F 3A E4 86 E0      C  DB 024h,00fh,03ah,0e4h,086h,0e0h,0fbh,0c3h
       FB C3
 B6F0  B0 FF EB F8 50 E8      C  DB 0b0h,0ffh,0ebh,0f8h,050h,0e8h,000h,0fch
       00 FC
 B6F8  58 E8 48 FF 80 E4      C  DB 058h,0e8h,048h,0ffh,080h,0e4h,0dfh,0e8h
       DF E8
 B700  52 FF 8A C8 B3 FE      C  DB 052h,0ffh,08ah,0c8h,0b3h,0feh,0d2h,0c3h
       D2 C3
 B708  26 20 1E 3E 00 B4      C  DB 026h,020h,01eh,03eh,000h,0b4h,032h,050h
       32 50
 B710  E8 F5 F9 0A E4 5A      C  DB 0e8h,0f5h,0f9h,00ah,0e4h,05ah,075h,060h
       75 60
 B718  B6 0A 8B C2 52 E8      C  DB 0b6h,00ah,08bh,0c2h,052h,0e8h,0e8h,0f9h
       E8 F9
 B720  5A 0A E4 75 53 52      C  DB 05ah,00ah,0e4h,075h,053h,052h,08bh,0f4h
       8B F4
 B728  B4 04 B3 02 E8 09      C  DB 0b4h,004h,0b3h,002h,0e8h,009h,0fdh,05ah
       FD 5A
 B730  0A E4 75 44 52 E8      C  DB 00ah,0e4h,075h,044h,052h,0e8h,084h,0fbh
       84 FB
 B738  5A 0A E4 75 3B 26      C  DB 05ah,00ah,0e4h,075h,03bh,026h,0f6h,006h
       F6 06
 B740  42 00 10 75 09 FE      C  DB 042h,000h,010h,075h,009h,0feh,0ceh,080h
       CE 80
 B748  FE FF 75 CE EB 2A      C  DB 0feh,0ffh,075h,0ceh,0ebh,02ah,0b3h,001h
       B3 01
 B750  B7 02 0A F6 74 0F      C  DB 0b7h,002h,00ah,0f6h,074h,00fh,0b3h,004h
       B3 04
 B758  B7 93 B6 FE 8A CA      C  DB 0b7h,093h,0b6h,0feh,08ah,0cah,0d2h,0c6h
       D2 C6
 B760  26 20 1E 3E 00 8A      C  DB 026h,020h,01eh,03eh,000h,08ah,0c2h,0e8h
       C2 E8
 B768  DA FE 8A E7 E8 E5      C  DB 0dah,0feh,08ah,0e7h,0e8h,0e5h,0feh,0e8h
       FE E8
 B770  1A FF 8A E3 E8 25      C  DB 01ah,0ffh,08ah,0e3h,0e8h,025h,0ffh,0c3h
       FF C3
 B778  33 DB 8A C2 EB E7      C  DB 033h,0dbh,08ah,0c2h,0ebh,0e7h,0e8h,03bh
       E8 3B
 B780  FF 0A E4 74 E0 80      C  DB 0ffh,00ah,0e4h,074h,0e0h,080h,0fch,004h
       FC 04
 B788  77 DB BB 04 93 80      C  DB 077h,0dbh,0bbh,004h,093h,080h,0fch,001h
       FC 01
 B790  74 D3 BB 01 02 EB      C  DB 074h,0d3h,0bbh,001h,002h,0ebh,0ceh,090h
       CE 90
 B798  1E 56 53 BB 01 00      C  DB 01eh,056h,053h,0bbh,001h,000h,08eh,0dbh
       8E DB
 B7A0  C5 36 68 00 32 E4      C  DB 0c5h,036h,068h,000h,032h,0e4h,003h,0f0h
       03 F0
 B7A8  AC 5B 5E 1F C3 26      C  DB 0ach,05bh,05eh,01fh,0c3h,026h,0a0h,0d8h
       A0 D8
 B7B0  00 24 7E 3C 10 74      C  DB 000h,024h,07eh,03ch,010h,074h,008h,03ch
       08 3C
 B7B8  12 74 04 3C 22 75      C  DB 012h,074h,004h,03ch,022h,075h,004h,00fh
       04 0F
 B7C0  08 0F 09 FF E7 C3      C  DB 008h,00fh,009h,0ffh,0e7h,0c3h,000h,000h
       00 00
 B7C8  00 00 00 00 00 00      C  DB 000h,000h,000h,000h,000h,000h,000h,000h
       00 00
 B7D0  F9 C3 87 DB FB 80      C  DB 0f9h,0c3h,087h,0dbh,0fbh,080h,0fah,080h
       FA 80
 B7D8  73 1E 50 50 55 8B      C  DB 073h,01eh,050h,050h,055h,08bh,0ech,050h
       EC 50
 B7E0  1E B8 01 00 8E D8      C  DB 01eh,0b8h,001h,000h,08eh,0d8h,0a1h,0f0h
       A1 F0
 B7E8  00 89 46 02 A1 F2      C  DB 000h,089h,046h,002h,0a1h,0f2h,000h,089h
       00 89
 B7F0  46 04 1F 58 5D CB      C  DB 046h,004h,01fh,058h,05dh,0cbh,087h,0dbh
       87 DB
 B7F8  E8 C4 E2 52 51 56      C  DB 0e8h,0c4h,0e2h,052h,051h,056h,01eh,006h
       1E 06
 B800  57 FC 52 51 53 50      C  DB 057h,0fch,052h,051h,053h,050h,055h,08bh
       55 8B
 B808  EC 81 4E 1A 00 02      C  DB 0ech,081h,04eh,01ah,000h,002h,083h,0ech
       83 EC
 B810  06 88 46 FD 8C CB      C  DB 006h,088h,046h,0fdh,08ch,0cbh,08eh,0dbh
       8E DB
 B818  BB 40 00 8E C3 26      C  DB 0bbh,040h,000h,08eh,0c3h,026h,08ah,01eh
       8A 1E
 B820  75 00 88 5E FE 80      C  DB 075h,000h,088h,05eh,0feh,080h,0eah,080h
       EA 80
 B828  26 F6 06 DA 00 20      C  DB 026h,0f6h,006h,0dah,000h,020h,074h,00fh
       74 0F
 B830  0A D2 74 07 FE C2      C  DB 00ah,0d2h,074h,007h,0feh,0c2h,0feh,046h
       FE 46
 B838  FE EB 04 0A E4 74      C  DB 0feh,0ebh,004h,00ah,0e4h,074h,0f7h,088h
       F7 88
 B840  56 FF C6 46 FA 00      C  DB 056h,0ffh,0c6h,046h,0fah,000h,080h,0fah
       80 FA
 B848  02 72 04 C6 46 FA      C  DB 002h,072h,004h,0c6h,046h,0fah,080h,026h
       80 26
 B850  A0 CD 00 0A D2 74      C  DB 0a0h,0cdh,000h,00ah,0d2h,074h,016h,026h
       16 26
 B858  A0 ED 00 80 FA 01      C  DB 0a0h,0edh,000h,080h,0fah,001h,074h,00dh
       74 0D
 B860  26 A0 EE 00 80 FA      C  DB 026h,0a0h,0eeh,000h,080h,0fah,002h,074h
       02 74
 B868  04 26 A0 EF 00 88      C  DB 004h,026h,0a0h,0efh,000h,088h,046h,0fbh
       46 FB
 B870  88 66 FC 0A E4 75      C  DB 088h,066h,0fch,00ah,0e4h,075h,006h,0c6h
       06 C6
 B878  46 FF 00 EB 0F 80      C  DB 046h,0ffh,000h,0ebh,00fh,080h,0fch,008h
       FC 08
 B880  74 25 80 FC 15 74      C  DB 074h,025h,080h,0fch,015h,074h,020h,080h
       20 80
 B888  FC 01 74 1B 8A 56      C  DB 0fch,001h,074h,01bh,08ah,056h,0ffh,0b0h
       FF B0
 B890  08 E8 04 0A BA F6      C  DB 008h,0e8h,004h,00ah,0bah,0f6h,003h,0eeh
       03 EE
 B898  24 C0 26 08 06 76      C  DB 024h,0c0h,026h,008h,006h,076h,000h,08ah
       00 8A
 B8A0  46 FF 3A 46 FE 73      C  DB 046h,0ffh,03ah,046h,0feh,073h,012h,08ah
       12 8A
 B8A8  46 FC 3C 15 77 0B      C  DB 046h,0fch,03ch,015h,077h,00bh,0b4h,000h
       B4 00
 B8B0  D1 E0 8B F8 2E FF      C  DB 0d1h,0e0h,08bh,0f8h,02eh,0ffh,0a5h,0c2h
       A5 C2
 B8B8  B8 C7 46 02 00 01      C  DB 0b8h,0c7h,046h,002h,000h,001h,0e9h,08eh
       E9 8E
 B8C0  06 90 EE B8 DF B9      C  DB 006h,090h,0eeh,0b8h,0dfh,0b9h,0ebh,0b9h
       EB B9
 B8C8  9E BA 0E BC 15 BC      C  DB 09eh,0bah,00eh,0bch,015h,0bch,0b9h,0b8h
       B9 B8
 B8D0  B9 B8 27 BC 8D BC      C  DB 0b9h,0b8h,027h,0bch,08dh,0bch,099h,0bch
       99 BC
 B8D8  A0 BC A7 BC AE BC      C  DB 0a0h,0bch,0a7h,0bch,0aeh,0bch,0b9h,0b8h
       B9 B8
 B8E0  B9 B8 B1 BC D0 BC      C  DB 0b9h,0b8h,0b1h,0bch,0d0h,0bch,0b9h,0b8h
       B9 B8
 B8E8  B9 B8 E2 BC EB BC      C  DB 0b9h,0b8h,0e2h,0bch,0ebh,0bch,0cdh,040h
       CD 40
 B8F0  33 D2 88 56 FF 3A      C  DB 033h,0d2h,088h,056h,0ffh,03ah,056h,0feh
       56 FE
 B8F8  72 03 E9 DA 00 C6      C  DB 072h,003h,0e9h,0dah,000h,0c6h,046h,0fah
       46 FA
 B900  00 80 FA 01 75 0D      C  DB 000h,080h,0fah,001h,075h,00dh,026h,0f6h
       26 F6
 B908  06 DA 00 20 74 05      C  DB 006h,0dah,000h,020h,074h,005h,0feh,0c2h
       FE C2
 B910  88 56 FF 80 FA 02      C  DB 088h,056h,0ffh,080h,0fah,002h,072h,004h
       72 04
 B918  C6 46 FA 80 F6 C2      C  DB 0c6h,046h,0fah,080h,0f6h,0c2h,001h,075h
       01 75
 B920  4C B0 08 E8 72 09      C  DB 04ch,0b0h,008h,0e8h,072h,009h,08ah,0e0h
       8A E0
 B928  BA F6 03 2A 56 FA      C  DB 0bah,0f6h,003h,02ah,056h,0fah,0eeh,0fah
       EE FA
 B930  EB 00 EB 00 E4 A1      C  DB 0ebh,000h,0ebh,000h,0e4h,0a1h,0ebh,000h
       EB 00
 B938  EB 00 24 3F E6 A1      C  DB 0ebh,000h,024h,03fh,0e6h,0a1h,0fbh,0b0h
       FB B0
 B940  04 EE 33 DB B9 96      C  DB 004h,0eeh,033h,0dbh,0b9h,096h,000h,090h
       00 90
 B948  E2 FE 8A C4 24 0F      C  DB 0e2h,0feh,08ah,0c4h,024h,00fh,0eeh,0e8h
       EE E8
 B950  30 07 75 12 BA F1      C  DB 030h,007h,075h,012h,0bah,0f1h,001h,02ah
       01 2A
 B958  56 FA EC 8A 56 FF      C  DB 056h,0fah,0ech,08ah,056h,0ffh,03ch,001h
       3C 01
 B960  74 0B 0A C0 74 07      C  DB 074h,00bh,00ah,0c0h,074h,007h,0c7h,046h
       C7 46
 B968  02 00 05 EB 6F 52      C  DB 002h,000h,005h,0ebh,06fh,052h,0e8h,077h
       E8 77
 B970  08 5A 52 E8 BF 08      C  DB 008h,05ah,052h,0e8h,0bfh,008h,05ah,026h
       5A 26
 B978  F6 06 CC 00 80 74      C  DB 0f6h,006h,0cch,000h,080h,074h,028h,026h
       28 26
 B980  A0 CD 00 0A D2 74      C  DB 0a0h,0cdh,000h,00ah,0d2h,074h,016h,026h
       16 26
 B988  A0 ED 00 80 FA 01      C  DB 0a0h,0edh,000h,080h,0fah,001h,074h,00dh
       74 0D
 B990  26 A0 EE 00 80 FA      C  DB 026h,0a0h,0eeh,000h,080h,0fah,002h,074h
       02 74
 B998  04 26 A0 EF 00 88      C  DB 004h,026h,0a0h,0efh,000h,088h,046h,0fbh
       46 FB
 B9A0  E8 AE 07 0B C0 74      C  DB 0e8h,0aeh,007h,00bh,0c0h,074h,02ch,00ah
       2C 0A
 B9A8  D2 75 08 26 C6 06      C  DB 0d2h,075h,008h,026h,0c6h,006h,0cdh,000h
       CD 00
 B9B0  01 EB 20 80 FA 01      C  DB 001h,0ebh,020h,080h,0fah,001h,075h,008h
       75 08
 B9B8  26 C6 06 ED 00 01      C  DB 026h,0c6h,006h,0edh,000h,001h,0ebh,013h
       EB 13
 B9C0  80 FA 02 75 08 26      C  DB 080h,0fah,002h,075h,008h,026h,0c6h,006h
       C6 06
 B9C8  EE 00 01 EB 06 26      C  DB 0eeh,000h,001h,0ebh,006h,026h,0c6h,006h
       C6 06
 B9D0  EF 00 01 42 E9 1B      C  DB 0efh,000h,001h,042h,0e9h,01bh,0ffh,0c7h
       FF C7
 B9D8  46 02 00 00 E9 55      C  DB 046h,002h,000h,000h,0e9h,055h,005h,033h
       05 33
 B9E0  C0 26 A0 74 00 89      C  DB 0c0h,026h,0a0h,074h,000h,089h,046h,002h
       46 02
 B9E8  E9 72 05 C6 46 FC      C  DB 0e9h,072h,005h,0c6h,046h,0fch,020h,0e9h
       20 E9
 B9F0  3A 03 E4 61 24 FE      C  DB 03ah,003h,0e4h,061h,024h,0feh,00ch,002h
       0C 02
 B9F8  E6 61 8B CB E2 FE      C  DB 0e6h,061h,08bh,0cbh,0e2h,0feh,024h,0fdh
       24 FD
 BA00  E6 61 8B CB E2 FE      C  DB 0e6h,061h,08bh,0cbh,0e2h,0feh,04ah,075h
       4A 75
 BA08  ED C3 FF FF FF FF      C  DB 0edh,0c3h,0ffh,0ffh,0ffh,0ffh,020h,0ffh
       20 FF
 BA10  FF FF FF FF 21 21      C  DB 0ffh,0ffh,0ffh,0ffh,021h,021h,021h,0ffh
       21 FF
 BA18  57 41 52 4E 49 4E      C  DB 057h,041h,052h,04eh,049h,04eh,047h,0ffh
       47 FF
 BA20  21 21 21 FF FF FF      C  DB 021h,021h,021h,0ffh,0ffh,0ffh,0ffh,020h
       FF 20
 BA28  FF FF FF 20 20 FF      C  DB 0ffh,0ffh,0ffh,020h,020h,0ffh,001h,020h
       01 20
 BA30  44 69 73 6B FF 42      C  DB 044h,069h,073h,06bh,0ffh,042h,06fh,06fh
       6F 6F
 BA38  74 FF 73 65 63 74      C  DB 074h,0ffh,073h,065h,063h,074h,06fh,072h
       6F 72
 BA40  FF 69 73 20 74 6F      C  DB 0ffh,069h,073h,020h,074h,06fh,0ffh,062h
       FF 62
 BA48  65 FF 6D 6F 64 69      C  DB 065h,0ffh,06dh,06fh,064h,069h,066h,069h
       66 69
 BA50  65 64 20 01 54 79      C  DB 065h,064h,020h,001h,054h,079h,070h,065h
       70 65
 BA58  FF 22 59 22 FF 74      C  DB 0ffh,022h,059h,022h,0ffh,074h,06fh,0ffh
       6F FF
 BA60  61 63 63 65 70 74      C  DB 061h,063h,063h,065h,070h,074h,02ch,020h
       2C 20
 BA68  61 6E 79 20 6B 65      C  DB 061h,06eh,079h,020h,06bh,065h,079h,0ffh
       79 FF
 BA70  74 6F FF 61 62 6F      C  DB 074h,06fh,0ffh,061h,062h,06fh,072h,074h
       72 74
 BA78  01 FF FF FF FF FF      C  DB 001h,0ffh,0ffh,0ffh,0ffh,0ffh,0ffh,0ffh
       FF FF
 BA80  20 41 77 61 72 64      C  DB 020h,041h,077h,061h,072h,064h,020h,053h
       20 53
 BA88  6F 66 74 77 61 72      C  DB 06fh,066h,074h,077h,061h,072h,065h,02ch
       65 2C
 BA90  20 49 6E 63 2E FF      C  DB 020h,049h,06eh,063h,02eh,0ffh,0ffh,0ffh
       FF FF
 BA98  20 FF FF 20 FF 00      C  DB 020h,0ffh,0ffh,020h,0ffh,000h,006h,053h
       06 53
 BAA0  BB 40 00 8E C3 26      C  DB 0bbh,040h,000h,08eh,0c3h,026h,0f6h,006h
       F6 06
 BAA8  DA 00 80 5B 07 0F      C  DB 0dah,000h,080h,05bh,007h,00fh,084h,056h
       84 56
 BAB0  01 56 1E 50 B8 40      C  DB 001h,056h,01eh,050h,0b8h,040h,000h,08eh
       00 8E
 BAB8  D8 8B 36 DF 00 A1      C  DB 0d8h,08bh,036h,0dfh,000h,0a1h,0e1h,000h
       E1 00
 BAC0  8E D8 8B 04 39 46      C  DB 08eh,0d8h,08bh,004h,039h,046h,008h,074h
       08 74
 BAC8  03 EB 09 90 8B 44      C  DB 003h,0ebh,009h,090h,08bh,044h,002h,039h
       02 39
 BAD0  46 06 74 12 83 7E      C  DB 046h,006h,074h,012h,083h,07eh,006h,001h
       06 01
 BAD8  74 03 E9 27 01 80      C  DB 074h,003h,0e9h,027h,001h,080h,07eh,009h
       7E 09
 BAE0  00 74 03 E9 1E 01      C  DB 000h,074h,003h,0e9h,01eh,001h,057h,053h
       57 53
 BAE8  51 52 B4 0F CD 10      C  DB 051h,052h,0b4h,00fh,0cdh,010h,0b4h,003h
       B4 03
 BAF0  CD 10 52 B6 0A B2      C  DB 0cdh,010h,052h,0b6h,00ah,0b2h,016h,0b4h
       16 B4
 BAF8  02 CD 10 BE 0A BA      C  DB 002h,0cdh,010h,0beh,00ah,0bah,0b3h,070h
       B3 70
 BB00  2E 8A 0C 80 F9 01      C  DB 02eh,08ah,00ch,080h,0f9h,001h,075h,00bh
       75 0B
 BB08  46 FE C6 B2 16 B4      C  DB 046h,0feh,0c6h,0b2h,016h,0b4h,002h,0cdh
       02 CD
 BB10  10 EB ED 80 F9 00      C  DB 010h,0ebh,0edh,080h,0f9h,000h,00fh,085h
       0F 85
 BB18  14 00 BE 00 00 80      C  DB 014h,000h,0beh,000h,000h,080h,0eeh,00ah
       EE 0A
 BB20  80 EA 16 8B FA BA      C  DB 080h,0eah,016h,08bh,0fah,0bah,000h,019h
       00 19
 BB28  B4 02 CD 10 EB 17      C  DB 0b4h,002h,0cdh,010h,0ebh,017h,0b4h,008h
       B4 08
 BB30  CD 10 50 8A C1 B4      C  DB 0cdh,010h,050h,08ah,0c1h,0b4h,009h,0b9h
       09 B9
 BB38  01 00 CD 10 FE C2      C  DB 001h,000h,0cdh,010h,0feh,0c2h,0b4h,002h
       B4 02
 BB40  CD 10 46 EB BB BB      C  DB 0cdh,010h,046h,0ebh,0bbh,0bbh,0dch,003h
       DC 03
 BB48  BA 14 00 E8 A4 FE      C  DB 0bah,014h,000h,0e8h,0a4h,0feh,0b9h,000h
       B9 00
 BB50  20 B4 01 CD 16 75      C  DB 020h,0b4h,001h,0cdh,016h,075h,040h,0e2h
       40 E2
 BB58  F8 BB 27 05 BA 14      C  DB 0f8h,0bbh,027h,005h,0bah,014h,000h,0e8h
       00 E8
 BB60  90 FE B9 00 20 B4      C  DB 090h,0feh,0b9h,000h,020h,0b4h,001h,0cdh
       01 CD
 BB68  16 75 2C E2 F8 BB      C  DB 016h,075h,02ch,0e2h,0f8h,0bbh,0dch,003h
       DC 03
 BB70  BA 14 00 E8 7C FE      C  DB 0bah,014h,000h,0e8h,07ch,0feh,0b9h,000h
       B9 00
 BB78  20 B4 01 CD 16 75      C  DB 020h,0b4h,001h,0cdh,016h,075h,018h,0e2h
       18 E2
 BB80  F8 BB 27 05 BA 14      C  DB 0f8h,0bbh,027h,005h,0bah,014h,000h,0e8h
       00 E8
 BB88  68 FE B9 00 60 B4      C  DB 068h,0feh,0b9h,000h,060h,0b4h,001h,0cdh
       01 CD
 BB90  16 75 04 E2 F8 EB      C  DB 016h,075h,004h,0e2h,0f8h,0ebh,0aeh,0b4h
       AE B4
 BB98  00 CD 16 83 FE 00      C  DB 000h,0cdh,016h,083h,0feh,000h,075h,015h
       75 15
 BBA0  3C 59 75 05 BE 02      C  DB 03ch,059h,075h,005h,0beh,002h,000h,0ebh
       00 EB
 BBA8  0C 3C 79 75 05 BE      C  DB 00ch,03ch,079h,075h,005h,0beh,002h,000h
       02 00
 BBB0  EB 03 BE 01 00 B4      C  DB 0ebh,003h,0beh,001h,000h,0b4h,001h,0cdh
       01 CD
 BBB8  16 75 DC 8B CF B4      C  DB 016h,075h,0dch,08bh,0cfh,0b4h,00fh,0cdh
       0F CD
 BBC0  10 B6 0A 02 F5 FE      C  DB 010h,0b6h,00ah,002h,0f5h,0feh,0c5h,0b2h
       C5 B2
 BBC8  16 02 D1 FE CA 8B      C  DB 016h,002h,0d1h,0feh,0cah,08bh,0f9h,081h
       F9 81
 BBD0  E7 FF 00 B4 02 CD      C  DB 0e7h,0ffh,000h,0b4h,002h,0cdh,010h,058h
       10 58
 BBD8  8E D9 B9 01 00 8A      C  DB 08eh,0d9h,0b9h,001h,000h,08ah,0dch,0b4h
       DC B4
 BBE0  09 CD 10 FE CA 8C      C  DB 009h,0cdh,010h,0feh,0cah,08ch,0d9h,04fh
       D9 4F
 BBE8  75 E9 FE CE FE CD      C  DB 075h,0e9h,0feh,0ceh,0feh,0cdh,075h,0d7h
       75 D7
 BBF0  5A B4 02 CD 10 5A      C  DB 05ah,0b4h,002h,0cdh,010h,05ah,059h,05bh
       59 5B
 BBF8  5F 58 1F 83 FE 02      C  DB 05fh,058h,01fh,083h,0feh,002h,074h,006h
       74 06
 BC00  5E E9 4B 03 58 1F      C  DB 05eh,0e9h,04bh,003h,058h,01fh,05eh,0c6h
       5E C6
 BC08  46 FC 30 E9 1E 01      C  DB 046h,0fch,030h,0e9h,01eh,001h,0c6h,046h
       C6 46
 BC10  FC 40 E9 17 01 C6      C  DB 0fch,040h,0e9h,017h,001h,0c6h,046h,0fch
       46 FC
 BC18  50 8A 56 FF B0 0E      C  DB 050h,08ah,056h,0ffh,0b0h,00eh,0e8h,077h
       E8 77
 BC20  06 88 46 FD E9 05      C  DB 006h,088h,046h,0fdh,0e9h,005h,001h,08ah
       01 8A
 BC28  56 FF 3A 56 FE 72      C  DB 056h,0ffh,03ah,056h,0feh,072h,003h,0ebh
       03 EB
 BC30  4C 90 B0 02 E8 61      C  DB 04ch,090h,0b0h,002h,0e8h,061h,006h,02ch
       06 2C
 BC38  01 8A E0 8A 46 FE      C  DB 001h,08ah,0e0h,08ah,046h,0feh,080h,0fah
       80 FA
 BC40  02 72 0A 26 F6 06      C  DB 002h,072h,00ah,026h,0f6h,006h,0dah,000h
       DA 00
 BC48  20 74 02 FE C8 89      C  DB 020h,074h,002h,0feh,0c8h,089h,046h,008h
       46 08
 BC50  B0 00 E8 43 06 3D      C  DB 0b0h,000h,0e8h,043h,006h,03dh,000h,004h
       00 04
 BC58  72 03 B8 00 04 2D      C  DB 072h,003h,0b8h,000h,004h,02dh,002h,000h
       02 00
 BC60  8B C8 81 E1 00 03      C  DB 08bh,0c8h,081h,0e1h,000h,003h,0d1h,0e9h
       D1 E9
 BC68  D1 E9 8A E8 B0 0E      C  DB 0d1h,0e9h,08ah,0e8h,0b0h,00eh,0e8h,027h
       E8 27
 BC70  06 0A C8 89 4E 06      C  DB 006h,00ah,0c8h,089h,04eh,006h,0c7h,046h
       C7 46
 BC78  02 00 00 EB 0D 33      C  DB 002h,000h,000h,0ebh,00dh,033h,0c0h,089h
       C0 89
 BC80  46 08 89 46 06 C7      C  DB 046h,008h,089h,046h,006h,0c7h,046h,002h
       46 02
 BC88  00 07 E9 A7 02 8A      C  DB 000h,007h,0e9h,0a7h,002h,08ah,056h,0ffh
       56 FF
 BC90  E8 55 05 89 46 02      C  DB 0e8h,055h,005h,089h,046h,002h,0e9h,09bh
       E9 9B
 BC98  02 C6 46 FC 22 E9      C  DB 002h,0c6h,046h,0fch,022h,0e9h,08ch,000h
       8C 00
 BCA0  C6 46 FC 32 E9 85      C  DB 0c6h,046h,0fch,032h,0e9h,085h,000h,0c6h
       00 C6
 BCA8  46 FC 70 EB 7F 90      C  DB 046h,0fch,070h,0ebh,07fh,090h,0e9h,03dh
       E9 3D
 BCB0  FC 8A 46 FF 24 01      C  DB 0fch,08ah,046h,0ffh,024h,001h,0b1h,004h
       B1 04
 BCB8  D2 E0 0C A0 8A 76      C  DB 0d2h,0e0h,00ch,0a0h,08ah,076h,009h,0e8h
       09 E8
 BCC0  B1 06 80 E6 0F 0A      C  DB 0b1h,006h,080h,0e6h,00fh,00ah,0c6h,0e8h
       C6 E8
 BCC8  95 03 89 46 02 E9      C  DB 095h,003h,089h,046h,002h,0e9h,064h,002h
       64 02
 BCD0  8A 76 09 E8 9D 06      C  DB 08ah,076h,009h,0e8h,09dh,006h,08ah,056h
       8A 56
 BCD8  FF E8 59 05 89 46      C  DB 0ffh,0e8h,059h,005h,089h,046h,002h,0e9h
       02 E9
 BCE0  52 02 E8 B9 04 89      C  DB 052h,002h,0e8h,0b9h,004h,089h,046h,002h
       46 02
 BCE8  E9 49 02 8A 56 FF      C  DB 0e9h,049h,002h,08ah,056h,0ffh,08ah,046h
       8A 46
 BCF0  FE 3A C2 76 29 B0      C  DB 0feh,03ah,0c2h,076h,029h,0b0h,000h,0e8h
       00 E8
 BCF8  9E 05 2D 01 00 8B      C  DB 09eh,005h,02dh,001h,000h,08bh,0c8h,0b0h
       C8 B0
 BD00  0E E8 94 05 8B D8      C  DB 00eh,0e8h,094h,005h,08bh,0d8h,0b0h,002h
       B0 02
 BD08  E8 8D 05 F6 E3 33      C  DB 0e8h,08dh,005h,0f6h,0e3h,033h,0d2h,0f7h
       D2 F7
 BD10  E1 89 46 08 89 56      C  DB 0e1h,089h,046h,008h,089h,056h,006h,0c7h
       06 C7
 BD18  46 02 00 03 EB 0B      C  DB 046h,002h,000h,003h,0ebh,00bh,033h,0c0h
       33 C0
 BD20  89 46 08 89 46 06      C  DB 089h,046h,008h,089h,046h,006h,089h,046h
       89 46
 BD28  02 E9 31 02 80 7E      C  DB 002h,0e9h,031h,002h,080h,07eh,0fch,040h
       FC 40
 BD30  73 2D F6 46 FC 02      C  DB 073h,02dh,0f6h,046h,0fch,002h,075h,00eh
       75 0E
 BD38  80 7E FB 01 76 08      C  DB 080h,07eh,0fbh,001h,076h,008h,0c0h,06eh
       C0 6E
 BD40  FC 04 80 46 FC C2      C  DB 0fch,004h,080h,046h,0fch,0c2h,08bh,05eh
       8B 5E
 BD48  04 83 E3 0F 8A 46      C  DB 004h,083h,0e3h,00fh,08ah,046h,0fdh,08ah
       FD 8A
 BD50  66 FC E8 2E 02 89      C  DB 066h,0fch,0e8h,02eh,002h,089h,046h,002h
       46 02
 BD58  0B C0 74 03 E9 F0      C  DB 00bh,0c0h,074h,003h,0e9h,0f0h,001h,0e8h
       01 E8
 BD60  80 05 73 53 8A 66      C  DB 080h,005h,073h,053h,08ah,066h,0fch,08ah
       FC 8A
 BD68  46 FF 24 01 B1 04      C  DB 046h,0ffh,024h,001h,0b1h,004h,0d2h,0e0h
       D2 E0
 BD70  0C A0 8B 56 08 E8      C  DB 00ch,0a0h,08bh,056h,008h,0e8h,0fbh,005h
       FB 05
 BD78  8A EE 80 E5 C0 80      C  DB 08ah,0eeh,080h,0e5h,0c0h,080h,0e6h,00fh
       E6 0F
 BD80  0A C6 50 8B 56 06      C  DB 00ah,0c6h,050h,08bh,056h,006h,080h,0e2h
       80 E2
 BD88  C0 B1 02 D2 EA 0A      C  DB 0c0h,0b1h,002h,0d2h,0eah,00ah,0eah,0b1h
       EA B1
 BD90  04 D2 ED 8A CE E8      C  DB 004h,0d2h,0edh,08ah,0ceh,0e8h,0bdh,005h
       BD 05
 BD98  75 12 D1 E1 B0 02      C  DB 075h,012h,0d1h,0e1h,0b0h,002h,08ah,056h
       8A 56
 BDA0  FF E8 F4 04 D0 E8      C  DB 0ffh,0e8h,0f4h,004h,0d0h,0e8h,038h,046h
       38 46
 BDA8  09 72 01 41 51 8A      C  DB 009h,072h,001h,041h,051h,08ah,066h,006h
       66 06
 BDB0  80 E4 3F 8A 46 FD      C  DB 080h,0e4h,03fh,08ah,046h,0fdh,050h,0e8h
       50 E8
 BDB8  E7 01 83 C4 06 89      C  DB 0e7h,001h,083h,0c4h,006h,089h,046h,002h
       46 02
 BDC0  0B C0 74 12 3D 00      C  DB 00bh,0c0h,074h,012h,03dh,000h,040h,075h
       40 75
 BDC8  0A 80 7E FC 70 75      C  DB 00ah,080h,07eh,0fch,070h,075h,004h,0c6h
       04 C6
 BDD0  46 FC 71 E9 5E 01      C  DB 046h,0fch,071h,0e9h,05eh,001h,080h,07eh
       80 7E
 BDD8  FC 70 75 03 E9 45      C  DB 0fch,070h,075h,003h,0e9h,045h,001h,080h
       01 80
 BDE0  7E FC C4 0F 84 A7      C  DB 07eh,0fch,0c4h,00fh,084h,0a7h,000h,080h
       00 80
 BDE8  7E FC C5 74 08 F6      C  DB 07eh,0fch,0c5h,074h,008h,0f6h,046h,0fch
       46 FC
 BDF0  10 0F 84 90 00 1E      C  DB 010h,00fh,084h,090h,000h,01eh,08bh,046h
       8B 46
 BDF8  04 25 0F 00 8B F0      C  DB 004h,025h,00fh,000h,08bh,0f0h,0e8h,077h
       E8 77
 BE00  04 0B C0 0F 85 74      C  DB 004h,00bh,0c0h,00fh,085h,074h,000h,0b9h
       00 B9
 BE08  00 01 80 7E FB 01      C  DB 000h,001h,080h,07eh,0fbh,001h,076h,01bh
       76 1B
 BE10  B8 40 00 8E D8 8A      C  DB 0b8h,040h,000h,08eh,0d8h,08ah,046h,0fbh
       46 FB
 BE18  3A 46 FD 76 09 8A      C  DB 03ah,046h,0fdh,076h,009h,08ah,06eh,0fdh
       6E FD
 BE20  C6 46 FD 00 EB 05      C  DB 0c6h,046h,0fdh,000h,0ebh,005h,08ah,0e8h
       8A E8
 BE28  28 46 FD 8B 46 04      C  DB 028h,046h,0fdh,08bh,046h,004h,0c1h,0e8h
       C1 E8
 BE30  04 03 46 0C 8E D8      C  DB 004h,003h,046h,00ch,08eh,0d8h,0bah,0f0h
       BA F0
 BE38  01 2A 56 FA FC FA      C  DB 001h,02ah,056h,0fah,0fch,0fah,0f3h,06fh
       F3 6F
 BE40  FB F6 46 FC 02 74      C  DB 0fbh,0f6h,046h,0fch,002h,074h,016h,0e8h
       16 E8
 BE48  2E 04 0B C0 75 2D      C  DB 02eh,004h,00bh,0c0h,075h,02dh,0bah,0f0h
       BA F0
 BE50  01 2A 56 FA B9 04      C  DB 001h,02ah,056h,0fah,0b9h,004h,000h,090h
       00 90
 BE58  6E 50 58 E2 FB 1F      C  DB 06eh,050h,058h,0e2h,0fbh,01fh,056h,0e8h
       56 E8
 BE60  43 02 0B C0 75 1C      C  DB 043h,002h,00bh,0c0h,075h,01ch,0e8h,072h
       E8 72
 BE68  02 0B C0 75 15 5E      C  DB 002h,00bh,0c0h,075h,015h,05eh,01eh,0bah
       1E BA
 BE70  F7 01 2A 56 FA EC      C  DB 0f7h,001h,02ah,056h,0fah,0ech,025h,008h
       25 08
 BE78  00 75 8C 1F 89 46      C  DB 000h,075h,08ch,01fh,089h,046h,002h,0e9h
       02 E9
 BE80  B2 00 5E EB F7 F6      C  DB 0b2h,000h,05eh,0ebh,0f7h,0f6h,046h,0fch
       46 FC
 BE88  20 75 03 E9 96 00      C  DB 020h,075h,003h,0e9h,096h,000h,0bfh,00fh
       BF 0F
 BE90  00 23 7E 04 33 C0      C  DB 000h,023h,07eh,004h,033h,0c0h,050h,057h
       50 57
 BE98  E8 0A 02 5F 0B C0      C  DB 0e8h,00ah,002h,05fh,00bh,0c0h,00fh,085h
       0F 85
 BEA0  76 00 E8 36 02 0B      C  DB 076h,000h,0e8h,036h,002h,00bh,0c0h,00fh
       C0 0F
 BEA8  85 6D 00 85 C0 74      C  DB 085h,06dh,000h,085h,0c0h,074h,002h,05bh
       02 5B
 BEB0  50 B9 00 01 80 7E      C  DB 050h,0b9h,000h,001h,080h,07eh,0fbh,001h
       FB 01
 BEB8  76 1D B8 40 00 8E      C  DB 076h,01dh,0b8h,040h,000h,08eh,0c0h,08ah
       C0 8A
 BEC0  46 FB 3A 46 FD 76      C  DB 046h,0fbh,03ah,046h,0fdh,076h,009h,08ah
       09 8A
 BEC8  6E FD C6 46 FD 01      C  DB 06eh,0fdh,0c6h,046h,0fdh,001h,0ebh,007h
       EB 07
 BED0  8A E8 FE C8 28 46      C  DB 08ah,0e8h,0feh,0c8h,028h,046h,0fdh,08bh
       FD 8B
 BED8  46 04 C1 E8 04 03      C  DB 046h,004h,0c1h,0e8h,004h,003h,046h,00ch
       46 0C
 BEE0  8E C0 BA F0 01 2A      C  DB 08eh,0c0h,0bah,0f0h,001h,02ah,056h,0fah
       56 FA
 BEE8  FC FA F3 6D F6 46      C  DB 0fch,0fah,0f3h,06dh,0f6h,046h,0fch,002h
       FC 02
 BEF0  74 11 FB E8 82 03      C  DB 074h,011h,0fbh,0e8h,082h,003h,00bh,0c0h
       0B C0
 BEF8  75 1E FA B9 04 00      C  DB 075h,01eh,0fah,0b9h,004h,000h,06ch,050h
       6C 50
 BF00  58 E2 FB 58 50 0B      C  DB 058h,0e2h,0fbh,058h,050h,00bh,0c0h,074h
       C0 74
 BF08  07 3D 00 11 75 0A      C  DB 007h,03dh,000h,011h,075h,00ah,05bh,050h
       5B 50
 BF10  FE 4E FD 75 82 58      C  DB 0feh,04eh,0fdh,075h,082h,058h,0ebh,001h
       EB 01
 BF18  5B FB 89 46 02 B8      C  DB 05bh,0fbh,089h,046h,002h,0b8h,040h,000h
       40 00
 BF20  8E C0 EB 10 E8 7E      C  DB 08eh,0c0h,0ebh,010h,0e8h,07eh,001h,089h
       01 89
 BF28  46 02 0B C0 75 06      C  DB 046h,002h,00bh,0c0h,075h,006h,0e8h,0aah
       E8 AA
 BF30  01 89 46 02 80 7E      C  DB 001h,089h,046h,002h,080h,07eh,0fch,070h
       FC 70
 BF38  75 0E 81 7E 02 00      C  DB 075h,00eh,081h,07eh,002h,000h,040h,075h
       40 75
 BF40  07 C7 46 02 00 00      C  DB 007h,0c7h,046h,002h,000h,000h,0ebh,015h
       EB 15
 BF48  81 7E 02 FF 00 76      C  DB 081h,07eh,002h,0ffh,000h,076h,00eh,08bh
       0E 8B
 BF50  46 02 26 88 26 74      C  DB 046h,002h,026h,088h,026h,074h,000h,083h
       00 83
 BF58  4E 1A 01 EB 0A 26      C  DB 04eh,01ah,001h,0ebh,00ah,026h,0c6h,006h
       C6 06
 BF60  74 00 00 83 66 1A      C  DB 074h,000h,000h,083h,066h,01ah,0feh,08bh
       FE 8B
 BF68  E5 80 7E FC 08 5D      C  DB 0e5h,080h,07eh,0fch,008h,05dh,058h,05bh
       58 5B
 BF70  59 5A 5F 07 1F 5E      C  DB 059h,05ah,05fh,007h,01fh,05eh,074h,004h
       74 04
 BF78  59 5A EB 03 83 C4      C  DB 059h,05ah,0ebh,003h,083h,0c4h,004h,0e8h
       04 E8
 BF80  3E DB CF 33 D2 B9      C  DB 03eh,0dbh,0cfh,033h,0d2h,0b9h,000h,080h
       00 80
 BF88  F6 C4 02 74 04 FE      C  DB 0f6h,0c4h,002h,074h,004h,0feh,0cdh,0b1h
       CD B1
 BF90  04 3A C5 77 06 75      C  DB 004h,03ah,0c5h,077h,006h,075h,007h,03ah
       07 3A
 BF98  D9 76 03 BA 00 09      C  DB 0d9h,076h,003h,0bah,000h,009h,08bh,0c2h
       8B C2
 BFA0  C3 55 8B F4 33 DB      C  DB 0c3h,055h,08bh,0f4h,033h,0dbh,081h,0fbh
       81 FB
 BFA8  00 18 73 14 36 8B      C  DB 000h,018h,073h,014h,036h,08bh,044h,008h
       44 08
 BFB0  E8 AC 00 0B C0 74      C  DB 0e8h,0ach,000h,00bh,0c0h,074h,00dh,043h
       0D 43
 BFB8  3D 00 80 75 E9 B8      C  DB 03dh,000h,080h,075h,0e9h,0b8h,000h,020h
       00 20
 BFC0  8B E6 5D C3 26 C6      C  DB 08bh,0e6h,05dh,0c3h,026h,0c6h,006h,08eh
       06 8E
 BFC8  00 00 FA BA A1 00      C  DB 000h,000h,0fah,0bah,0a1h,000h,0ech,0ebh
       EC EB
 BFD0  00 EB 00 24 3F EE      C  DB 000h,0ebh,000h,024h,03fh,0eeh,0ebh,000h
       EB 00
 BFD8  EB 00 B2 21 EC EB      C  DB 0ebh,000h,0b2h,021h,0ech,0ebh,000h,0ebh
       00 EB
 BFE0  00 24 FB EE FB 36      C  DB 000h,024h,0fbh,0eeh,0fbh,036h,08ah,074h
       8A 74
 BFE8  09 36 8A 54 08 80      C  DB 009h,036h,08ah,054h,008h,080h,0e2h,010h
       E2 10
 BFF0  B1 04 D2 EA 80 FE      C  DB 0b1h,004h,0d2h,0eah,080h,0feh,091h,074h
       91 74
 BFF8  38 26 F6 06 76 00      C  DB 038h,026h,0f6h,006h,076h,000h,0c0h,074h
       C0 74
 C000  12 80 E6 F0 80 FE      C  DB 012h,080h,0e6h,0f0h,080h,0feh,040h,077h
       40 77
 C008  0A 80 FE 20 72 05      C  DB 00ah,080h,0feh,020h,072h,005h,080h,0ceh
       80 CE
 C010  01 EB 1E 80 FE 70      C  DB 001h,0ebh,01eh,080h,0feh,070h,074h,005h
       74 05
 C018  80 FE 10 75 14 B0      C  DB 080h,0feh,010h,075h,014h,0b0h,03dh,0fah
       3D FA
 C020  E8 AD F7 FB 72 0B      C  DB 0e8h,0adh,0f7h,0fbh,072h,00bh,0f6h,0c2h
       F6 C2
 C028  01 74 02 D2 E8 24      C  DB 001h,074h,002h,0d2h,0e8h,024h,00fh,00ah
       0F 0A
 C030  F0 36 88 74 09 B0      C  DB 0f0h,036h,088h,074h,009h,0b0h,005h,0e8h
       05 E8
 C038  5E 02 B1 02 D3 E8      C  DB 05eh,002h,0b1h,002h,0d3h,0e8h,0fch,0bah
       FC BA
 C040  F1 01 2A 56 FA BB      C  DB 0f1h,001h,02ah,056h,0fah,0bbh,004h,000h
       04 00
 C048  B9 07 00 90 EE EB      C  DB 0b9h,007h,000h,090h,0eeh,0ebh,000h,0ebh
       00 EB
 C050  00 36 8A 00 43 42      C  DB 000h,036h,08ah,000h,043h,042h,0e2h,0f4h
       E2 F4
 C058  B8 00 00 8B E6 5D      C  DB 0b8h,000h,000h,08bh,0e6h,05dh,0c3h,050h
       C3 50
 C060  E8 1F 00 58 74 05      C  DB 0e8h,01fh,000h,058h,074h,005h,0b8h,000h
       B8 00
 C068  80 EB 16 BA F6 01      C  DB 080h,0ebh,016h,0bah,0f6h,001h,02ah,056h
       2A 56
 C070  FA EE E8 72 00 3D      C  DB 0fah,0eeh,0e8h,072h,000h,03dh,001h,000h
       01 00
 C078  74 05 3D 00 11 75      C  DB 074h,005h,03dh,000h,011h,075h,002h,033h
       02 33
 C080  C0 C3 53 BA F7 01      C  DB 0c0h,0c3h,053h,0bah,0f7h,001h,02ah,056h
       2A 56
 C088  FA B8 00 80 2E 8A      C  DB 0fah,0b8h,000h,080h,02eh,08ah,03eh,055h
       3E 55
 C090  E7 2E 8B 0E 53 E7      C  DB 0e7h,02eh,08bh,00eh,053h,0e7h,0e8h,0cbh
       E8 CB
 C098  26 32 C0 0A E4 74      C  DB 026h,032h,0c0h,00ah,0e4h,074h,002h,0b0h
       02 B0
 C0A0  01 0A C0 5B C3 FB      C  DB 001h,00ah,0c0h,05bh,0c3h,0fbh,0b8h,000h
       B8 00
 C0A8  90 CD 15 B8 00 80      C  DB 090h,0cdh,015h,0b8h,000h,080h,072h,029h
       72 29
 C0B0  FB B9 40 00 8E C1      C  DB 0fbh,0b9h,040h,000h,08eh,0c1h,0bfh,08eh
       BF 8E
 C0B8  00 B4 80 8A 4E FF      C  DB 000h,0b4h,080h,08ah,04eh,0ffh,0d0h,0e9h
       D0 E9
 C0C0  D2 EC 2E 8A 3E 58      C  DB 0d2h,0ech,02eh,08ah,03eh,058h,0e7h,02eh
       E7 2E
 C0C8  8B 0E 56 E7 E8 69      C  DB 08bh,00eh,056h,0e7h,0e8h,069h,02ch,032h
       2C 32
 C0D0  C0 0A E4 75 04 26      C  DB 0c0h,00ah,0e4h,075h,004h,026h,0c6h,005h
       C6 05
 C0D8  00 FA C3 E8 09 00      C  DB 000h,0fah,0c3h,0e8h,009h,000h,03dh,001h
       3D 01
 C0E0  00 75 03 E8 39 00      C  DB 000h,075h,003h,0e8h,039h,000h,0c3h,0b8h
       C3 B8
 C0E8  40 00 8E C0 BA F7      C  DB 040h,000h,08eh,0c0h,0bah,0f7h,001h,02ah
       01 2A
 C0F0  56 FA EC 26 A2 8C      C  DB 056h,0fah,0ech,026h,0a2h,08ch,000h,0a8h
       00 A8
 C0F8  80 75 1C A8 20 B9      C  DB 080h,075h,01ch,0a8h,020h,0b9h,000h,0cch
       00 CC
 C100  75 1A A8 40 B9 00      C  DB 075h,01ah,0a8h,040h,0b9h,000h,0aah,074h
       AA 74
 C108  13 A8 10 B9 00 40      C  DB 013h,0a8h,010h,0b9h,000h,040h,074h,00ch
       74 0C
 C110  A8 04 B9 00 11 75      C  DB 0a8h,004h,0b9h,000h,011h,075h,005h,08bh
       05 8B
 C118  C8 80 E1 01 8B C1      C  DB 0c8h,080h,0e1h,001h,08bh,0c1h,0c3h,0bbh
       C3 BB
 C120  00 E0 BA F1 01 2A      C  DB 000h,0e0h,0bah,0f1h,001h,02ah,056h,0fah
       56 FA
 C128  EC 26 A2 8D 00 B4      C  DB 0ech,026h,0a2h,08dh,000h,0b4h,008h,0b1h
       08 B1
 C130  80 80 FC 01 76 18      C  DB 080h,080h,0fch,001h,076h,018h,084h,0c1h
       84 C1
 C138  75 06 FE CC D0 E9      C  DB 075h,006h,0feh,0cch,0d0h,0e9h,0ebh,0f1h
       EB F1
 C140  8D 36 27 F2 8A D4      C  DB 08dh,036h,027h,0f2h,08ah,0d4h,032h,0f6h
       32 F6
 C148  D1 E2 03 F2 8B 1C      C  DB 0d1h,0e2h,003h,0f2h,08bh,01ch,08bh,0c3h
       8B C3
 C150  C3 52 8A 66 FC 8A      C  DB 0c3h,052h,08ah,066h,0fch,08ah,046h,0fdh
       46 FD
 C158  50 8A C2 24 01 B1      C  DB 050h,08ah,0c2h,024h,001h,0b1h,004h,0d2h
       04 D2
 C160  E0 0C A0 E8 E7 01      C  DB 0e0h,00ch,0a0h,0e8h,0e7h,001h,075h,002h
       75 02
 C168  0C 40 8B 56 08 E8      C  DB 00ch,040h,08bh,056h,008h,0e8h,003h,002h
       03 02
 C170  80 E6 0F 0A C6 B4      C  DB 080h,0e6h,00fh,00ah,0c6h,0b4h,0c6h,050h
       C6 50
 C178  33 C0 50 8A 46 FB      C  DB 033h,0c0h,050h,08ah,046h,0fbh,032h,0e4h
       32 E4
 C180  50 E8 1D FE 83 C4      C  DB 050h,0e8h,01dh,0feh,083h,0c4h,006h,00bh
       06 0B
 C188  C0 75 0A E8 17 FF      C  DB 0c0h,075h,00ah,0e8h,017h,0ffh,00bh,0c0h
       0B C0
 C190  75 03 E8 46 FF 5B      C  DB 075h,003h,0e8h,046h,0ffh,05bh,088h,05eh
       88 5E
 C198  FD 88 7E FC 5A C3      C  DB 0fdh,088h,07eh,0fch,05ah,0c3h,0e4h,0a1h
       E4 A1
 C1A0  EB 00 EB 00 25 3F      C  DB 0ebh,000h,0ebh,000h,025h,03fh,000h,0e6h
       00 E6
 C1A8  A1 EB 00 EB 00 E4      C  DB 0a1h,0ebh,000h,0ebh,000h,0e4h,021h,0ebh
       21 EB
 C1B0  00 EB 00 25 FB 00      C  DB 000h,0ebh,000h,025h,0fbh,000h,0e6h,021h
       E6 21
 C1B8  E8 C7 FE 75 27 BA      C  DB 0e8h,0c7h,0feh,075h,027h,0bah,0f7h,001h
       F7 01
 C1C0  2A 56 FA B0 90 EE      C  DB 02ah,056h,0fah,0b0h,090h,0eeh,0ebh,000h
       EB 00
 C1C8  EB 00 E8 B5 FE B8      C  DB 0ebh,000h,0e8h,0b5h,0feh,0b8h,000h,080h
       00 80
 C1D0  75 15 BA F1 01 2A      C  DB 075h,015h,0bah,0f1h,001h,02ah,056h,0fah
       56 FA
 C1D8  EC 26 A2 8D 00 A8      C  DB 0ech,026h,0a2h,08dh,000h,0a8h,001h,0b8h
       01 B8
 C1E0  00 00 75 03 B8 00      C  DB 000h,000h,075h,003h,0b8h,000h,020h,0c3h
       20 C3
 C1E8  B0 02 E8 60 01 75      C  DB 0b0h,002h,0e8h,060h,001h,075h,002h,0b0h
       02 B0
 C1F0  0B E8 A4 00 E8 5E      C  DB 00bh,0e8h,0a4h,000h,0e8h,05eh,001h,075h
       01 75
 C1F8  02 D0 E8 2C 01 0C      C  DB 002h,0d0h,0e8h,02ch,001h,00ch,0a0h,08ah
       A0 8A
 C200  E2 80 E4 01 B1 04      C  DB 0e2h,080h,0e4h,001h,0b1h,004h,0d2h,0e4h
       D2 E4
 C208  0A C4 B4 91 50 33      C  DB 00ah,0c4h,0b4h,091h,050h,033h,0c0h,050h
       C0 50
 C210  B0 0E E8 38 01 75      C  DB 0b0h,00eh,0e8h,038h,001h,075h,002h,0b0h
       02 B0
 C218  04 E8 7C 00 32 E4      C  DB 004h,0e8h,07ch,000h,032h,0e4h,050h,0e8h
       50 E8
 C220  7F FD 83 C4 06 0B      C  DB 07fh,0fdh,083h,0c4h,006h,00bh,0c0h,075h
       C0 75
 C228  0B E8 56 FE B8 00      C  DB 00bh,0e8h,056h,0feh,0b8h,000h,080h,075h
       80 75
 C230  03 E8 A7 FE C3 B0      C  DB 003h,0e8h,0a7h,0feh,0c3h,0b0h,0a0h,0b1h
       A0 B1
 C238  04 80 E2 01 D2 E2      C  DB 004h,080h,0e2h,001h,0d2h,0e2h,00ah,0c2h
       0A C2
 C240  80 E6 0F 0A C6 B4      C  DB 080h,0e6h,00fh,00ah,0c6h,0b4h,010h,050h
       10 50
 C248  33 C0 50 50 E8 52      C  DB 033h,0c0h,050h,050h,0e8h,052h,0fdh,083h
       FD 83
 C250  C4 06 0B C0 75 20      C  DB 0c4h,006h,00bh,0c0h,075h,020h,0e8h,04ch
       E8 4C
 C258  FE 0A E4 74 0E E8      C  DB 0feh,00ah,0e4h,074h,00eh,0e8h,045h,0feh
       45 FE
 C260  0A E4 74 07 E8 3E      C  DB 00ah,0e4h,074h,007h,0e8h,03eh,0feh,00bh
       FE 0B
 C268  C0 75 0B E8 6D FE      C  DB 0c0h,075h,00bh,0e8h,06dh,0feh,03dh,000h
       3D 00
 C270  40 75 03 B8 00 00      C  DB 040h,075h,003h,0b8h,000h,000h,0c3h,090h
       C3 90
 C278  52 53 BA F7 01 2A      C  DB 052h,053h,0bah,0f7h,001h,02ah,056h,0fah
       56 FA
 C280  B8 08 08 2E 8A 3E      C  DB 0b8h,008h,008h,02eh,08ah,03eh,05bh,0e7h
       5B E7
 C288  2E 8B 0E 59 E7 E8      C  DB 02eh,08bh,00eh,059h,0e7h,0e8h,0d4h,024h
       D4 24
 C290  32 C0 5B 5A C3 87      C  DB 032h,0c0h,05bh,05ah,0c3h,087h,0dbh,090h
       DB 90
 C298  1E 56 80 FA 02 72      C  DB 01eh,056h,080h,0fah,002h,072h,017h,0beh
       17 BE
 C2A0  00 F0 8E DE 52 32      C  DB 000h,0f0h,08eh,0deh,052h,032h,0f6h,08bh
       F6 8B
 C2A8  F2 5A 83 EE 02 C1      C  DB 0f2h,05ah,083h,0eeh,002h,0c1h,0e6h,004h
       E6 04
 C2B0  81 C6 39 F0 EB 13      C  DB 081h,0c6h,039h,0f0h,0ebh,013h,0beh,001h
       BE 01
 C2B8  00 8E DE 0A D2 75      C  DB 000h,08eh,0deh,00ah,0d2h,075h,006h,0c5h
       06 C5
 C2C0  36 F4 00 EB 04 C5      C  DB 036h,0f4h,000h,0ebh,004h,0c5h,036h,008h
       36 08
 C2C8  01 32 E4 03 F0 3C      C  DB 001h,032h,0e4h,003h,0f0h,03ch,00ch,074h
       0C 74
 C2D0  0A 77 0B 3C 07 73      C  DB 00ah,077h,00bh,03ch,007h,073h,007h,03ch
       07 3C
 C2D8  02 74 03 AD EB 01      C  DB 002h,074h,003h,0adh,0ebh,001h,0ach,05eh
       AC 5E
 C2E0  1F C3 E8 68 00 75      C  DB 01fh,0c3h,0e8h,068h,000h,075h,064h,058h
       64 58
 C2E8  66 C1 E0 10 B0 02      C  DB 066h,0c1h,0e0h,010h,0b0h,002h,08ah,056h
       8A 56
 C2F0  FF E8 A4 FF 8A C8      C  DB 0ffh,0e8h,0a4h,0ffh,08ah,0c8h,0b0h,00eh
       B0 0E
 C2F8  E8 9D FF 50 F6 E1      C  DB 0e8h,09dh,0ffh,050h,0f6h,0e1h,08bh,0c8h
       8B C8
 C300  8B 46 06 86 C4 C0      C  DB 08bh,046h,006h,086h,0c4h,0c0h,0ech,006h
       EC 06
 C308  F7 E1 59 52 50 8A      C  DB 0f7h,0e1h,059h,052h,050h,08ah,046h,009h
       46 09
 C310  F6 E1 8B D8 58 5A      C  DB 0f6h,0e1h,08bh,0d8h,058h,05ah,003h,0c3h
       03 C3
 C318  83 D2 00 8A 4E 06      C  DB 083h,0d2h,000h,08ah,04eh,006h,080h,0e1h
       80 E1
 C320  3F FE C9 32 ED 03      C  DB 03fh,0feh,0c9h,032h,0edh,003h,0c1h,083h
       C1 83
 C328  D2 00 8A 6E FC 8A      C  DB 0d2h,000h,08ah,06eh,0fch,08ah,04eh,0ffh
       4E FF
 C330  C0 E1 04 0A CE 80      C  DB 0c0h,0e1h,004h,00ah,0ceh,080h,0c9h,0e0h
       C9 E0
 C338  51 8A F2 8A D4 52      C  DB 051h,08ah,0f2h,08ah,0d4h,052h,08ah,0e0h
       8A E0
 C340  8A 46 FD 50 66 C1      C  DB 08ah,046h,0fdh,050h,066h,0c1h,0e8h,010h
       E8 10
 C348  50 F8 C3 F9 C3 50      C  DB 050h,0f8h,0c3h,0f9h,0c3h,050h,0e8h,00ch
       E8 0C
 C350  00 3C 01 58 C3 50      C  DB 000h,03ch,001h,058h,0c3h,050h,0e8h,004h
       E8 04
 C358  00 3C 02 58 C3 1E      C  DB 000h,03ch,002h,058h,0c3h,01eh,051h,0b9h
       51 B9
 C360  40 00 8E D9 8A 4E      C  DB 040h,000h,08eh,0d9h,08ah,04eh,0ffh,0d0h
       FF D0
 C368  E1 A0 DE 00 D2 E8      C  DB 0e1h,0a0h,0deh,000h,0d2h,0e8h,024h,003h
       24 03
 C370  59 1F C3 50 E8 DE      C  DB 059h,01fh,0c3h,050h,0e8h,0deh,0ffh,075h
       FF 75
 C378  10 B0 02 8A 56 FF      C  DB 010h,0b0h,002h,08ah,056h,0ffh,0e8h,017h
       E8 17
 C380  FF D0 E8 3A F0 72      C  DB 0ffh,0d0h,0e8h,03ah,0f0h,072h,002h,02ah
       02 2A
 C388  F0 58 C3 00 00 00      C  DB 0f0h,058h,0c3h,000h,000h,000h,000h,000h
       00 00
 C390  FB FC 1E 60 BB 40      C  DB 0fbh,0fch,01eh,060h,0bbh,040h,000h,08eh
       00 8E
 C398  DB 8B EC 83 EC 02      C  DB 0dbh,08bh,0ech,083h,0ech,002h,0b8h,0adh
       B8 AD
 C3A0  00 E8 90 06 FA E8      C  DB 000h,0e8h,090h,006h,0fah,0e8h,0bch,006h
       BC 06
 C3A8  E4 60 F9 B4 4F CD      C  DB 0e4h,060h,0f9h,0b4h,04fh,0cdh,015h,00fh
       15 0F
 C3B0  83 79 00 88 46 FF      C  DB 083h,079h,000h,088h,046h,0ffh,0fbh,0f7h
       FB F7
 C3B8  06 15 00 08 00 74      C  DB 006h,015h,000h,008h,000h,074h,017h,03ch
       17 3C
 C3C0  52 75 05 80 0E DA      C  DB 052h,075h,005h,080h,00eh,0dah,000h,001h
       00 01
 C3C8  3C 53 75 0A F6 06      C  DB 03ch,053h,075h,00ah,0f6h,006h,017h,000h
       17 00
 C3D0  0C 75 03 E9 D6 01      C  DB 00ch,075h,003h,0e9h,0d6h,001h,03ch,0feh
       3C FE
 C3D8  75 07 80 0E 97 00      C  DB 075h,007h,080h,00eh,097h,000h,020h,0ebh
       20 EB
 C3E0  4B 3C FA 75 07 80      C  DB 04bh,03ch,0fah,075h,007h,080h,00eh,097h
       0E 97
 C3E8  00 10 EB 40 E8 94      C  DB 000h,010h,0ebh,040h,0e8h,094h,005h,03ch
       05 3C
 C3F0  FF 75 03 E9 46 05      C  DB 0ffh,075h,003h,0e9h,046h,005h,08ah,026h
       8A 26
 C3F8  96 00 F6 C4 C0 74      C  DB 096h,000h,0f6h,0c4h,0c0h,074h,030h,078h
       30 78
 C400  1D 80 E4 BF 3C 41      C  DB 01dh,080h,0e4h,0bfh,03ch,041h,075h,020h
       75 20
 C408  80 CC 10 F6 C4 20      C  DB 080h,0cch,010h,0f6h,0c4h,020h,074h,018h
       74 18
 C410  80 0E 17 00 20 88      C  DB 080h,00eh,017h,000h,020h,088h,026h,096h
       26 96
 C418  00 E8 67 05 EB 0E      C  DB 000h,0e8h,067h,005h,0ebh,00eh,080h,0e4h
       80 E4
 C420  3F 3C AB 75 03 80      C  DB 03fh,03ch,0abh,075h,003h,080h,0cch,040h
       CC 40
 C428  88 26 96 00 E9 1F      C  DB 088h,026h,096h,000h,0e9h,01fh,005h,03ch
       05 3C
 C430  E0 75 08 80 0E 96      C  DB 0e0h,075h,008h,080h,00eh,096h,000h,012h
       00 12
 C438  E9 18 05 3C E1 75      C  DB 0e9h,018h,005h,03ch,0e1h,075h,008h,080h
       08 80
 C440  0E 96 00 11 E9 0C      C  DB 00eh,096h,000h,011h,0e9h,00ch,005h,0c6h
       05 C6
 C448  46 FE 00 8D 36 C5      C  DB 046h,0feh,000h,08dh,036h,0c5h,0f2h,08ah
       F2 8A
 C450  D0 25 7F 00 D1 E0      C  DB 0d0h,025h,07fh,000h,0d1h,0e0h,0d1h,0e0h
       D1 E0
 C458  03 F0 8A 36 96 00      C  DB 003h,0f0h,08ah,036h,096h,000h,033h,0c0h
       33 C0
 C460  2E 8A 04 3C 00 75      C  DB 02eh,08ah,004h,03ch,000h,075h,013h,0f6h
       13 F6
 C468  C6 01 75 D8 F6 C6      C  DB 0c6h,001h,075h,0d8h,0f6h,0c6h,002h,074h
       02 74
 C470  5D 2E F6 44 01 0C      C  DB 05dh,02eh,0f6h,044h,001h,00ch,075h,056h
       75 56
 C478  EB B2 F6 C2 80 74      C  DB 0ebh,0b2h,0f6h,0c2h,080h,074h,025h,080h
       25 80
 C480  E2 7F 3C 05 74 05      C  DB 0e2h,07fh,03ch,005h,074h,005h,080h,0fah
       80 FA
 C488  52 75 40 2E 8A 44      C  DB 052h,075h,040h,02eh,08ah,044h,001h,0f6h
       01 F6
 C490  D0 20 06 18 00 80      C  DB 0d0h,020h,006h,018h,000h,080h,0fah,054h
       FA 54
 C498  75 31 E8 8E 05 B8      C  DB 075h,031h,0e8h,08eh,005h,0b8h,001h,085h
       01 85
 C4A0  CD 15 EB 27 F6 06      C  DB 0cdh,015h,0ebh,027h,0f6h,006h,018h,000h
       18 00
 C4A8  08 74 23 80 FA 45      C  DB 008h,074h,023h,080h,0fah,045h,074h,01eh
       74 1E
 C4B0  80 FA 54 74 19 F6      C  DB 080h,0fah,054h,074h,019h,0f6h,006h,017h
       06 17
 C4B8  00 04 75 0A 80 FA      C  DB 000h,004h,075h,00ah,080h,0fah,03ah,074h
       3A 74
 C4C0  0D 80 FA 46 74 08      C  DB 00dh,080h,0fah,046h,074h,008h,080h,026h
       80 26
 C4C8  18 00 F7 B8 08 00      C  DB 018h,000h,0f7h,0b8h,008h,000h,08bh,0d8h
       8B D8
 C4D0  83 FB 08 72 03 BB      C  DB 083h,0fbh,008h,072h,003h,0bbh,008h,000h
       08 00
 C4D8  D1 E3 2E FF A7 E0      C  DB 0d1h,0e3h,02eh,0ffh,0a7h,0e0h,0c4h,090h
       C4 90
 C4E0  F2 C4 55 C5 98 C5      C  DB 0f2h,0c4h,055h,0c5h,098h,0c5h,0e8h,0c8h
       E8 C8
 C4E8  2F C8 9F C6 8E C6      C  DB 02fh,0c8h,09fh,0c6h,08eh,0c6h,0c1h,0c8h
       C1 C8
 C4F0  4E C9 2E 8A 44 01      C  DB 04eh,0c9h,02eh,08ah,044h,001h,08ah,0e0h
       8A E0
 C4F8  F6 46 FF 80 74 20      C  DB 0f6h,046h,0ffh,080h,074h,020h,0f6h,0d0h
       F6 D0
 C500  20 06 17 00 F6 C4      C  DB 020h,006h,017h,000h,0f6h,0c4h,00ch,074h
       0C 74
 C508  30 F6 C6 02 74 06      C  DB 030h,0f6h,0c6h,002h,074h,006h,020h,006h
       20 06
 C510  96 00 EB 25 D0 C8      C  DB 096h,000h,0ebh,025h,0d0h,0c8h,0d0h,0c8h
       D0 C8
 C518  20 06 18 00 EB 1B      C  DB 020h,006h,018h,000h,0ebh,01bh,008h,006h
       08 06
 C520  17 00 A8 0C 74 13      C  DB 017h,000h,0a8h,00ch,074h,013h,0f6h,0c6h
       F6 C6
 C528  02 74 06 08 06 96      C  DB 002h,074h,006h,008h,006h,096h,000h,0ebh
       00 EB
 C530  08 D0 E8 D0 E8 08      C  DB 008h,0d0h,0e8h,0d0h,0e8h,008h,006h,018h
       06 18
 C538  00 80 7E FF B8 74      C  DB 000h,080h,07eh,0ffh,0b8h,074h,003h,0e9h
       03 E9
 C540  0C 04 A0 19 00 08      C  DB 00ch,004h,0a0h,019h,000h,008h,046h,0feh
       46 FE
 C548  74 F5 33 C0 88 46      C  DB 074h,0f5h,033h,0c0h,088h,046h,0ffh,0a2h
       FF A2
 C550  19 00 E9 CA 03 80      C  DB 019h,000h,0e9h,0cah,003h,080h,07eh,0ffh
       7E FF
 C558  39 75 06 C6 46 FE      C  DB 039h,075h,006h,0c6h,046h,0feh,020h,0ebh
       20 EB
 C560  34 F6 06 17 00 08      C  DB 034h,0f6h,006h,017h,000h,008h,075h,02dh
       75 2D
 C568  F6 06 17 00 04 74      C  DB 0f6h,006h,017h,000h,004h,074h,009h,02eh
       09 2E
 C570  8A 44 03 88 46 FE      C  DB 08ah,044h,003h,088h,046h,0feh,0ebh,01dh
       EB 1D
 C578  2E 8A 44 01 88 46      C  DB 02eh,08ah,044h,001h,088h,046h,0feh,0f6h
       FE F6
 C580  06 17 00 40 74 04      C  DB 006h,017h,000h,040h,074h,004h,080h,066h
       80 66
 C588  FE DF F6 06 17 00      C  DB 0feh,0dfh,0f6h,006h,017h,000h,003h,074h
       03 74
 C590  04 80 76 FE 20 E9      C  DB 004h,080h,076h,0feh,020h,0e9h,075h,003h
       75 03
 C598  A0 17 00 24 0C 3C      C  DB 0a0h,017h,000h,024h,00ch,03ch,00ch,00fh
       0C 0F
 C5A0  85 36 00 2E 80 7C      C  DB 085h,036h,000h,02eh,080h,07ch,001h,01bh
       01 1B
 C5A8  0F 85 2D 00 F7 06      C  DB 00fh,085h,02dh,000h,0f7h,006h,015h,000h
       15 00
 C5B0  08 00 74 20 80 0E      C  DB 008h,000h,074h,020h,080h,00eh,0dah,000h
       DA 00
 C5B8  02 F7 06 15 00 04      C  DB 002h,0f7h,006h,015h,000h,004h,000h,074h
       00 74
 C5C0  13 83 26 15 00 FB      C  DB 013h,083h,026h,015h,000h,0fbh,0e8h,062h
       E8 62
 C5C8  04 8B E5 61 8B 2E      C  DB 004h,08bh,0e5h,061h,08bh,02eh,0a1h,000h
       A1 00
 C5D0  1F E9 A9 04 80 0E      C  DB 01fh,0e9h,0a9h,004h,080h,00eh,015h,000h
       15 00
 C5D8  01 F6 06 17 00 08      C  DB 001h,0f6h,006h,017h,000h,008h,074h,035h
       74 35
 C5E0  80 7E FF 0F 75 06      C  DB 080h,07eh,0ffh,00fh,075h,006h,0c6h,046h
       C6 46
 C5E8  FF A5 EB 1B F6 C6      C  DB 0ffh,0a5h,0ebh,01bh,0f6h,0c6h,002h,074h
       02 74
 C5F0  16 80 7E FF 1C 75      C  DB 016h,080h,07eh,0ffh,01ch,075h,006h,0c6h
       06 C6
 C5F8  46 FF A6 EB 0A 80      C  DB 046h,0ffh,0a6h,0ebh,00ah,080h,07eh,0ffh
       7E FF
 C600  35 75 04 C6 46 FF      C  DB 035h,075h,004h,0c6h,046h,0ffh,0a4h,080h
       A4 80
 C608  7E FF 84 76 02 EB      C  DB 07eh,0ffh,084h,076h,002h,0ebh,086h,0c6h
       86 C6
 C610  46 FE F0 EB 80 F6      C  DB 046h,0feh,0f0h,0ebh,080h,0f6h,006h,017h
       06 17
 C618  00 04 74 4B 2E 8A      C  DB 000h,004h,074h,04bh,02eh,08ah,044h,003h
       44 03
 C620  80 7E FF 0F 75 08      C  DB 080h,07eh,0ffh,00fh,075h,008h,0c6h,046h
       C6 46
 C628  FF 94 B0 00 EB 33      C  DB 0ffh,094h,0b0h,000h,0ebh,033h,080h,07eh
       80 7E
 C630  FF 4A 75 06 C6 46      C  DB 0ffh,04ah,075h,006h,0c6h,046h,0ffh,08eh
       FF 8E
 C638  EB F0 80 7E FF 4E      C  DB 0ebh,0f0h,080h,07eh,0ffh,04eh,075h,006h
       75 06
 C640  C6 46 FF 90 EB E4      C  DB 0c6h,046h,0ffh,090h,0ebh,0e4h,0f6h,0c6h
       F6 C6
 C648  02 74 16 80 7E FF      C  DB 002h,074h,016h,080h,07eh,0ffh,035h,075h
       35 75
 C650  06 C6 46 FF 95 EB      C  DB 006h,0c6h,046h,0ffh,095h,0ebh,0d3h,080h
       D3 80
 C658  7E FF 1C 75 04 C6      C  DB 07eh,0ffh,01ch,075h,004h,0c6h,046h,0ffh
       46 FF
 C660  E0 88 46 FE E9 A6      C  DB 0e0h,088h,046h,0feh,0e9h,0a6h,002h,0f6h
       02 F6
 C668  06 17 00 03 74 0D      C  DB 006h,017h,000h,003h,074h,00dh,02eh,08ah
       2E 8A
 C670  44 02 F6 C6 02 74      C  DB 044h,002h,0f6h,0c6h,002h,074h,0eah,03ch
       EA 3C
 C678  3F 75 0D 2E 8A 44      C  DB 03fh,075h,00dh,02eh,08ah,044h,001h,0f6h
       01 F6
 C680  C6 02 74 DD 3C 2F      C  DB 0c6h,002h,074h,0ddh,03ch,02fh,074h,0d5h
       74 D5
 C688  3C 0D 75 D5 EB CF      C  DB 03ch,00dh,075h,0d5h,0ebh,0cfh,0f6h,006h
       F6 06
 C690  17 00 08 75 03 E9      C  DB 017h,000h,008h,075h,003h,0e9h,07dh,0ffh
       7D FF
 C698  80 46 FF 76 E9 6E      C  DB 080h,046h,0ffh,076h,0e9h,06eh,002h,02eh
       02 2E
 C6A0  8A 44 01 84 06 18      C  DB 08ah,044h,001h,084h,006h,018h,000h,074h
       00 74
 C6A8  0D 80 7E FF 46 75      C  DB 00dh,080h,07eh,0ffh,046h,075h,031h,0f6h
       31 F6
 C6B0  06 17 00 04 74 2A      C  DB 006h,017h,000h,004h,074h,02ah,008h,006h
       08 06
 C6B8  18 00 80 7E FF 54      C  DB 018h,000h,080h,07eh,0ffh,054h,075h,00bh
       75 0B
 C6C0  E8 68 03 B8 00 85      C  DB 0e8h,068h,003h,0b8h,000h,085h,0cdh,015h
       CD 15
 C6C8  E9 90 02 80 7E FF      C  DB 0e9h,090h,002h,080h,07eh,0ffh,03ah,075h
       3A 75
 C6D0  12 F6 06 17 00 04      C  DB 012h,0f6h,006h,017h,000h,004h,075h,008h
       75 08
 C6D8  80 36 17 00 40 E8      C  DB 080h,036h,017h,000h,040h,0e8h,0a3h,002h
       A3 02
 C6E0  E9 6B 02 80 7E FF      C  DB 0e9h,06bh,002h,080h,07eh,0ffh,045h,075h
       45 75
 C6E8  48 F6 C6 01 75 0C      C  DB 048h,0f6h,0c6h,001h,075h,00ch,0f6h,0c6h
       F6 C6
 C6F0  10 75 34 F6 06 17      C  DB 010h,075h,034h,0f6h,006h,017h,000h,004h
       00 04
 C6F8  74 2D F6 06 18 00      C  DB 074h,02dh,0f6h,006h,018h,000h,008h,09ch
       08 9C
 C700  80 0E 18 00 08 E8      C  DB 080h,00eh,018h,000h,008h,0e8h,027h,003h
       27 03
 C708  B0 20 E6 20 80 3E      C  DB 0b0h,020h,0e6h,020h,080h,03eh,049h,000h
       49 00
 C710  07 7D 07 A0 65 00      C  DB 007h,07dh,007h,0a0h,065h,000h,0bah,0d8h
       BA D8
 C718  03 EE 9D 75 07 F6      C  DB 003h,0eeh,09dh,075h,007h,0f6h,006h,018h
       06 18
 C720  00 08 75 F9 E9 34      C  DB 000h,008h,075h,0f9h,0e9h,034h,002h,080h
       02 80
 C728  36 17 00 20 E8 54      C  DB 036h,017h,000h,020h,0e8h,054h,002h,0ebh
       02 EB
 C730  3C 80 7E FF 46 75      C  DB 03ch,080h,07eh,0ffh,046h,075h,039h,0f6h
       39 F6
 C738  C6 02 75 0C F6 C6      C  DB 0c6h,002h,075h,00ch,0f6h,0c6h,010h,075h
       10 75
 C740  24 F6 06 17 00 04      C  DB 024h,0f6h,006h,017h,000h,004h,074h,01dh
       74 1D
 C748  8B 1E 80 00 89 1E      C  DB 08bh,01eh,080h,000h,089h,01eh,01ah,000h
       1A 00
 C750  89 1E 1C 00 C6 06      C  DB 089h,01eh,01ch,000h,0c6h,006h,071h,000h
       71 00
 C758  80 E8 D3 02 CD 1B      C  DB 080h,0e8h,0d3h,002h,0cdh,01bh,0c6h,046h
       C6 46
 C760  FF 00 E9 A8 01 80      C  DB 0ffh,000h,0e9h,0a8h,001h,080h,036h,017h
       36 17
 C768  00 10 E8 16 02 E9      C  DB 000h,010h,0e8h,016h,002h,0e9h,0deh,001h
       DE 01
 C770  80 7E FF 53 75 5C      C  DB 080h,07eh,0ffh,053h,075h,05ch,0f6h,006h
       F6 06
 C778  17 00 08 74 1B F6      C  DB 017h,000h,008h,074h,01bh,0f6h,006h,017h
       06 17
 C780  00 04 74 09 C7 06      C  DB 000h,004h,074h,009h,0c7h,006h,072h,000h
       72 00
 C788  34 12 E9 31 16 F6      C  DB 034h,012h,0e9h,031h,016h,0f6h,0c6h,002h
       C6 02
 C790  74 DB C6 46 FF A3      C  DB 074h,0dbh,0c6h,046h,0ffh,0a3h,0ebh,037h
       EB 37
 C798  F6 C6 02 74 04 C6      C  DB 0f6h,0c6h,002h,074h,004h,0c6h,046h,0feh
       46 FE
 C7A0  E0 F6 06 17 00 04      C  DB 0e0h,0f6h,006h,017h,000h,004h,074h,006h
       74 06
 C7A8  C6 46 FF 93 EB 21      C  DB 0c6h,046h,0ffh,093h,0ebh,021h,0f6h,006h
       F6 06
 C7B0  17 00 20 74 13 F6      C  DB 017h,000h,020h,074h,013h,0f6h,006h,017h
       06 17
 C7B8  00 03 75 13 F6 C6      C  DB 000h,003h,075h,013h,0f6h,0c6h,002h,075h
       02 75
 C7C0  0E C6 46 FE 2E E9      C  DB 00eh,0c6h,046h,0feh,02eh,0e9h,045h,001h
       45 01
 C7C8  F6 06 17 00 03 75      C  DB 0f6h,006h,017h,000h,003h,075h,0edh,0e9h
       ED E9
 C7D0  3B 01 80 7E FF 37      C  DB 03bh,001h,080h,07eh,0ffh,037h,075h,0f7h
       75 F7
 C7D8  F6 C6 02 74 09 F6      C  DB 0f6h,0c6h,002h,074h,009h,0f6h,006h,017h
       06 17
 C7E0  00 04 74 38 EB 28      C  DB 000h,004h,074h,038h,0ebh,028h,0f6h,006h
       F6 06
 C7E8  17 00 08 74 07 C6      C  DB 017h,000h,008h,074h,007h,0c6h,046h,0feh
       46 FE
 C7F0  F0 E9 19 01 F6 C6      C  DB 0f0h,0e9h,019h,001h,0f6h,0c6h,010h,074h
       10 74
 C7F8  0E F6 06 17 00 04      C  DB 00eh,0f6h,006h,017h,000h,004h,074h,028h
       74 28
 C800  C6 46 FF 96 E9 06      C  DB 0c6h,046h,0ffh,096h,0e9h,006h,001h,0f6h
       01 F6
 C808  06 17 00 04 74 07      C  DB 006h,017h,000h,004h,074h,007h,0c6h,046h
       C6 46
 C810  FF 72 E9 F8 00 F6      C  DB 0ffh,072h,0e9h,0f8h,000h,0f6h,006h,017h
       06 17
 C818  00 03 74 0C E8 10      C  DB 000h,003h,074h,00ch,0e8h,010h,002h,0b0h
       02 B0
 C820  20 E6 20 CD 05 E9      C  DB 020h,0e6h,020h,0cdh,005h,0e9h,030h,001h
       30 01
 C828  C6 46 FE 2A E9 DE      C  DB 0c6h,046h,0feh,02ah,0e9h,0deh,000h,0f6h
       00 F6
 C830  06 17 00 08 74 26      C  DB 006h,017h,000h,008h,074h,026h,0f6h,0c6h
       F6 C6
 C838  02 74 07 80 46 FF      C  DB 002h,074h,007h,080h,046h,0ffh,050h,0e9h
       50 E9
 C840  CB 00 A0 19 00 B3      C  DB 0cbh,000h,0a0h,019h,000h,0b3h,00ah,0f6h
       0A F6
 C848  E3 2E 8A 5C 02 81      C  DB 0e3h,02eh,08ah,05ch,002h,081h,0e3h,0ffh
       E3 FF
 C850  00 83 EB 30 03 C3      C  DB 000h,083h,0ebh,030h,003h,0c3h,0a2h,019h
       A2 19
 C858  00 E9 F2 00 F6 C6      C  DB 000h,0e9h,0f2h,000h,0f6h,0c6h,002h,074h
       02 74
 C860  04 C6 46 FE E0 F6      C  DB 004h,0c6h,046h,0feh,0e0h,0f6h,006h,017h
       06 17
 C868  00 04 74 0A 2E 8A      C  DB 000h,004h,074h,00ah,02eh,08ah,044h,003h
       44 03
 C870  88 46 FF E9 97 00      C  DB 088h,046h,0ffh,0e9h,097h,000h,0f6h,006h
       F6 06
 C878  17 00 20 74 16 F6      C  DB 017h,000h,020h,074h,016h,0f6h,006h,017h
       06 17
 C880  00 03 75 16 F6 C6      C  DB 000h,003h,075h,016h,0f6h,0c6h,002h,075h
       02 75
 C888  1D 2E 8A 44 02 88      C  DB 01dh,02eh,08ah,044h,002h,088h,046h,0feh
       46 FE
 C890  EB 7B 90 F6 06 17      C  DB 0ebh,07bh,090h,0f6h,006h,017h,000h,003h
       00 03
 C898  75 EA 80 7E FF 4C      C  DB 075h,0eah,080h,07eh,0ffh,04ch,075h,006h
       75 06
 C8A0  C6 46 FE F0 EB 67      C  DB 0c6h,046h,0feh,0f0h,0ebh,067h,080h,07eh
       80 7E
 C8A8  FF 52 75 61 2E 8A      C  DB 0ffh,052h,075h,061h,02eh,08ah,044h,001h
       44 01
 C8B0  84 06 18 00 75 A3      C  DB 084h,006h,018h,000h,075h,0a3h,008h,006h
       08 06
 C8B8  18 00 80 36 17 00      C  DB 018h,000h,080h,036h,017h,000h,080h,0ebh
       80 EB
 C8C0  4C 80 46 FF 34 F6      C  DB 04ch,080h,046h,0ffh,034h,0f6h,006h,017h
       06 17
 C8C8  00 08 75 41 80 6E      C  DB 000h,008h,075h,041h,080h,06eh,0ffh,002h
       FF 02
 C8D0  F6 06 17 00 04 75      C  DB 0f6h,006h,017h,000h,004h,075h,036h,080h
       36 80
 C8D8  6E FF 02 F6 06 17      C  DB 06eh,0ffh,002h,0f6h,006h,017h,000h,003h
       00 03
 C8E0  75 2B 80 6E FF 02      C  DB 075h,02bh,080h,06eh,0ffh,002h,0ebh,025h
       EB 25
 C8E8  F6 06 17 00 08 74      C  DB 0f6h,006h,017h,000h,008h,074h,006h,080h
       06 80
 C8F0  46 FF 2D EB 18 F6      C  DB 046h,0ffh,02dh,0ebh,018h,0f6h,006h,017h
       06 17
 C8F8  00 04 74 06 80 46      C  DB 000h,004h,074h,006h,080h,046h,0ffh,023h
       FF 23
 C900  EB 0B F6 06 17 00      C  DB 0ebh,00bh,0f6h,006h,017h,000h,003h,074h
       03 74
 C908  04 80 46 FF 19 80      C  DB 004h,080h,046h,0ffh,019h,080h,07eh,0ffh
       7E FF
 C910  FF 75 03 EB 39 90      C  DB 0ffh,075h,003h,0ebh,039h,090h,080h,07eh
       80 7E
 C918  FE FF 75 03 EB 30      C  DB 0feh,0ffh,075h,003h,0ebh,030h,090h,08ah
       90 8A
 C920  6E FF 8A 4E FE E8      C  DB 06eh,0ffh,08ah,04eh,0feh,0e8h,03ch,000h
       3C 00
 C928  74 12 FA E8 FD 00      C  DB 074h,012h,0fah,0e8h,0fdh,000h,0b8h,002h
       B8 02
 C930  91 8B E5 CD 15 80      C  DB 091h,08bh,0e5h,0cdh,015h,080h,026h,096h
       26 96
 C938  00 FC EB 22 B0 20      C  DB 000h,0fch,0ebh,022h,0b0h,020h,0e6h,020h
       E6 20
 C940  B9 00 50 E8 7A 00      C  DB 0b9h,000h,050h,0e8h,07ah,000h,080h,026h
       80 26
 C948  96 00 FC EB 0B 90      C  DB 096h,000h,0fch,0ebh,00bh,090h,080h,026h
       80 26
 C950  96 00 FC FA B0 20      C  DB 096h,000h,0fch,0fah,0b0h,020h,0e6h,020h
       E6 20
 C958  E8 D4 00 FA 8B E5      C  DB 0e8h,0d4h,000h,0fah,08bh,0e5h,061h,01fh
       61 1F
 C960  CF 87 DB 90 A1 1C      C  DB 0cfh,087h,0dbh,090h,0a1h,01ch,000h,005h
       00 05
 C968  02 00 3B 06 82 00      C  DB 002h,000h,03bh,006h,082h,000h,075h,003h
       75 03
 C970  A1 80 00 3B 06 1A      C  DB 0a1h,080h,000h,03bh,006h,01ah,000h,074h
       00 74
 C978  09 8B 36 1C 00 89      C  DB 009h,08bh,036h,01ch,000h,089h,00ch,0a3h
       0C A3
 C980  1C 00 C3 9C FA 50      C  DB 01ch,000h,0c3h,09ch,0fah,050h,0a0h,017h
       A0 17
 C988  00 24 70 B1 04 D2      C  DB 000h,024h,070h,0b1h,004h,0d2h,0e8h,08ah
       E8 8A
 C990  26 97 00 80 E4 07      C  DB 026h,097h,000h,080h,0e4h,007h,03ah,0c4h
       3A C4
 C998  74 20 80 26 97 00      C  DB 074h,020h,080h,026h,097h,000h,0f8h,008h
       F8 08
 C9A0  06 97 00 50 B0 20      C  DB 006h,097h,000h,050h,0b0h,020h,0e6h,020h
       E6 20
 C9A8  B0 ED E8 43 00 58      C  DB 0b0h,0edh,0e8h,043h,000h,058h,075h,005h
       75 05
 C9B0  E8 3D 00 74 05 B0      C  DB 0e8h,03dh,000h,074h,005h,0b0h,0f4h,0e8h
       F4 E8
 C9B8  36 00 58 9D C3 87      C  DB 036h,000h,058h,09dh,0c3h,087h,0dbh,090h
       DB 90
 C9C0  E4 61 EB 00 EB 00      C  DB 0e4h,061h,0ebh,000h,0ebh,000h,08ah,0e0h
       8A E0
 C9C8  50 B0 B6 E6 43 B8      C  DB 050h,0b0h,0b6h,0e6h,043h,0b8h,033h,005h
       33 05
 C9D0  E6 42 8A C4 E7 E1      C  DB 0e6h,042h,08ah,0c4h,0e7h,0e1h,0e6h,042h
       E6 42
 C9D8  E7 E1 58 0C 03 E6      C  DB 0e7h,0e1h,058h,00ch,003h,0e6h,061h,090h
       61 90
 C9E0  E2 FE 24 FD E6 61      C  DB 0e2h,0feh,024h,0fdh,0e6h,061h,0ebh,000h
       EB 00
 C9E8  EB 00 8A C4 E6 61      C  DB 0ebh,000h,08ah,0c4h,0e6h,061h,0c3h,090h
       C3 90
 C9F0  51 33 C9 8A E0 E4      C  DB 051h,033h,0c9h,08ah,0e0h,0e4h,064h,0a8h
       64 A8
 C9F8  20 0F 84 0B 00 FB      C  DB 020h,00fh,084h,00bh,000h,0fbh,0e2h,0f5h
       E2 F5
 CA00  B8 FF 00 0B C0 EB      C  DB 0b8h,0ffh,000h,00bh,0c0h,0ebh,022h,090h
       22 90
 CA08  FA E4 60 E8 56 00      C  DB 0fah,0e4h,060h,0e8h,056h,000h,08ah,0c4h
       8A C4
 CA10  E6 60 E8 4F 00 E8      C  DB 0e6h,060h,0e8h,04fh,000h,0e8h,038h,000h
       38 00
 CA18  74 04 B0 20 E6 20      C  DB 074h,004h,0b0h,020h,0e6h,020h,0e4h,060h
       E4 60
 CA20  3C FA B8 FF 00 75      C  DB 03ch,0fah,0b8h,0ffh,000h,075h,002h,033h
       02 33
 CA28  C0 59 C3 B0 20 E6      C  DB 0c0h,059h,0c3h,0b0h,020h,0e6h,020h,0b8h
       20 B8
 CA30  AE 00 87 DB FA E8      C  DB 0aeh,000h,087h,0dbh,0fah,0e8h,004h,000h
       04 00
 CA38  FB C3 87 DB 8A E0      C  DB 0fbh,0c3h,087h,0dbh,08ah,0e0h,0e8h,023h
       E8 23
 CA40  00 0F 85 07 00 8A      C  DB 000h,00fh,085h,007h,000h,08ah,0c4h,0e6h
       C4 E6
 CA48  64 E8 18 00 C3 87      C  DB 064h,0e8h,018h,000h,0c3h,087h,0dbh,090h
       DB 90
 CA50  B4 0C 33 C9 E4 64      C  DB 0b4h,00ch,033h,0c9h,0e4h,064h,0e7h,0e1h
       E7 E1
 CA58  A8 01 75 06 E2 F6      C  DB 0a8h,001h,075h,006h,0e2h,0f6h,0feh,0cch
       FE CC
 CA60  75 F0 C3 90 33 C9      C  DB 075h,0f0h,0c3h,090h,033h,0c9h,0e4h,064h
       E4 64
 CA68  E7 E1 24 02 E0 F8      C  DB 0e7h,0e1h,024h,002h,0e0h,0f8h,0c3h,01eh
       C3 1E
 CA70  B8 40 00 8E D8 F6      C  DB 0b8h,040h,000h,08eh,0d8h,0f6h,006h,0dah
       06 DA
 CA78  00 02 1F 74 31 1E      C  DB 000h,002h,01fh,074h,031h,01eh,0b8h,040h
       B8 40
 CA80  00 8E D8 C7 06 72      C  DB 000h,08eh,0d8h,0c7h,006h,072h,000h,000h
       00 00
 CA88  00 83 26 15 00 FB      C  DB 000h,083h,026h,015h,000h,0fbh,0e8h,014h
       E8 14
 CA90  DC 1F E8 DB AD 50      C  DB 0dch,01fh,0e8h,0dbh,0adh,050h,052h,0b0h
       52 B0
 CA98  15 BA 7A 03 EE B8      C  DB 015h,0bah,07ah,003h,0eeh,0b8h,000h,001h
       00 01
 CAA0  33 D2 CD 17 5A 58      C  DB 033h,0d2h,0cdh,017h,05ah,058h,0b0h,0aah
       B0 AA
 CAA8  E8 E8 5D E9 10 13      C  DB 0e8h,0e8h,05dh,0e9h,010h,013h,0c3h,000h
       C3 00
 CAB0  FB 80 FC 07 76 04      C  DB 0fbh,080h,0fch,007h,076h,004h,0f9h,0cah
       F9 CA
 CAB8  02 00 53 8A DC 32      C  DB 002h,000h,053h,08ah,0dch,032h,0ffh,0d1h
       FF D1
 CAC0  E3 2E FF A7 28 CC      C  DB 0e3h,02eh,0ffh,0a7h,028h,0cch,032h,0c0h
       32 C0
 CAC8  F9 EB 01 F8 B4 00      C  DB 0f9h,0ebh,001h,0f8h,0b4h,000h,05bh,0fbh
       5B FB
 CAD0  CA 02 00 FA 1E BB      C  DB 0cah,002h,000h,0fah,01eh,0bbh,040h,000h
       40 00
 CAD8  8E DB BB 6C 00 8B      C  DB 08eh,0dbh,0bbh,06ch,000h,08bh,017h,08bh
       17 8B
 CAE0  4F 02 32 C0 86 47      C  DB 04fh,002h,032h,0c0h,086h,047h,004h,01fh
       04 1F
 CAE8  EB E1 FA 1E BB 40      C  DB 0ebh,0e1h,0fah,01eh,0bbh,040h,000h,08eh
       00 8E
 CAF0  DB BB 6C 00 89 17      C  DB 0dbh,0bbh,06ch,000h,089h,017h,089h,04fh
       89 4F
 CAF8  02 C6 47 04 00 1F      C  DB 002h,0c6h,047h,004h,000h,01fh,0ebh,0cbh
       EB CB
 CB00  E8 4A 01 0A C0 75      C  DB 0e8h,04ah,001h,00ah,0c0h,075h,0bfh,0fah
       BF FA
 CB08  B0 04 E8 7D 1E 8A      C  DB 0b0h,004h,0e8h,07dh,01eh,08ah,0e8h,0b0h
       E8 B0
 CB10  02 E8 76 1E 8A C8      C  DB 002h,0e8h,076h,01eh,08ah,0c8h,0b0h,000h
       B0 00
 CB18  E8 6F 1E 8A F0 B0      C  DB 0e8h,06fh,01eh,08ah,0f0h,0b0h,00bh,0e8h
       0B E8
 CB20  68 1E 24 01 8A D0      C  DB 068h,01eh,024h,001h,08ah,0d0h,08ah,0c5h
       8A C5
 CB28  EB A1 E8 20 01 0A      C  DB 0ebh,0a1h,0e8h,020h,001h,00ah,0c0h,074h
       C0 74
 CB30  03 E8 04 01 FA 80      C  DB 003h,0e8h,004h,001h,0fah,080h,0e2h,001h
       E2 01
 CB38  B0 04 8A E5 E8 5C      C  DB 0b0h,004h,08ah,0e5h,0e8h,05ch,01eh,0b0h
       1E B0
 CB40  02 8A E1 E8 55 1E      C  DB 002h,08ah,0e1h,0e8h,055h,01eh,0b0h,000h
       B0 00
 CB48  8A E6 E8 4E 1E B0      C  DB 08ah,0e6h,0e8h,04eh,01eh,0b0h,00bh,0e8h
       0B E8
 CB50  38 1E 8A E0 80 E4      C  DB 038h,01eh,08ah,0e0h,080h,0e4h,062h,080h
       62 80
 CB58  CC 02 0A E2 B0 0B      C  DB 0cch,002h,00ah,0e2h,0b0h,00bh,0e8h,03ah
       E8 3A
 CB60  1E E9 67 FF E8 E6      C  DB 01eh,0e9h,067h,0ffh,0e8h,0e6h,000h,00ah
       00 0A
 CB68  C0 74 03 E9 58 FF      C  DB 0c0h,074h,003h,0e9h,058h,0ffh,0fah,0b0h
       FA B0
 CB70  32 E8 16 1E 8A E8      C  DB 032h,0e8h,016h,01eh,08ah,0e8h,0b0h,009h
       B0 09
 CB78  E8 0F 1E 8A C8 B0      C  DB 0e8h,00fh,01eh,08ah,0c8h,0b0h,008h,0e8h
       08 E8
 CB80  08 1E 8A F0 B0 07      C  DB 008h,01eh,08ah,0f0h,0b0h,007h,0e8h,001h
       E8 01
 CB88  1E 8A D0 8A C5 E9      C  DB 01eh,08ah,0d0h,08ah,0c5h,0e9h,03bh,0ffh
       3B FF
 CB90  E8 BA 00 0A C0 74      C  DB 0e8h,0bah,000h,00ah,0c0h,074h,003h,0e8h
       03 E8
 CB98  9E 00 FA B0 32 8A      C  DB 09eh,000h,0fah,0b0h,032h,08ah,0e5h,0e8h
       E5 E8
 CBA0  F9 1D B0 09 8A E1      C  DB 0f9h,01dh,0b0h,009h,08ah,0e1h,0e8h,0f2h
       E8 F2
 CBA8  1D B0 08 8A E6 E8      C  DB 01dh,0b0h,008h,08ah,0e6h,0e8h,0ebh,01dh
       EB 1D
 CBB0  B0 07 8A E2 E8 E4      C  DB 0b0h,007h,08ah,0e2h,0e8h,0e4h,01dh,0b0h
       1D B0
 CBB8  06 32 E4 E8 DD 1D      C  DB 006h,032h,0e4h,0e8h,0ddh,01dh,0b0h,00bh
       B0 0B
 CBC0  E8 C7 1D 24 7F 8A      C  DB 0e8h,0c7h,01dh,024h,07fh,08ah,0e0h,0b0h
       E0 B0
 CBC8  0B E8 CF 1D E9 FC      C  DB 00bh,0e8h,0cfh,01dh,0e9h,0fch,0feh,0b0h
       FE B0
 CBD0  0B E8 B6 1D A8 20      C  DB 00bh,0e8h,0b6h,01dh,0a8h,020h,074h,003h
       74 03
 CBD8  E9 ED FE E8 6F 00      C  DB 0e9h,0edh,0feh,0e8h,06fh,000h,00ah,0c0h
       0A C0
 CBE0  74 03 E8 53 00 FA      C  DB 074h,003h,0e8h,053h,000h,0fah,0e4h,0a1h
       E4 A1
 CBE8  24 FE EB 00 E6 A1      C  DB 024h,0feh,0ebh,000h,0e6h,0a1h,0b0h,005h
       B0 05
 CBF0  8A E5 E8 A6 1D B0      C  DB 08ah,0e5h,0e8h,0a6h,01dh,0b0h,003h,08ah
       03 8A
 CBF8  E1 E8 9F 1D B0 01      C  DB 0e1h,0e8h,09fh,01dh,0b0h,001h,08ah,0e6h
       8A E6
 CC00  E8 98 1D B0 0B E8      C  DB 0e8h,098h,01dh,0b0h,00bh,0e8h,082h,01dh
       82 1D
 CC08  24 7F 0C 20 8A E0      C  DB 024h,07fh,00ch,020h,08ah,0e0h,0b0h,00bh
       B0 0B
 CC10  E8 88 1D E9 B5 FE      C  DB 0e8h,088h,01dh,0e9h,0b5h,0feh,0fah,0b0h
       FA B0
 CC18  0B E8 6E 1D 24 57      C  DB 00bh,0e8h,06eh,01dh,024h,057h,08ah,0e0h
       8A E0
 CC20  B0 0B E8 76 1D E9      C  DB 0b0h,00bh,0e8h,076h,01dh,0e9h,0a3h,0feh
       A3 FE
 CC28  D3 CA EA CA 00 CB      C  DB 0d3h,0cah,0eah,0cah,000h,0cbh,02ah,0cbh
       2A CB
 CC30  64 CB 90 CB CF CB      C  DB 064h,0cbh,090h,0cbh,0cfh,0cbh,016h,0cch
       16 CC
 CC38  FA B0 0A B4 26 E8      C  DB 0fah,0b0h,00ah,0b4h,026h,0e8h,05bh,01dh
       5B 1D
 CC40  B0 0B B4 82 E8 54      C  DB 0b0h,00bh,0b4h,082h,0e8h,054h,01dh,0b0h
       1D B0
 CC48  0C E8 3E 1D C3 51      C  DB 00ch,0e8h,03eh,01dh,0c3h,051h,0b9h,068h
       B9 68
 CC50  11 87 DB 90 FA B0      C  DB 011h,087h,0dbh,090h,0fah,0b0h,00ah,0e6h
       0A E6
 CC58  70 E7 E1 E4 71 24      C  DB 070h,0e7h,0e1h,0e4h,071h,024h,080h,074h
       80 74
 CC60  05 FB E2 F0 B0 80      C  DB 005h,0fbh,0e2h,0f0h,0b0h,080h,059h,0c3h
       59 C3
 CC68  FB 1E 56 BE 40 00      C  DB 0fbh,01eh,056h,0beh,040h,000h,08eh,0deh
       8E DE
 CC70  BE 6C 00 83 04 01      C  DB 0beh,06ch,000h,083h,004h,001h,083h,054h
       83 54
 CC78  02 00 83 7C 02 18      C  DB 002h,000h,083h,07ch,002h,018h,075h,013h
       75 13
 CC80  81 3C B0 00 75 0D      C  DB 081h,03ch,0b0h,000h,075h,00dh,0c7h,004h
       C7 04
 CC88  00 00 C7 44 02 00      C  DB 000h,000h,0c7h,044h,002h,000h,000h,0c6h
       00 C6
 CC90  44 04 01 5E 50 52      C  DB 044h,004h,001h,05eh,050h,052h,080h,03eh
       80 3E
 CC98  40 00 00 74 11 FE      C  DB 040h,000h,000h,074h,011h,0feh,00eh,040h
       0E 40
 CCA0  00 75 0B 80 26 3F      C  DB 000h,075h,00bh,080h,026h,03fh,000h,0f0h
       00 F0
 CCA8  BA F2 03 B0 0C EE      C  DB 0bah,0f2h,003h,0b0h,00ch,0eeh,0cdh,01ch
       CD 1C
 CCB0  E8 F0 DD E8 36 D9      C  DB 0e8h,0f0h,0ddh,0e8h,036h,0d9h,0fah,0b0h
       FA B0
 CCB8  20 E6 20 5A 58 1F      C  DB 020h,0e6h,020h,05ah,058h,01fh,0cfh,050h
       CF 50
 CCC0  B0 0B E8 C5 1C A8      C  DB 0b0h,00bh,0e8h,0c5h,01ch,0a8h,060h,075h
       60 75
 CCC8  02 EB 40 B0 0C E8      C  DB 002h,0ebh,040h,0b0h,00ch,0e8h,0bah,01ch
       BA 1C
 CCD0  A8 20 74 04 50 CD      C  DB 0a8h,020h,074h,004h,050h,0cdh,04ah,058h
       4A 58
 CCD8  A8 40 74 2F 1E 56      C  DB 0a8h,040h,074h,02fh,01eh,056h,0beh,040h
       BE 40
 CCE0  00 8E DE BE 98 00      C  DB 000h,08eh,0deh,0beh,098h,000h,081h,06ch
       81 6C
 CCE8  04 D1 03 83 5C 06      C  DB 004h,0d1h,003h,083h,05ch,006h,000h,073h
       00 73
 CCF0  18 C6 06 A0 00 00      C  DB 018h,0c6h,006h,0a0h,000h,000h,0b0h,00bh
       B0 0B
 CCF8  E8 8F 1C 24 37 8A      C  DB 0e8h,08fh,01ch,024h,037h,08ah,0e0h,0b0h
       E0 B0
 CD00  0B E8 97 1C C5 34      C  DB 00bh,0e8h,097h,01ch,0c5h,034h,0c6h,004h
       C6 04
 CD08  80 5E 1F B0 20 E6      C  DB 080h,05eh,01fh,0b0h,020h,0e6h,0a0h,0ebh
       A0 EB
 CD10  00 E6 20 58 CF 00      C  DB 000h,0e6h,020h,058h,0cfh,000h,000h,000h
       00 00
 CD18  00 00 00 00 00 00      C  DB 000h,000h,000h,000h,000h,000h,000h,000h
       00 00
 CD20  E9 9D 01 E9 BA 01      C  DB 0e9h,09dh,001h,0e9h,0bah,001h,0e9h,017h
       E9 17
 CD28  02 E9 30 02 E9 DD      C  DB 002h,0e9h,030h,002h,0e9h,0ddh,002h,0e9h
       02 E9
 CD30  16 03 E9 13 03 E9      C  DB 016h,003h,0e9h,013h,003h,0e9h,0a0h,005h
       A0 05
 CD38  E9 D1 05 E9 CE 05      C  DB 0e9h,0d1h,005h,0e9h,0ceh,005h,0e9h,00bh
       E9 0B
 CD40  06 E9 40 06 E9 3D      C  DB 006h,0e9h,040h,006h,0e9h,03dh,006h,0e9h
       06 E9
 CD48  EA 06 E9 9F 08 E9      C  DB 0eah,006h,0e9h,09fh,008h,0e9h,0bch,008h
       BC 08
 CD50  EB 5A 90 90 FB FC      C  DB 0ebh,05ah,090h,090h,0fbh,0fch,080h,0fch
       80 FC
 CD58  0E 74 EC 80 FC 02      C  DB 00eh,074h,0ech,080h,0fch,002h,074h,0c3h
       74 C3
 CD60  80 FC 09 74 D3 80      C  DB 080h,0fch,009h,074h,0d3h,080h,0fch,00ah
       FC 0A
 CD68  74 D1 80 FC 01 74      C  DB 074h,0d1h,080h,0fch,001h,074h,0b1h,080h
       B1 80
 CD70  FC 06 74 BB 80 FC      C  DB 0fch,006h,074h,0bbh,080h,0fch,007h,074h
       07 74
 CD78  B9 80 FC 13 74 CF      C  DB 0b9h,080h,0fch,013h,074h,0cfh,080h,0fch
       80 FC
 CD80  08 74 B2 80 FC 03      C  DB 008h,074h,0b2h,080h,0fch,003h,074h,09eh
       74 9E
 CD88  80 FC 04 74 9C 80      C  DB 080h,0fch,004h,074h,09ch,080h,0fch,005h
       FC 05
 CD90  74 9A 80 FC 0C 74      C  DB 074h,09ah,080h,0fch,00ch,074h,0aah,080h
       AA 80
 CD98  FC 0D 74 A8 80 FC      C  DB 0fch,00dh,074h,0a8h,080h,0fch,000h,074h
       00 74
 CDA0  AF 80 FC 0B 74 98      C  DB 0afh,080h,0fch,00bh,074h,098h,080h,0fch
       80 FC
 CDA8  0F 74 9F CF 06 1E      C  DB 00fh,074h,09fh,0cfh,006h,01eh,060h,0bah
       60 BA
 CDB0  40 00 8E C2 BA D4      C  DB 040h,000h,08eh,0c2h,0bah,0d4h,003h,032h
       03 32
 CDB8  DB 26 8A 26 10 00      C  DB 0dbh,026h,08ah,026h,010h,000h,080h,0e4h
       80 E4
 CDC0  30 80 FC 30 75 09      C  DB 030h,080h,0fch,030h,075h,009h,0bah,0b4h
       BA B4
 CDC8  03 FE C3 B0 07 EB      C  DB 003h,0feh,0c3h,0b0h,007h,0ebh,00dh,03ch
       0D 3C
 CDD0  07 72 09 B0 02 80      C  DB 007h,072h,009h,0b0h,002h,080h,0fch,010h
       FC 10
 CDD8  75 02 32 C0 26 A2      C  DB 075h,002h,032h,0c0h,026h,0a2h,049h,000h
       49 00
 CDE0  26 89 16 63 00 83      C  DB 026h,089h,016h,063h,000h,083h,0c2h,004h
       C2 04
 CDE8  8A C3 EE 83 EA 04      C  DB 08ah,0c3h,0eeh,083h,0eah,004h,0beh,001h
       BE 01
 CDF0  00 8E DE C5 36 64      C  DB 000h,08eh,0deh,0c5h,036h,064h,000h,026h
       00 26
 CDF8  80 3E 49 00 02 72      C  DB 080h,03eh,049h,000h,002h,072h,019h,083h
       19 83
 CE00  C6 10 26 80 3E 49      C  DB 0c6h,010h,026h,080h,03eh,049h,000h,004h
       00 04
 CE08  72 0E 83 C6 10 26      C  DB 072h,00eh,083h,0c6h,010h,026h,080h,03eh
       80 3E
 CE10  49 00 07 72 03 83      C  DB 049h,000h,007h,072h,003h,083h,0c6h,010h
       C6 10
 CE18  8B 44 0A 86 E0 26      C  DB 08bh,044h,00ah,086h,0e0h,026h,0a3h,060h
       A3 60
 CE20  00 32 C9 90 8A C1      C  DB 000h,032h,0c9h,090h,08ah,0c1h,0eeh,042h
       EE 42
 CE28  AC EE 4A FE C1 80      C  DB 0ach,0eeh,04ah,0feh,0c1h,080h,0f9h,010h
       F9 10
 CE30  75 F2 33 FF 26 89      C  DB 075h,0f2h,033h,0ffh,026h,089h,03eh,04eh
       3E 4E
 CE38  00 26 C6 06 62 00      C  DB 000h,026h,0c6h,006h,062h,000h,000h,026h
       00 26
 CE40  8A 1E 49 00 26 81      C  DB 08ah,01eh,049h,000h,026h,081h,03eh,063h
       3E 63
 CE48  00 B4 03 B8 00 B0      C  DB 000h,0b4h,003h,0b8h,000h,0b0h,074h,002h
       74 02
 CE50  B4 B8 8E C0 B9 00      C  DB 0b4h,0b8h,08eh,0c0h,0b9h,000h,020h,0b8h
       20 B8
 CE58  20 07 80 FB 04 72      C  DB 020h,007h,080h,0fbh,004h,072h,00bh,080h
       0B 80
 CE60  FB 07 74 04 33 C0      C  DB 0fbh,007h,074h,004h,033h,0c0h,0ebh,002h
       EB 02
 CE68  B5 08 F3 AB B8 40      C  DB 0b5h,008h,0f3h,0abh,0b8h,040h,000h,08eh
       00 8E
 CE70  C0 32 FF 26 8B 16      C  DB 0c0h,032h,0ffh,026h,08bh,016h,063h,000h
       63 00
 CE78  83 C2 04 2E 8A 87      C  DB 083h,0c2h,004h,02eh,08ah,087h,0f4h,0f0h
       F4 F0
 CE80  EE 26 A2 65 00 2E      C  DB 0eeh,026h,0a2h,065h,000h,02eh,08ah,087h
       8A 87
 CE88  EC F0 26 A3 4A 00      C  DB 0ech,0f0h,026h,0a3h,04ah,000h,026h,0c6h
       26 C6
 CE90  06 84 00 18 80 E3      C  DB 006h,084h,000h,018h,080h,0e3h,00eh,02eh
       0E 2E
 CE98  8B 87 E4 F0 26 A3      C  DB 08bh,087h,0e4h,0f0h,026h,0a3h,04ch,000h
       4C 00
 CEA0  BF 50 00 B9 08 00      C  DB 0bfh,050h,000h,0b9h,008h,000h,033h,0c0h
       33 C0
 CEA8  F3 AB 42 B0 30 26      C  DB 0f3h,0abh,042h,0b0h,030h,026h,080h,03eh
       80 3E
 CEB0  49 00 06 75 02 B0      C  DB 049h,000h,006h,075h,002h,0b0h,03fh,0eeh
       3F EE
 CEB8  26 A2 66 00 61 1F      C  DB 026h,0a2h,066h,000h,061h,01fh,007h,0cfh
       07 CF
 CEC0  06 52 53 50 BA 40      C  DB 006h,052h,053h,050h,0bah,040h,000h,08eh
       00 8E
 CEC8  C2 26 89 0E 60 00      C  DB 0c2h,026h,089h,00eh,060h,000h,08bh,0d9h
       8B D9
 CED0  26 8B 16 63 00 B0      C  DB 026h,08bh,016h,063h,000h,0b0h,00ah,0e8h
       0A E8
 CED8  4E 00 58 5B 5A 07      C  DB 04eh,000h,058h,05bh,05ah,007h,0cfh,090h
       CF 90
 CEE0  06 56 52 53 50 B8      C  DB 006h,056h,052h,053h,050h,0b8h,040h,000h
       40 00
 CEE8  8E C0 8A C7 D1 E0      C  DB 08eh,0c0h,08ah,0c7h,0d1h,0e0h,08bh,0f0h
       8B F0
 CEF0  26 89 94 50 00 26      C  DB 026h,089h,094h,050h,000h,026h,038h,03eh
       38 3E
 CEF8  62 00 75 05 8B C2      C  DB 062h,000h,075h,005h,08bh,0c2h,0e8h,007h
       E8 07
 CF00  00 58 5B 5A 5E 07      C  DB 000h,058h,05bh,05ah,05eh,007h,0cfh,090h
       CF 90
 CF08  8B D8 26 A0 4A 00      C  DB 08bh,0d8h,026h,0a0h,04ah,000h,0f6h,0e4h
       F6 E4
 CF10  32 FF 03 C3 D1 E0      C  DB 032h,0ffh,003h,0c3h,0d1h,0e0h,026h,003h
       26 03
 CF18  06 4E 00 D1 E8 8B      C  DB 006h,04eh,000h,0d1h,0e8h,08bh,0d8h,0b0h
       D8 B0
 CF20  0E 26 8B 16 63 00      C  DB 00eh,026h,08bh,016h,063h,000h,087h,0dbh
       87 DB
 CF28  8A E0 EE 42 8A C7      C  DB 08ah,0e0h,0eeh,042h,08ah,0c7h,0ebh,000h
       EB 00
 CF30  EE 4A 86 E0 FE C0      C  DB 0eeh,04ah,086h,0e0h,0feh,0c0h,0ebh,000h
       EB 00
 CF38  EE 42 8A C3 EB 00      C  DB 0eeh,042h,08ah,0c3h,0ebh,000h,0eeh,0c3h
       EE C3
 CF40  06 53 BA 40 00 8E      C  DB 006h,053h,0bah,040h,000h,08eh,0c2h,08ah
       C2 8A
 CF48  DF 32 FF D1 E3 26      C  DB 0dfh,032h,0ffh,0d1h,0e3h,026h,08bh,097h
       8B 97
 CF50  50 00 26 8B 0E 60      C  DB 050h,000h,026h,08bh,00eh,060h,000h,05bh
       00 5B
 CF58  07 CF 87 DB 06 B8      C  DB 007h,0cfh,087h,0dbh,006h,0b8h,040h,000h
       40 00
 CF60  8E C0 26 8B 16 63      C  DB 08eh,0c0h,026h,08bh,016h,063h,000h,083h
       00 83
 CF68  C2 06 EC A8 04 75      C  DB 0c2h,006h,0ech,0a8h,004h,075h,056h,0a8h
       56 A8
 CF70  02 74 5D B0 10 8A      C  DB 002h,074h,05dh,0b0h,010h,08ah,0e0h,083h
       E0 83
 CF78  EA 06 EE 42 EC 8A      C  DB 0eah,006h,0eeh,042h,0ech,08ah,0e8h,04ah
       E8 4A
 CF80  8A C4 FE C0 EE 42      C  DB 08ah,0c4h,0feh,0c0h,0eeh,042h,0ech,08ah
       EC 8A
 CF88  E5 26 8A 1E 49 00      C  DB 0e5h,026h,08ah,01eh,049h,000h,032h,0ffh
       32 FF
 CF90  2E 8A 9F 02 D0 2B      C  DB 02eh,08ah,09fh,002h,0d0h,02bh,0c3h,026h
       C3 26
 CF98  8B 1E 4E 00 D1 EB      C  DB 08bh,01eh,04eh,000h,0d1h,0ebh,02bh,0c3h
       2B C3
 CFA0  79 02 33 C0 B1 03      C  DB 079h,002h,033h,0c0h,0b1h,003h,026h,08ah
       26 8A
 CFA8  1E 49 00 80 FB 04      C  DB 01eh,049h,000h,080h,0fbh,004h,073h,022h
       73 22
 CFB0  26 F6 36 4A 00 8A      C  DB 026h,0f6h,036h,04ah,000h,08ah,0f0h,08ah
       F0 8A
 CFB8  D4 D2 E0 8A E8 8A      C  DB 0d4h,0d2h,0e0h,08ah,0e8h,08ah,0dch,032h
       DC 32
 CFC0  FF D3 E3 B4 01 52      C  DB 0ffh,0d3h,0e3h,0b4h,001h,052h,026h,08bh
       26 8B
 CFC8  16 63 00 83 C2 07      C  DB 016h,063h,000h,083h,0c2h,007h,0eeh,05ah
       EE 5A
 CFD0  07 CF 80 FB 07 74      C  DB 007h,0cfh,080h,0fbh,007h,074h,0d9h,080h
       D9 80
 CFD8  FB 06 75 02 D1 E8      C  DB 0fbh,006h,075h,002h,0d1h,0e8h,0b2h,028h
       B2 28
 CFE0  F6 F2 8A E8 D0 E5      C  DB 0f6h,0f2h,08ah,0e8h,0d0h,0e5h,08ah,0dch
       8A DC
 CFE8  32 FF 26 80 3E 49      C  DB 032h,0ffh,026h,080h,03eh,049h,000h,006h
       00 06
 CFF0  75 04 FE C1 D0 E4      C  DB 075h,004h,0feh,0c1h,0d0h,0e4h,0d3h,0e3h
       D3 E3
 CFF8  8A D4 8A F0 D0 EE      C  DB 08ah,0d4h,08ah,0f0h,0d0h,0eeh,0d0h,0eeh
       D0 EE
 D000  EB C1 03 03 05 05      C  DB 0ebh,0c1h,003h,003h,005h,005h,003h,003h
       03 03
 D008  03 04 87 DB 06 56      C  DB 003h,004h,087h,0dbh,006h,056h,052h,053h
       52 53
 D010  50 BE 40 00 8E C6      C  DB 050h,0beh,040h,000h,08eh,0c6h,026h,0a2h
       26 A2
 D018  62 00 32 E4 8B F0      C  DB 062h,000h,032h,0e4h,08bh,0f0h,026h,0f7h
       26 F7
 D020  26 4C 00 26 A3 4E      C  DB 026h,04ch,000h,026h,0a3h,04eh,000h,0d1h
       00 D1
 D028  E8 26 8B 16 63 00      C  DB 0e8h,026h,08bh,016h,063h,000h,08bh,0d8h
       8B D8
 D030  B0 0C E8 F3 FE D1      C  DB 0b0h,00ch,0e8h,0f3h,0feh,0d1h,0e6h,026h
       E6 26
 D038  8B 84 50 00 E8 C9      C  DB 08bh,084h,050h,000h,0e8h,0c9h,0feh,058h
       FE 58
 D040  5B 5A 5E 07 CF 87      C  DB 05bh,05ah,05eh,007h,0cfh,087h,0dbh,090h
       DB 90
 D048  06 1E 60 BE 40 00      C  DB 006h,01eh,060h,0beh,040h,000h,08eh,0c6h
       8E C6
 D050  E8 51 00 61 1F 07      C  DB 0e8h,051h,000h,061h,01fh,007h,0cfh,080h
       CF 80
 D058  FB 07 74 52 52 51      C  DB 0fbh,007h,074h,052h,052h,051h,053h,050h
       53 50
 D060  E8 49 01 83 C4 08      C  DB 0e8h,049h,001h,083h,0c4h,008h,0c3h,053h
       C3 53
 D068  97 8A D8 32 FF 8A      C  DB 097h,08ah,0d8h,032h,0ffh,08ah,0c4h,026h
       C4 26
 D070  F6 26 4A 00 03 C3      C  DB 0f6h,026h,04ah,000h,003h,0c3h,0d1h,0e0h
       D1 E0
 D078  26 03 06 4E 00 8A      C  DB 026h,003h,006h,04eh,000h,08ah,0cah,0feh
       CA FE
 D080  C9 32 ED D1 E1 2B      C  DB 0c9h,032h,0edh,0d1h,0e1h,02bh,0c1h,08bh
       C1 8B
 D088  C8 8B DF 26 A0 4A      C  DB 0c8h,08bh,0dfh,026h,0a0h,04ah,000h,0f6h
       00 F6
 D090  E3 D1 E0 5B 8B F1      C  DB 0e3h,0d1h,0e0h,05bh,08bh,0f1h,02bh,0f0h
       2B F0
 D098  8B C7 8B F9 8A CE      C  DB 08bh,0c7h,08bh,0f9h,08ah,0ceh,032h,0edh
       32 ED
 D0A0  8A F5 EB 60 26 8A      C  DB 08ah,0f5h,0ebh,060h,026h,08ah,01eh,049h
       1E 49
 D0A8  00 80 FB 04 73 A9      C  DB 000h,080h,0fbh,004h,073h,0a9h,08bh,0f8h
       8B F8
 D0B0  26 A0 10 00 24 30      C  DB 026h,0a0h,010h,000h,024h,030h,03ch,030h
       3C 30
 D0B8  B8 00 B0 74 02 B4      C  DB 0b8h,000h,0b0h,074h,002h,0b4h,0b8h,08eh
       B8 8E
 D0C0  D8 8B C2 2A D1 FE      C  DB 0d8h,08bh,0c2h,02ah,0d1h,0feh,0c2h,02ah
       C2 2A
 D0C8  F5 FE C6 97 80 FC      C  DB 0f5h,0feh,0c6h,097h,080h,0fch,006h,075h
       06 75
 D0D0  96 97 8B C1 53 8A      C  DB 096h,097h,08bh,0c1h,053h,08ah,0d8h,032h
       D8 32
 D0D8  FF 8A C4 26 F6 26      C  DB 0ffh,08ah,0c4h,026h,0f6h,026h,04ah,000h
       4A 00
 D0E0  03 C3 D1 E0 26 03      C  DB 003h,0c3h,0d1h,0e0h,026h,003h,006h,04eh
       06 4E
 D0E8  00 8B C8 8B DF 26      C  DB 000h,08bh,0c8h,08bh,0dfh,026h,0a0h,04ah
       A0 4A
 D0F0  00 F6 E3 D1 E0 5B      C  DB 000h,0f6h,0e3h,0d1h,0e0h,05bh,08bh,0f1h
       8B F1
 D0F8  03 F0 8B C7 8B F9      C  DB 003h,0f0h,08bh,0c7h,08bh,0f9h,08ah,0ceh
       8A CE
 D100  32 ED B6 01 50 26      C  DB 032h,0edh,0b6h,001h,050h,026h,0a0h,049h
       A0 49
 D108  00 3C 02 74 04 3C      C  DB 000h,03ch,002h,074h,004h,03ch,003h,075h
       03 75
 D110  10 52 BA DA 03 EC      C  DB 010h,052h,0bah,0dah,003h,0ech,0a8h,008h
       A8 08
 D118  74 FB 83 EA 02 B0      C  DB 074h,0fbh,083h,0eah,002h,0b0h,025h,0eeh
       25 EE
 D120  5A 58 0A C0 74 48      C  DB 05ah,058h,00ah,0c0h,074h,048h,03ah,0c8h
       3A C8
 D128  76 44 2A C8 52 53      C  DB 076h,044h,02ah,0c8h,052h,053h,050h,026h
       50 26
 D130  8A 1E 4A 00 32 FF      C  DB 08ah,01eh,04ah,000h,032h,0ffh,02ah,0dah
       2A DA
 D138  73 07 32 DB 26 8A      C  DB 073h,007h,032h,0dbh,026h,08ah,016h,04ah
       16 4A
 D140  00 D1 E3 8C D8 8E      C  DB 000h,0d1h,0e3h,08ch,0d8h,08eh,0c0h,08ah
       C0 8A
 D148  C1 0A F6 75 0B 52      C  DB 0c1h,00ah,0f6h,075h,00bh,052h,0d1h,0e2h
       D1 E2
 D150  D1 E2 03 DA F7 DB      C  DB 0d1h,0e2h,003h,0dah,0f7h,0dbh,05ah,090h
       5A 90
 D158  8A CA F3 A5 03 FB      C  DB 08ah,0cah,0f3h,0a5h,003h,0fbh,003h,0f3h
       03 F3
 D160  FE C8 75 F4 B8 40      C  DB 0feh,0c8h,075h,0f4h,0b8h,040h,000h,08eh
       00 8E
 D168  C0 58 5B 5A 8A C8      C  DB 0c0h,058h,05bh,05ah,08ah,0c8h,0e3h,024h
       E3 24
 D170  26 A0 4A 00 32 E4      C  DB 026h,0a0h,04ah,000h,032h,0e4h,0d1h,0e0h
       D1 E0
 D178  93 B0 20 1E 07 8B      C  DB 093h,0b0h,020h,01eh,007h,08bh,0f7h,00ah
       F7 0A
 D180  F6 75 05 F7 DB 87      C  DB 0f6h,075h,005h,0f7h,0dbh,087h,0dbh,090h
       DB 90
 D188  51 8B FE 8A CA F3      C  DB 051h,08bh,0feh,08ah,0cah,0f3h,0abh,003h
       AB 03
 D190  F3 59 E2 F4 B9 40      C  DB 0f3h,059h,0e2h,0f4h,0b9h,040h,000h,08eh
       00 8E
 D198  C1 32 C9 26 80 3E      C  DB 0c1h,032h,0c9h,026h,080h,03eh,049h,000h
       49 00
 D1A0  07 74 08 BA D8 03      C  DB 007h,074h,008h,0bah,0d8h,003h,026h,0a0h
       26 A0
 D1A8  65 00 EE C3 55 8B      C  DB 065h,000h,0eeh,0c3h,055h,08bh,0ech,083h
       EC 83
 D1B0  EC 08 8A 46 0A 2A      C  DB 0ech,008h,08ah,046h,00ah,02ah,046h,008h
       46 08
 D1B8  FE C0 88 46 FB 8A      C  DB 0feh,0c0h,088h,046h,0fbh,08ah,046h,00bh
       46 0B
 D1C0  2A 46 09 FE C0 D0      C  DB 02ah,046h,009h,0feh,0c0h,0d0h,0e0h,0d0h
       E0 D0
 D1C8  E0 88 46 F8 8B 46      C  DB 0e0h,088h,046h,0f8h,08bh,046h,004h,0d0h
       04 D0
 D1D0  E0 D0 E0 88 46 FA      C  DB 0e0h,0d0h,0e0h,088h,046h,0fah,080h,07eh
       80 7E
 D1D8  05 06 75 0B 8B 46      C  DB 005h,006h,075h,00bh,08bh,046h,008h,0e8h
       08 E8
 D1E0  B6 04 89 46 FC EB      C  DB 0b6h,004h,089h,046h,0fch,0ebh,013h,08bh
       13 8B
 D1E8  46 0A E8 AB 04 8A      C  DB 046h,00ah,0e8h,0abh,004h,08ah,056h,0fbh
       56 FB
 D1F0  32 F6 83 EA 01 2B      C  DB 032h,0f6h,083h,0eah,001h,02bh,0c2h,089h
       C2 89
 D1F8  46 FC B8 40 00 8E      C  DB 046h,0fch,0b8h,040h,000h,08eh,0c0h,032h
       C0 32
 D200  E4 26 80 3E 49 00      C  DB 0e4h,026h,080h,03eh,049h,000h,006h,07dh
       06 7D
 D208  10 8A 46 FB D0 E0      C  DB 010h,08ah,046h,0fbh,0d0h,0e0h,088h,046h
       88 46
 D210  FB 8B 46 FC D1 E0      C  DB 0fbh,08bh,046h,0fch,0d1h,0e0h,089h,046h
       89 46
 D218  FC 80 7E 05 06 75      C  DB 0fch,080h,07eh,005h,006h,075h,00fh,0b3h
       0F B3
 D220  50 8A 46 FA F6 E3      C  DB 050h,08ah,046h,0fah,0f6h,0e3h,003h,046h
       03 46
 D228  FC 89 46 FE EB 14      C  DB 0fch,089h,046h,0feh,0ebh,014h,081h,046h
       81 46
 D230  FC F0 00 B3 50 8A      C  DB 0fch,0f0h,000h,0b3h,050h,08ah,046h,0fah
       46 FA
 D238  F6 E3 8B 56 FC 2B      C  DB 0f6h,0e3h,08bh,056h,0fch,02bh,0d0h,089h
       D0 89
 D240  56 FE F6 46 FA FF      C  DB 056h,0feh,0f6h,046h,0fah,0ffh,074h,054h
       74 54
 D248  8A 46 FA 28 46 F8      C  DB 08ah,046h,0fah,028h,046h,0f8h,08ah,046h
       8A 46
 D250  F8 FE 4E F8 0A C0      C  DB 0f8h,0feh,04eh,0f8h,00ah,0c0h,074h,03eh
       74 3E
 D258  8A 4E FB 32 ED 8B      C  DB 08ah,04eh,0fbh,032h,0edh,08bh,07eh,0fch
       7E FC
 D260  8B 76 FE B8 00 B8      C  DB 08bh,076h,0feh,0b8h,000h,0b8h,08eh,0c0h
       8E C0
 D268  8E D8 56 57 51 F3      C  DB 08eh,0d8h,056h,057h,051h,0f3h,0a4h,059h
       A4 59
 D270  5F 5E 81 C7 00 20      C  DB 05fh,05eh,081h,0c7h,000h,020h,081h,0c6h
       81 C6
 D278  00 20 F3 A4 80 7E      C  DB 000h,020h,0f3h,0a4h,080h,07eh,005h,006h
       05 06
 D280  75 0A 83 46 FC 50      C  DB 075h,00ah,083h,046h,0fch,050h,083h,046h
       83 46
 D288  FE 50 EB C2 83 6E      C  DB 0feh,050h,0ebh,0c2h,083h,06eh,0fch,050h
       FC 50
 D290  83 6E FE 50 EB B8      C  DB 083h,06eh,0feh,050h,0ebh,0b8h,08ah,046h
       8A 46
 D298  FA 88 46 F8 8A 46      C  DB 0fah,088h,046h,0f8h,08ah,046h,0f8h,0feh
       F8 FE
 D2A0  4E F8 0A C0 74 2E      C  DB 04eh,0f8h,00ah,0c0h,074h,02eh,08ah,04eh
       8A 4E
 D2A8  FB 32 ED 8B 7E FC      C  DB 0fbh,032h,0edh,08bh,07eh,0fch,0b8h,000h
       B8 00
 D2B0  B8 8E C0 8A 46 07      C  DB 0b8h,08eh,0c0h,08ah,046h,007h,057h,051h
       57 51
 D2B8  F3 AA 59 5F 81 C7      C  DB 0f3h,0aah,059h,05fh,081h,0c7h,000h,020h
       00 20
 D2C0  F3 AA 80 7E 05 06      C  DB 0f3h,0aah,080h,07eh,005h,006h,075h,006h
       75 06
 D2C8  83 46 FC 50 EB CE      C  DB 083h,046h,0fch,050h,0ebh,0ceh,083h,06eh
       83 6E
 D2D0  FC 50 EB C8 8B E5      C  DB 0fch,050h,0ebh,0c8h,08bh,0e5h,05dh,0c3h
       5D C3
 D2D8  06 1E 60 BF 40 00      C  DB 006h,01eh,060h,0bfh,040h,000h,08eh,0c7h
       8E C7
 D2E0  26 A0 49 00 3C 04      C  DB 026h,0a0h,049h,000h,03ch,004h,073h,00eh
       73 0E
 D2E8  8A C7 E8 A3 02 8B      C  DB 08ah,0c7h,0e8h,0a3h,002h,08bh,0ech,089h
       EC 89
 D2F0  46 0E 61 1F 07 CF      C  DB 046h,00eh,061h,01fh,007h,0cfh,03ch,007h
       3C 07
 D2F8  74 EE 26 A1 50 00      C  DB 074h,0eeh,026h,0a1h,050h,000h,0e8h,097h
       E8 97
 D300  03 8B F8 33 C9 E8      C  DB 003h,08bh,0f8h,033h,0c9h,0e8h,0eeh,003h
       EE 03
 D308  EB E3 87 DB 06 1E      C  DB 0ebh,0e3h,087h,0dbh,006h,01eh,060h,0bfh
       60 BF
 D310  40 00 8E C7 26 8A      C  DB 040h,000h,08eh,0c7h,026h,08ah,016h,049h
       16 49
 D318  00 80 FA 04 73 12      C  DB 000h,080h,0fah,004h,073h,012h,08ah,0d0h
       8A D0
 D320  8A C7 8A F3 8A FC      C  DB 08ah,0c7h,08ah,0f3h,08ah,0fch,080h,0e7h
       80 E7
 D328  01 E8 D4 01 61 1F      C  DB 001h,0e8h,0d4h,001h,061h,01fh,007h,0cfh
       07 CF
 D330  80 FA 07 74 E9 55      C  DB 080h,0fah,007h,074h,0e9h,055h,08bh,0d0h
       8B D0
 D338  26 A1 50 00 E8 59      C  DB 026h,0a1h,050h,000h,0e8h,059h,003h,08bh
       03 8B
 D340  F8 8A FB 8B C2 E8      C  DB 0f8h,08ah,0fbh,08bh,0c2h,0e8h,0aeh,003h
       AE 03
 D348  5D EB E1 90 06 52      C  DB 05dh,0ebh,0e1h,090h,006h,052h,053h,050h
       53 50
 D350  BA 40 00 8E C2 26      C  DB 0bah,040h,000h,08eh,0c2h,026h,08bh,016h
       8B 16
 D358  63 00 83 C2 05 26      C  DB 063h,000h,083h,0c2h,005h,026h,0a0h,066h
       A0 66
 D360  00 0A FF 75 11 24      C  DB 000h,00ah,0ffh,075h,011h,024h,0e0h,080h
       E0 80
 D368  E3 1F 0A C3 EE 26      C  DB 0e3h,01fh,00ah,0c3h,0eeh,026h,0a2h,066h
       A2 66
 D370  00 58 5B 5A 07 CF      C  DB 000h,058h,05bh,05ah,007h,0cfh,024h,0dfh
       24 DF
 D378  F6 C3 01 74 EF 0C      C  DB 0f6h,0c3h,001h,074h,0efh,00ch,020h,0ebh
       20 EB
 D380  EB 87 DB 90 06 1E      C  DB 0ebh,087h,0dbh,090h,006h,01eh,060h,0bfh
       60 BF
 D388  40 00 8E DF 80 E4      C  DB 040h,000h,08eh,0dfh,080h,0e4h,001h,080h
       01 80
 D390  F4 01 BB 00 B8 8E      C  DB 0f4h,001h,0bbh,000h,0b8h,08eh,0c3h,08bh
       C3 8B
 D398  DA 80 E3 FE 8B F8      C  DB 0dah,080h,0e3h,0feh,08bh,0f8h,0b0h,028h
       B0 28
 D3A0  F6 E3 F6 C2 01 74      C  DB 0f6h,0e3h,0f6h,0c2h,001h,074h,003h,005h
       03 05
 D3A8  00 20 8B D9 8B F0      C  DB 000h,020h,08bh,0d9h,08bh,0f0h,08bh,0c7h
       8B C7
 D3B0  BA C0 02 B9 02 03      C  DB 0bah,0c0h,002h,0b9h,002h,003h,080h,03eh
       80 3E
 D3B8  49 00 06 72 06 BA      C  DB 049h,000h,006h,072h,006h,0bah,080h,001h
       80 01
 D3C0  B9 03 07 22 EB D3      C  DB 0b9h,003h,007h,022h,0ebh,0d3h,0ebh,003h
       EB 03
 D3C8  F3 8A FE 32 C9 D0      C  DB 0f3h,08ah,0feh,032h,0c9h,0d0h,0c8h,002h
       C8 02
 D3D0  CD FE CE 75 F8 8A      C  DB 0cdh,0feh,0ceh,075h,0f8h,08ah,0e2h,0d2h
       E2 D2
 D3D8  EC F7 C7 00 FF 74      C  DB 0ech,0f7h,0c7h,000h,0ffh,074h,01ch,0d2h
       1C D2
 D3E0  E8 22 C4 26 8A 0C      C  DB 0e8h,022h,0c4h,026h,08ah,00ch,0f7h,0c7h
       F7 C7
 D3E8  80 00 75 0B F6 D4      C  DB 080h,000h,075h,00bh,0f6h,0d4h,022h,0cch
       22 CC
 D3F0  0A C1 26 88 04 EB      C  DB 00ah,0c1h,026h,088h,004h,0ebh,00fh,032h
       0F 32
 D3F8  C1 EB F7 26 8A 04      C  DB 0c1h,0ebh,0f7h,026h,08ah,004h,022h,0c4h
       22 C4
 D400  D2 E0 8A CF D2 C0      C  DB 0d2h,0e0h,08ah,0cfh,0d2h,0c0h,08bh,0ech
       8B EC
 D408  89 46 0E 61 1F 07      C  DB 089h,046h,00eh,061h,01fh,007h,0cfh,075h
       CF 75
 D410  05 32 D2 EB 62 90      C  DB 005h,032h,0d2h,0ebh,062h,090h,03ch,00ah
       3C 0A
 D418  74 76 3C 08 74 0C      C  DB 074h,076h,03ch,008h,074h,00ch,03ch,007h
       3C 07
 D420  75 2E B3 02 E8 65      C  DB 075h,02eh,0b3h,002h,0e8h,065h,01ah,0ebh
       1A EB
 D428  5F 90 0A D2 74 02      C  DB 05fh,090h,00ah,0d2h,074h,002h,0feh,0cah
       FE CA
 D430  EB 45 90 90 06 1E      C  DB 0ebh,045h,090h,090h,006h,01eh,060h,08bh
       60 8B
 D438  EC BB 40 00 8E C3      C  DB 0ech,0bbh,040h,000h,08eh,0c3h,032h,0ffh
       32 FF
 D440  26 8A 1E 62 00 D1      C  DB 026h,08ah,01eh,062h,000h,0d1h,0e3h,026h
       E3 26
 D448  8B 97 50 00 3C 0D      C  DB 08bh,097h,050h,000h,03ch,00dh,076h,0bfh
       76 BF
 D450  26 A0 49 00 3C 04      C  DB 026h,0a0h,049h,000h,03ch,004h,073h,041h
       73 41
 D458  52 32 FF B9 01 00      C  DB 052h,032h,0ffh,0b9h,001h,000h,026h,0a0h
       26 A0
 D460  62 00 8A 56 0E E8      C  DB 062h,000h,08ah,056h,00eh,0e8h,098h,000h
       98 00
 D468  5A BB 40 00 8E C3      C  DB 05ah,0bbh,040h,000h,08eh,0c3h,0feh,0c2h
       FE C2
 D470  26 3A 16 4A 00 73      C  DB 026h,03ah,016h,04ah,000h,073h,017h,026h
       17 26
 D478  8A 1E 62 00 D1 E3      C  DB 08ah,01eh,062h,000h,0d1h,0e3h,026h,089h
       26 89
 D480  97 50 00 8B C2 E8      C  DB 097h,050h,000h,08bh,0c2h,0e8h,080h,0fah
       80 FA
 D488  8B E5 61 1F 07 CF      C  DB 08bh,0e5h,061h,01fh,007h,0cfh,032h,0d2h
       32 D2
 D490  80 FE 18 74 1F FE      C  DB 080h,0feh,018h,074h,01fh,0feh,0c6h,0ebh
       C6 EB
 D498  DE 3C 07 74 BB 52      C  DB 0deh,03ch,007h,074h,0bbh,052h,08ah,07eh
       8A 7E
 D4A0  08 B9 01 00 8B C2      C  DB 008h,0b9h,001h,000h,08bh,0c2h,0e8h,0efh
       E8 EF
 D4A8  01 8B F8 8A 46 0E      C  DB 001h,08bh,0f8h,08ah,046h,00eh,0e8h,045h
       E8 45
 D4B0  02 5A EB B5 26 8A      C  DB 002h,05ah,0ebh,0b5h,026h,08ah,01eh,062h
       1E 62
 D4B8  00 32 FF D1 E3 26      C  DB 000h,032h,0ffh,0d1h,0e3h,026h,089h,097h
       89 97
 D4C0  50 00 8B C2 E8 41      C  DB 050h,000h,08bh,0c2h,0e8h,041h,0fah,026h
       FA 26
 D4C8  80 3E 49 00 04 73      C  DB 080h,03eh,049h,000h,004h,073h,022h,026h
       22 26
 D4D0  A0 62 00 E8 BA 00      C  DB 0a0h,062h,000h,0e8h,0bah,000h,032h,0c0h
       32 C0
 D4D8  BB 40 00 8E C3 26      C  DB 0bbh,040h,000h,08eh,0c3h,026h,08ah,016h
       8A 16
 D4E0  4A 00 FE CA B6 18      C  DB 04ah,000h,0feh,0cah,0b6h,018h,033h,0c9h
       33 C9
 D4E8  8B D8 B8 01 06 CD      C  DB 08bh,0d8h,0b8h,001h,006h,0cdh,010h,0ebh
       10 EB
 D4F0  97 26 80 3E 49 00      C  DB 097h,026h,080h,03eh,049h,000h,007h,074h
       07 74
 D4F8  D6 33 C0 EB DB 87      C  DB 0d6h,033h,0c0h,0ebh,0dbh,087h,0dbh,090h
       DB 90
 D500  8B F2 BF 40 00 8E      C  DB 08bh,0f2h,0bfh,040h,000h,08eh,0dfh,032h
       DF 32
 D508  E4 8B F8 D1 E7 8B      C  DB 0e4h,08bh,0f8h,0d1h,0e7h,08bh,095h,050h
       95 50
 D510  00 8B F8 A0 4A 00      C  DB 000h,08bh,0f8h,0a0h,04ah,000h,0f6h,0e6h
       F6 E6
 D518  32 F6 03 C2 D1 E0      C  DB 032h,0f6h,003h,0c2h,0d1h,0e0h,00bh,0ffh
       0B FF
 D520  75 63 8B F8 A0 10      C  DB 075h,063h,08bh,0f8h,0a0h,010h,000h,024h
       00 24
 D528  30 3C 30 B8 00 B0      C  DB 030h,03ch,030h,0b8h,000h,0b0h,074h,002h
       74 02
 D530  B4 B8 8E C0 8B 16      C  DB 0b4h,0b8h,08eh,0c0h,08bh,016h,063h,000h
       63 00
 D538  83 C2 06 0A FF 75      C  DB 083h,0c2h,006h,00ah,0ffh,075h,026h,080h
       26 80
 D540  3E 49 00 07 74 17      C  DB 03eh,049h,000h,007h,074h,017h,087h,0dbh
       87 DB
 D548  EC A8 01 75 FB FA      C  DB 0ech,0a8h,001h,075h,0fbh,0fah,087h,0dbh
       87 DB
 D550  EC A8 01 74 FB 8B      C  DB 0ech,0a8h,001h,074h,0fbh,08bh,0c6h,0aah
       C6 AA
 D558  FB 47 E2 EC C3 8B      C  DB 0fbh,047h,0e2h,0ech,0c3h,08bh,0c6h,090h
       C6 90
 D560  AA 47 E2 FC C3 80      C  DB 0aah,047h,0e2h,0fch,0c3h,080h,03eh,049h
       3E 49
 D568  00 07 74 14 EC A8      C  DB 000h,007h,074h,014h,0ech,0a8h,001h,075h
       01 75
 D570  FB FA 87 DB EC A8      C  DB 0fbh,0fah,087h,0dbh,0ech,0a8h,001h,074h
       01 74
 D578  FB 8B C6 AB FB E2      C  DB 0fbh,08bh,0c6h,0abh,0fbh,0e2h,0edh,0c3h
       ED C3
 D580  8B C6 F3 AB C3 97      C  DB 08bh,0c6h,0f3h,0abh,0c3h,097h,0f7h,026h
       F7 26
 D588  4C 00 03 C7 EB 94      C  DB 04ch,000h,003h,0c7h,0ebh,094h,087h,0dbh
       87 DB
 D590  32 E4 8B F0 D1 E6      C  DB 032h,0e4h,08bh,0f0h,0d1h,0e6h,026h,08bh
       26 8B
 D598  94 50 00 8B F0 26      C  DB 094h,050h,000h,08bh,0f0h,026h,0a0h,04ah
       A0 4A
 D5A0  00 F6 E6 32 F6 03      C  DB 000h,0f6h,0e6h,032h,0f6h,003h,0c2h,0d1h
       C2 D1
 D5A8  E0 0B F6 75 33 8B      C  DB 0e0h,00bh,0f6h,075h,033h,08bh,0f0h,026h
       F0 26
 D5B0  A0 10 00 24 30 3C      C  DB 0a0h,010h,000h,024h,030h,03ch,030h,0b8h
       30 B8
 D5B8  00 B0 74 02 B4 B8      C  DB 000h,0b0h,074h,002h,0b4h,0b8h,08eh,0d8h
       8E D8
 D5C0  26 80 3E 49 00 07      C  DB 026h,080h,03eh,049h,000h,007h,074h,015h
       74 15
 D5C8  26 8B 16 63 00 83      C  DB 026h,08bh,016h,063h,000h,083h,0c2h,006h
       C2 06
 D5D0  EC A8 01 75 FB FA      C  DB 0ech,0a8h,001h,075h,0fbh,0fah,087h,0dbh
       87 DB
 D5D8  EC A8 01 74 FB AD      C  DB 0ech,0a8h,001h,074h,0fbh,0adh,0fbh,0c3h
       FB C3
 D5E0  96 26 F7 26 4C 00      C  DB 096h,026h,0f7h,026h,04ch,000h,003h,0c6h
       03 C6
 D5E8  EB C3 87 DB 06 B8      C  DB 0ebh,0c3h,087h,0dbh,006h,0b8h,040h,000h
       40 00
 D5F0  8E C0 26 8A 26 4A      C  DB 08eh,0c0h,026h,08ah,026h,04ah,000h,026h
       00 26
 D5F8  A0 49 00 26 8A 3E      C  DB 0a0h,049h,000h,026h,08ah,03eh,062h,000h
       62 00
 D600  07 CF 87 DB B4 0E      C  DB 007h,0cfh,087h,0dbh,0b4h,00eh,0cdh,010h
       CD 10
 D608  EB 7D 87 DB 06 1E      C  DB 0ebh,07dh,087h,0dbh,006h,01eh,060h,08ch
       60 8C
 D610  C6 8E DE BE 40 00      C  DB 0c6h,08eh,0deh,0beh,040h,000h,08eh,0c6h
       8E C6
 D618  8B F5 3C 03 77 76      C  DB 08bh,0f5h,03ch,003h,077h,076h,0e3h,074h
       E3 74
 D620  53 8A DF 32 FF D1      C  DB 053h,08ah,0dfh,032h,0ffh,0d1h,0e3h,026h
       E3 26
 D628  8B BF 50 00 5B B4      C  DB 08bh,0bfh,050h,000h,05bh,0b4h,002h,0cdh
       02 CD
 D630  10 87 DB 90 50 8A      C  DB 010h,087h,0dbh,090h,050h,08ah,0e0h,0ach
       E0 AC
 D638  3C 08 74 C8 3C 0D      C  DB 03ch,008h,074h,0c8h,03ch,00dh,075h,004h
       75 04
 D640  32 D2 EB C0 3C 0A      C  DB 032h,0d2h,0ebh,0c0h,03ch,00ah,075h,009h
       75 09
 D648  80 FE 18 73 B7 FE      C  DB 080h,0feh,018h,073h,0b7h,0feh,0c6h,0ebh
       C6 EB
 D650  B3 3C 07 74 AF 51      C  DB 0b3h,03ch,007h,074h,0afh,051h,0b9h,001h
       B9 01
 D658  00 80 FC 01 76 05      C  DB 000h,080h,0fch,001h,076h,005h,08ah,0d8h
       8A D8
 D660  AC 86 C3 B4 09 CD      C  DB 0ach,086h,0c3h,0b4h,009h,0cdh,010h,059h
       10 59
 D668  FE C2 26 3A 16 4A      C  DB 0feh,0c2h,026h,03ah,016h,04ah,000h,072h
       00 72
 D670  12 32 D2 80 FE 18      C  DB 012h,032h,0d2h,080h,0feh,018h,072h,009h
       72 09
 D678  50 B8 0A 0E CD 10      C  DB 050h,0b8h,00ah,00eh,0cdh,010h,058h,0feh
       58 FE
 D680  CE FE C6 B4 02 CD      C  DB 0ceh,0feh,0c6h,0b4h,002h,0cdh,010h,058h
       10 58
 D688  E2 AA A8 01 75 06      C  DB 0e2h,0aah,0a8h,001h,075h,006h,08bh,0d7h
       8B D7
 D690  B4 02 CD 10 61 1F      C  DB 0b4h,002h,0cdh,010h,061h,01fh,007h,0cfh
       07 CF
 D698  BE 40 00 8E C6 8B      C  DB 0beh,040h,000h,08eh,0c6h,08bh,0f0h,08ah
       F0 8A
 D6A0  C4 26 F6 26 4A 00      C  DB 0c4h,026h,0f6h,026h,04ah,000h,0d1h,0e0h
       D1 E0
 D6A8  D1 E0 81 E6 FF 00      C  DB 0d1h,0e0h,081h,0e6h,0ffh,000h,003h,0c6h
       03 C6
 D6B0  C3 26 8A 25 26 8A      C  DB 0c3h,026h,08ah,025h,026h,08ah,045h,001h
       45 01
 D6B8  BA 00 C0 32 C9 85      C  DB 0bah,000h,0c0h,032h,0c9h,085h,0c2h,0f8h
       C2 F8
 D6C0  74 01 F9 D0 D1 D1      C  DB 074h,001h,0f9h,0d0h,0d1h,0d1h,0eah,0d1h
       EA D1
 D6C8  EA 73 F2 88 4E 00      C  DB 0eah,073h,0f2h,088h,04eh,000h,045h,0c3h
       45 C3
 D6D0  52 53 51 BB 01 00      C  DB 052h,053h,051h,0bbh,001h,000h,08bh,0cbh
       8B CB
 D6D8  33 D2 84 C3 74 06      C  DB 033h,0d2h,084h,0c3h,074h,006h,00bh,0d1h
       0B D1
 D6E0  D1 E1 0B D1 84 C3      C  DB 0d1h,0e1h,00bh,0d1h,084h,0c3h,075h,002h
       75 02
 D6E8  D1 E1 D1 E3 D1 E1      C  DB 0d1h,0e1h,0d1h,0e3h,0d1h,0e1h,073h,0eah
       73 EA
 D6F0  8B C2 59 5B 5A C3      C  DB 08bh,0c2h,059h,05bh,05ah,0c3h,055h,0bah
       55 BA
 D6F8  00 B8 8E C2 8C CA      C  DB 000h,0b8h,08eh,0c2h,08ch,0cah,08eh,0dah
       8E DA
 D700  BE 6E FA 0B C9 75      C  DB 0beh,06eh,0fah,00bh,0c9h,075h,003h,0e9h
       03 E9
 D708  B7 00 3C 80 72 17      C  DB 0b7h,000h,03ch,080h,072h,017h,0bah,001h
       BA 01
 D710  00 8E DA 32 F6 C5      C  DB 000h,08eh,0dah,032h,0f6h,0c5h,036h,06ch
       36 6C
 D718  00 2C 80 8C DA 0B      C  DB 000h,02ch,080h,08ch,0dah,00bh,0d6h,075h
       D6 75
 D720  04 32 C0 EB D7 32      C  DB 004h,032h,0c0h,0ebh,0d7h,032h,0e4h,0d1h
       E4 D1
 D728  E0 D1 E0 D1 E0 03      C  DB 0e0h,0d1h,0e0h,0d1h,0e0h,003h,0f0h,01eh
       F0 1E
 D730  BA 40 00 8E DA 80      C  DB 0bah,040h,000h,08eh,0dah,080h,03eh,049h
       3E 49
 D738  00 06 1F 74 57 D1      C  DB 000h,006h,01fh,074h,057h,0d1h,0e7h,08ah
       E7 8A
 D740  D7 80 E2 03 8A C2      C  DB 0d7h,080h,0e2h,003h,08ah,0c2h,051h,0b9h
       51 B9
 D748  03 00 87 DB D0 E0      C  DB 003h,000h,087h,0dbh,0d0h,0e0h,0d0h,0e0h
       D0 E0
 D750  0A D0 E2 F8 8A F2      C  DB 00ah,0d0h,0e2h,0f8h,08ah,0f2h,059h,090h
       59 90
 D758  B3 04 57 56 AC E8      C  DB 0b3h,004h,057h,056h,0ach,0e8h,070h,0ffh
       70 FF
 D760  23 C2 86 E0 F6 C7      C  DB 023h,0c2h,086h,0e0h,0f6h,0c7h,080h,074h
       80 74
 D768  03 26 33 05 AB 81      C  DB 003h,026h,033h,005h,0abh,081h,0c7h,0feh
       C7 FE
 D770  1F AC E8 5B FF 23      C  DB 01fh,0ach,0e8h,05bh,0ffh,023h,0c2h,086h
       C2 86
 D778  E0 F6 C7 80 74 03      C  DB 0e0h,0f6h,0c7h,080h,074h,003h,026h,033h
       26 33
 D780  05 AB 81 EF B2 1F      C  DB 005h,0abh,081h,0efh,0b2h,01fh,0feh,0cbh
       FE CB
 D788  75 D2 5E 5F 83 C7      C  DB 075h,0d2h,05eh,05fh,083h,0c7h,002h,0e2h
       02 E2
 D790  C7 E9 AC 00 57 56      C  DB 0c7h,0e9h,0ach,000h,057h,056h,0b3h,004h
       B3 04
 D798  AC F6 C7 80 74 03      C  DB 0ach,0f6h,0c7h,080h,074h,003h,026h,032h
       26 32
 D7A0  05 AA AC F6 C7 80      C  DB 005h,0aah,0ach,0f6h,0c7h,080h,074h,005h
       74 05
 D7A8  26 32 85 FF 1F 26      C  DB 026h,032h,085h,0ffh,01fh,026h,088h,085h
       88 85
 D7B0  FF 1F 83 C7 4F FE      C  DB 0ffh,01fh,083h,0c7h,04fh,0feh,0cbh,075h
       CB 75
 D7B8  DF 5E 5F 47 E2 D6      C  DB 0dfh,05eh,05fh,047h,0e2h,0d6h,0e9h,07fh
       E9 7F
 D7C0  00 83 EC 08 8B EC      C  DB 000h,083h,0ech,008h,08bh,0ech,01eh,0bah
       1E BA
 D7C8  40 00 8E DA 80 3E      C  DB 040h,000h,08eh,0dah,080h,03eh,049h,000h
       49 00
 D7D0  06 1F B3 04 73 51      C  DB 006h,01fh,0b3h,004h,073h,051h,0d1h,0e7h
       D1 E7
 D7D8  E8 D6 FE 81 C7 00      C  DB 0e8h,0d6h,0feh,081h,0c7h,000h,020h,0e8h
       20 E8
 D7E0  CF FE 81 EF B0 1F      C  DB 0cfh,0feh,081h,0efh,0b0h,01fh,0feh,0cbh
       FE CB
 D7E8  75 EE 83 ED 08 8B      C  DB 075h,0eeh,083h,0edh,008h,08bh,0fdh,016h
       FD 16
 D7F0  07 33 DB B6 80 56      C  DB 007h,033h,0dbh,0b6h,080h,056h,057h,0b9h
       57 B9
 D7F8  08 00 F3 A6 5F 5E      C  DB 008h,000h,0f3h,0a6h,05fh,05eh,074h,020h
       74 20
 D800  FE C3 83 C6 08 FE      C  DB 0feh,0c3h,083h,0c6h,008h,0feh,0ceh,075h
       CE 75
 D808  EC 0A DB 74 13 BB      C  DB 0ech,00ah,0dbh,074h,013h,0bbh,001h,000h
       01 00
 D810  8E DB C5 36 6C 00      C  DB 08eh,0dbh,0c5h,036h,06ch,000h,08ch,0dbh
       8C DB
 D818  0B DE 74 04 B3 80      C  DB 00bh,0deh,074h,004h,0b3h,080h,0ebh,0d3h
       EB D3
 D820  8B C3 83 C4 08 EB      C  DB 08bh,0c3h,083h,0c4h,008h,0ebh,019h,026h
       19 26
 D828  8A 15 88 56 00 45      C  DB 08ah,015h,088h,056h,000h,045h,026h,08ah
       26 8A
 D830  95 00 20 88 56 00      C  DB 095h,000h,020h,088h,056h,000h,045h,083h
       45 83
 D838  C7 50 FE CB 75 E9      C  DB 0c7h,050h,0feh,0cbh,075h,0e9h,0ebh,0aah
       EB AA
 D840  5D C3 00 00 00 00      C  DB 05dh,0c3h,000h,000h,000h,000h,000h,000h
       00 00
 D848  00 00 00 00 00 00      C  DB 000h,000h,000h,000h,000h,000h,000h,000h
       00 00
 D850  56 50 A8 01 B0 00      C  DB 056h,050h,0a8h,001h,0b0h,000h,074h,002h
       74 02
 D858  B0 FF 3C 00 74 0B      C  DB 0b0h,0ffh,03ch,000h,074h,00bh,050h,0b0h
       50 B0
 D860  3B E8 26 11 A8 01      C  DB 03bh,0e8h,026h,011h,0a8h,001h,058h,074h
       58 74
 D868  05 50 E8 8B CB 58      C  DB 005h,050h,0e8h,08bh,0cbh,058h,03ch,000h
       3C 00
 D870  74 0B 50 B0 3B E8      C  DB 074h,00bh,050h,0b0h,03bh,0e8h,012h,011h
       12 11
 D878  A8 02 58 74 0F 66      C  DB 0a8h,002h,058h,074h,00fh,066h,050h,066h
       50 66
 D880  51 66 52 E8 0A 00      C  DB 051h,066h,052h,0e8h,00ah,000h,066h,05ah
       66 5A
 D888  66 59 66 58 58 5E      C  DB 066h,059h,066h,058h,058h,05eh,0c3h,0c3h
       C3 C3
 D890  8A E0 B0 BD E6 70      C  DB 08ah,0e0h,0b0h,0bdh,0e6h,070h,0e7h,0e1h
       E7 E1
 D898  E4 71 3C FF 74 2A      C  DB 0e4h,071h,03ch,0ffh,074h,02ah,0a8h,080h
       A8 80
 D8A0  74 26 24 7E 90 90      C  DB 074h,026h,024h,07eh,090h,090h,00ah,0e4h
       0A E4
 D8A8  75 10 0F 20 C0 66      C  DB 075h,010h,00fh,020h,0c0h,066h,00dh,000h
       0D 00
 D8B0  00 00 60 0F 22 C0      C  DB 000h,000h,060h,00fh,022h,0c0h,00fh,009h
       0F 09
 D8B8  EB 0E 0F 20 C0 66      C  DB 0ebh,00eh,00fh,020h,0c0h,066h,025h,0ffh
       25 FF
 D8C0  FF FF 9F 0F 22 C0      C  DB 0ffh,0ffh,09fh,00fh,022h,0c0h,00fh,009h
       0F 09
 D8C8  C3 00 00 00 00 00      C  DB 0c3h,000h,000h,000h,000h,000h,000h,000h
       00 00
 D8D0  CF E9 71 00 B1 D4      C  DB 0cfh,0e9h,071h,000h,0b1h,0d4h,0e8h,001h
       E8 01
 D8D8  00 C3 53 B4 20 51      C  DB 000h,0c3h,053h,0b4h,020h,051h,050h,0fah
       50 FA
 D8E0  58 59 51 50 8A C1      C  DB 058h,059h,051h,050h,08ah,0c1h,0e8h,053h
       E8 53
 D8E8  F1 75 25 E4 64 EB      C  DB 0f1h,075h,025h,0e4h,064h,0ebh,000h,024h
       00 24
 D8F0  21 3C 21 74 0D A8      C  DB 021h,03ch,021h,074h,00dh,0a8h,001h,074h
       01 74
 D8F8  10 FB 58 FE CC 50      C  DB 010h,0fbh,058h,0feh,0cch,050h,075h,0dfh
       75 DF
 D900  EB 0E E4 60 80 26      C  DB 0ebh,00eh,0e4h,060h,080h,026h,026h,000h
       26 00
 D908  F8 58 50 E6 60 32      C  DB 0f8h,058h,050h,0e6h,060h,032h,0e4h,0fbh
       E4 FB
 D910  58 59 5B C3 E8 39      C  DB 058h,059h,05bh,0c3h,0e8h,039h,0f1h,074h
       F1 74
 D918  02 A8 20 C3 00 00      C  DB 002h,0a8h,020h,0c3h,000h,000h,000h,000h
       00 00
 D920  FB 80 FC 53 75 03      C  DB 0fbh,080h,0fch,053h,075h,003h,0e9h,064h
       E9 64
 D928  B0 80 FC 87 75 03      C  DB 0b0h,080h,0fch,087h,075h,003h,0e9h,0a7h
       E9 A7
 D930  02 80 FC C1 0F 85      C  DB 002h,080h,0fch,0c1h,00fh,085h,003h,000h
       03 00
 D938  E9 96 FF 80 FC C2      C  DB 0e9h,096h,0ffh,080h,0fch,0c2h,00fh,085h
       0F 85
 D940  03 00 E9 8C FF 80      C  DB 003h,000h,0e9h,08ch,0ffh,080h,0fch,04fh
       FC 4F
 D948  0F 84 A6 00 80 FC      C  DB 00fh,084h,0a6h,000h,080h,0fch,024h,075h
       24 75
 D950  03 E9 DF 00 66 3D      C  DB 003h,0e9h,0dfh,000h,066h,03dh,020h,0e8h
       20 E8
 D958  00 00 74 58 80 FC      C  DB 000h,000h,074h,058h,080h,0fch,080h,00fh
       80 0F
 D960  8C 20 00 80 FC 91      C  DB 08ch,020h,000h,080h,0fch,091h,00fh,08fh
       0F 8F
 D968  0F 00 53 33 DB 80      C  DB 00fh,000h,053h,033h,0dbh,080h,0ech,080h
       EC 80
 D970  8A DC D1 E3 2E FF      C  DB 08ah,0dch,0d1h,0e3h,02eh,0ffh,0a7h,08eh
       A7 8E
 D978  D9 80 FC C0 0F 85      C  DB 0d9h,080h,0fch,0c0h,00fh,085h,003h,000h
       03 00
 D980  E9 29 04 B4 86 F9      C  DB 0e9h,029h,004h,0b4h,086h,0f9h,087h,0dbh
       87 DB
 D988  FB CA 02 00 CF 90      C  DB 0fbh,0cah,002h,000h,0cfh,090h,060h,0dah
       60 DA
 D990  60 DA 60 DA 67 DA      C  DB 060h,0dah,060h,0dah,067h,0dah,0dch,0dah
       DC DA
 D998  7E DB 88 DB D8 DB      C  DB 07eh,0dbh,088h,0dbh,0d8h,0dbh,0f8h,0dch
       F8 DC
 D9A0  08 DD 83 D9 83 D9      C  DB 008h,0ddh,083h,0d9h,083h,0d9h,083h,0d9h
       83 D9
 D9A8  83 D9 83 D9 83 D9      C  DB 083h,0d9h,083h,0d9h,083h,0d9h,0a1h,0ddh
       A1 DD
 D9B0  A8 DD 87 DB 66 81      C  DB 0a8h,0ddh,087h,0dbh,066h,081h,0fah,050h
       FA 50
 D9B8  41 4D 53 75 C6 1E      C  DB 041h,04dh,053h,075h,0c6h,01eh,066h,056h
       66 56
 D9C0  57 8B C3 B9 14 00      C  DB 057h,08bh,0c3h,0b9h,014h,000h,090h,0f6h
       90 F6
 D9C8  E1 BE 3B DF 03 F0      C  DB 0e1h,0beh,03bh,0dfh,003h,0f0h,00eh,01fh
       0E 1F
 D9D0  FC F3 A4 66 43 81      C  DB 0fch,0f3h,0a4h,066h,043h,081h,0feh,09fh
       FE 9F
 D9D8  DF 75 03 66 33 DB      C  DB 0dfh,075h,003h,066h,033h,0dbh,05fh,066h
       5F 66
 D9E0  5E 1F 66 33 C9 B1      C  DB 05eh,01fh,066h,033h,0c9h,0b1h,014h,090h
       14 90
 D9E8  90 66 B8 50 41 4D      C  DB 090h,066h,0b8h,050h,041h,04dh,053h,0f8h
       53 F8
 D9F0  EB 96 E8 03 CC 0F      C  DB 0ebh,096h,0e8h,003h,0cch,00fh,082h,002h
       82 02
 D9F8  00 EB 8D 60 1E 50      C  DB 000h,0ebh,08dh,060h,01eh,050h,0b8h,040h
       B8 40
 DA00  00 8E D8 58 F6 06      C  DB 000h,08eh,0d8h,058h,0f6h,006h,017h,000h
       17 00
 DA08  08 74 22 F6 06 17      C  DB 008h,074h,022h,0f6h,006h,017h,000h,004h
       00 04
 DA10  74 1B 8A E0 32 C0      C  DB 074h,01bh,08ah,0e0h,032h,0c0h,080h,0fch
       80 FC
 DA18  4A 74 07 80 FC 4E      C  DB 04ah,074h,007h,080h,0fch,04eh,075h,00dh
       75 0D
 DA20  B0 7F 0C 80 E8 61      C  DB 0b0h,07fh,00ch,080h,0e8h,061h,0ceh,01fh
       CE 1F
 DA28  61 F8 E9 5B FF 1F      C  DB 061h,0f8h,0e9h,05bh,0ffh,01fh,061h,0f9h
       61 F9
 DA30  E9 55 FF 3C 03 75      C  DB 0e9h,055h,0ffh,03ch,003h,075h,023h,0bbh
       23 BB
 DA38  01 00 2E F6 06 D0      C  DB 001h,000h,02eh,0f6h,006h,0d0h,09ah,001h
       9A 01
 DA40  0F 84 11 00 1E B8      C  DB 00fh,084h,011h,000h,01eh,0b8h,040h,000h
       40 00
 DA48  8E D8 F6 06 CC 00      C  DB 08eh,0d8h,0f6h,006h,0cch,000h,010h,01fh
       10 1F
 DA50  74 03 BB 03 00 B4      C  DB 074h,003h,0bbh,003h,000h,0b4h,000h,0f8h
       00 F8
 DA58  EB 03 B4 86 F9 E9      C  DB 0ebh,003h,0b4h,086h,0f9h,0e9h,028h,0ffh
       28 FF
 DA60  5B 32 E4 FB CA 02      C  DB 05bh,032h,0e4h,0fbh,0cah,002h,000h,0fah
       00 FA
 DA68  5B 1E 57 BF 40 00      C  DB 05bh,01eh,057h,0bfh,040h,000h,057h,01fh
       57 1F
 DA70  3C 01 75 16 B0 0B      C  DB 03ch,001h,075h,016h,0b0h,00bh,0e8h,011h
       E8 11
 DA78  0F 8A E0 80 E4 BF      C  DB 00fh,08ah,0e0h,080h,0e4h,0bfh,0b0h,00bh
       B0 0B
 DA80  E8 18 0F 32 C0 A2      C  DB 0e8h,018h,00fh,032h,0c0h,0a2h,0a0h,000h
       A0 00
 DA88  EB 1C 0A C0 74 05      C  DB 0ebh,01ch,00ah,0c0h,074h,005h,0feh,0c8h
       FE C8
 DA90  F9 EB 14 F6 06 A0      C  DB 0f9h,0ebh,014h,0f6h,006h,0a0h,000h,001h
       00 01
 DA98  F9 75 0C 89 1E 98      C  DB 0f9h,075h,00ch,089h,01eh,098h,000h,08ch
       00 8C
 DAA0  06 9A 00 E8 0A 00      C  DB 006h,09ah,000h,0e8h,00ah,000h,0f8h,05fh
       F8 5F
 DAA8  1F B4 00 FB CA 02      C  DB 01fh,0b4h,000h,0fbh,0cah,002h,000h,090h
       00 90
 DAB0  E4 A1 E7 E1 24 FE      C  DB 0e4h,0a1h,0e7h,0e1h,024h,0feh,0e6h,0a1h
       E6 A1
 DAB8  E7 E1 C6 06 A0 00      C  DB 0e7h,0e1h,0c6h,006h,0a0h,000h,001h,089h
       01 89
 DAC0  16 9C 00 89 0E 9E      C  DB 016h,09ch,000h,089h,00eh,09eh,000h,0b0h
       00 B0
 DAC8  0B E8 BE 0E 8A E0      C  DB 00bh,0e8h,0beh,00eh,08ah,0e0h,080h,0cch
       80 CC
 DAD0  40 80 E4 7F B0 0B      C  DB 040h,080h,0e4h,07fh,0b0h,00bh,0e8h,0c2h
       E8 C2
 DAD8  0E C3 87 DB FB 5B      C  DB 00eh,0c3h,087h,0dbh,0fbh,05bh,083h,0fah
       83 FA
 DAE0  01 0F 8E 04 00 F9      C  DB 001h,00fh,08eh,004h,000h,0f9h,0ebh,07fh
       EB 7F
 DAE8  90 BA 01 02 74 09      C  DB 090h,0bah,001h,002h,074h,009h,0ech,0e7h
       EC E7
 DAF0  E1 25 F0 00 EB 70      C  DB 0e1h,025h,0f0h,000h,0ebh,070h,090h,056h
       90 56
 DAF8  55 83 EC 08 8B EC      C  DB 055h,083h,0ech,008h,08bh,0ech,0b7h,008h
       B7 08
 DB00  33 F6 87 DB FA E8      C  DB 033h,0f6h,087h,0dbh,0fah,0e8h,063h,000h
       63 00
 DB08  50 B9 00 05 EE E7      C  DB 050h,0b9h,000h,005h,0eeh,0e7h,0e1h,090h
       E1 90
 DB10  EC E7 E1 84 C7 74      C  DB 0ech,0e7h,0e1h,084h,0c7h,074h,007h,0e2h
       07 E2
 DB18  F7 58 33 C0 EB 1A      C  DB 0f7h,058h,033h,0c0h,0ebh,01ah,0e8h,04ah
       E8 4A
 DB20  00 8B D0 58 3B D0      C  DB 000h,08bh,0d0h,058h,03bh,0d0h,00fh,087h
       0F 87
 DB28  04 00 2B C2 EB 04      C  DB 004h,000h,02bh,0c2h,0ebh,004h,0f7h,0d2h
       F7 D2
 DB30  03 C2 25 F0 1F C1      C  DB 003h,0c2h,025h,0f0h,01fh,0c1h,0e8h,004h
       E8 04
 DB38  FB 89 02 83 C6 02      C  DB 0fbh,089h,002h,083h,0c6h,002h,0b9h,000h
       B9 00
 DB40  05 BA 01 02 EC E7      C  DB 005h,0bah,001h,002h,0ech,0e7h,0e1h,024h
       E1 24
 DB48  0F 0F 84 02 00 E2      C  DB 00fh,00fh,084h,002h,000h,0e2h,0f5h,0d0h
       F5 D0
 DB50  EF 74 02 EB AF 8B      C  DB 0efh,074h,002h,0ebh,0afh,08bh,046h,006h
       46 06
 DB58  8B 5E 04 8B 4E 02      C  DB 08bh,05eh,004h,08bh,04eh,002h,08bh,056h
       8B 56
 DB60  00 83 C4 08 5D 5E      C  DB 000h,083h,0c4h,008h,05dh,05eh,0f8h,0fbh
       F8 FB
 DB68  CA 02 00 33 C0 E6      C  DB 0cah,002h,000h,033h,0c0h,0e6h,043h,0e7h
       43 E7
 DB70  E1 E4 40 E7 E1 8A      C  DB 0e1h,0e4h,040h,0e7h,0e1h,08ah,0e0h,0e4h
       E0 E4
 DB78  40 E7 E1 86 E0 C3      C  DB 040h,0e7h,0e1h,086h,0e0h,0c3h,05bh,032h
       5B 32
 DB80  E4 FB CA 02 00 87      C  DB 0e4h,0fbh,0cah,002h,000h,087h,0dbh,090h
       DB 90
 DB88  FA 5B 1E 60 BB 40      C  DB 0fah,05bh,01eh,060h,0bbh,040h,000h,053h
       00 53
 DB90  1F F6 06 A0 00 01      C  DB 01fh,0f6h,006h,0a0h,000h,001h,0f9h,075h
       F9 75
 DB98  37 C7 06 98 00 A0      C  DB 037h,0c7h,006h,098h,000h,0a0h,000h,089h
       00 89
 DBA0  1E 9A 00 E8 0A FF      C  DB 01eh,09ah,000h,0e8h,00ah,0ffh,0fbh,08bh
       FB 8B
 DBA8  D9 33 C9 90 F6 06      C  DB 0d9h,033h,0c9h,090h,0f6h,006h,0a0h,000h
       A0 00
 DBB0  80 75 17 E7 E1 E2      C  DB 080h,075h,017h,0e7h,0e1h,0e2h,0f5h,083h
       F5 83
 DBB8  EB 01 73 F0 F6 06      C  DB 0ebh,001h,073h,0f0h,0f6h,006h,0a0h,000h
       A0 00
 DBC0  80 75 07 E7 E1 83      C  DB 080h,075h,007h,0e7h,0e1h,083h,0eah,001h
       EA 01
 DBC8  73 F2 C6 06 A0 00      C  DB 073h,0f2h,0c6h,006h,0a0h,000h,000h,0f8h
       00 F8
 DBD0  61 1F B4 00 FB CA      C  DB 061h,01fh,0b4h,000h,0fbh,0cah,002h,000h
       02 00
 DBD8  FA FC 60 06 1E E8      C  DB 0fah,0fch,060h,006h,01eh,0e8h,028h,01bh
       28 1B
 DBE0  0F 82 C2 00 BD FF      C  DB 00fh,082h,0c2h,000h,0bdh,0ffh,0ffh,033h
       FF 33
 DBE8  DB 8C C0 8E D8 89      C  DB 0dbh,08ch,0c0h,08eh,0d8h,089h,05ch,00eh
       5C 0E
 DBF0  88 5C 0D 89 6C 08      C  DB 088h,05ch,00dh,089h,06ch,008h,08ah,0d4h
       8A D4
 DBF8  C0 EA 04 C1 E0 04      C  DB 0c0h,0eah,004h,0c1h,0e0h,004h,003h,0c6h
       03 C6
 DC00  80 D2 00 89 44 0A      C  DB 080h,0d2h,000h,089h,044h,00ah,088h,054h
       88 54
 DC08  0C 8C D0 89 5C 2E      C  DB 00ch,08ch,0d0h,089h,05ch,02eh,0c6h,044h
       C6 44
 DC10  2D 93 89 6C 28 8A      C  DB 02dh,093h,089h,06ch,028h,08ah,0d4h,0c0h
       D4 C0
 DC18  EA 04 C1 E0 04 89      C  DB 0eah,004h,0c1h,0e0h,004h,089h,044h,02ah
       44 2A
 DC20  88 54 2C 2E 0F 01      C  DB 088h,054h,02ch,02eh,00fh,001h,01eh,01fh
       1E 1F
 DC28  F1 0F 01 54 08 89      C  DB 0f1h,00fh,001h,054h,008h,089h,05ch,026h
       5C 26
 DC30  C6 44 25 9B 89 6C      C  DB 0c6h,044h,025h,09bh,089h,06ch,020h,089h
       20 89
 DC38  5C 22 C6 44 24 0F      C  DB 05ch,022h,0c6h,044h,024h,00fh,08ch,0d5h
       8C D5
 DC40  0F 01 E0 0C 01 0F      C  DB 00fh,001h,0e0h,00ch,001h,00fh,001h,0f0h
       01 F0
 DC48  EB 02 87 DB B8 28      C  DB 0ebh,002h,087h,0dbh,0b8h,028h,000h,08eh
       00 8E
 DC50  D0 B0 18 8E C0 B0      C  DB 0d0h,0b0h,018h,08eh,0c0h,0b0h,010h,08eh
       10 8E
 DC58  D8 33 F6 33 FF D1      C  DB 0d8h,033h,0f6h,033h,0ffh,0d1h,0e9h,0f3h
       E9 F3
 DC60  66 A5 73 04 A5 87      C  DB 066h,0a5h,073h,004h,0a5h,087h,0dbh,090h
       DB 90
 DC68  E4 61 8A E0 A8 C0      C  DB 0e4h,061h,08ah,0e0h,0a8h,0c0h,075h,03ah
       75 3A
 DC70  32 DB 8C D0 8E D8      C  DB 032h,0dbh,08ch,0d0h,08eh,0d8h,08eh,0c0h
       8E C0
 DC78  0F 20 C0 24 FE 0F      C  DB 00fh,020h,0c0h,024h,0feh,00fh,022h,0c0h
       22 C0
 DC80  EB 02 87 DB 2E 0F      C  DB 0ebh,002h,087h,0dbh,02eh,00fh,001h,01eh
       01 1E
 DC88  9B DD 8E D5 E8 C9      C  DB 09bh,0ddh,08eh,0d5h,0e8h,0c9h,01ah,08bh
       1A 8B
 DC90  EC 88 5E 13 1F 07      C  DB 0ech,088h,05eh,013h,01fh,007h,061h,00ah
       61 0A
 DC98  E4 0F 85 04 00 FB      C  DB 0e4h,00fh,085h,004h,000h,0fbh,0cah,002h
       CA 02
 DCA0  00 F9 FB CA 02 00      C  DB 000h,0f9h,0fbh,0cah,002h,000h,0b3h,003h
       B3 03
 DCA8  EB E5 8B 4C FE E7      C  DB 0ebh,0e5h,08bh,04ch,0feh,0e7h,0e1h,0e7h
       E1 E7
 DCB0  E1 89 4C FE E7 E1      C  DB 0e1h,089h,04ch,0feh,0e7h,0e1h,0e7h,0e1h
       E7 E1
 DCB8  0C 0C E6 61 E7 E1      C  DB 00ch,00ch,0e6h,061h,0e7h,0e1h,0e7h,0e1h
       E7 E1
 DCC0  8A C4 E6 61 B3 01      C  DB 08ah,0c4h,0e6h,061h,0b3h,001h,0ebh,0aah
       EB AA
 DCC8  FA 2E 0F 01 1E 9B      C  DB 0fah,02eh,00fh,001h,01eh,09bh,0ddh,0b8h
       DD B8
 DCD0  40 00 8E D8 8E 16      C  DB 040h,000h,08eh,0d8h,08eh,016h,069h,000h
       69 00
 DCD8  8B 26 67 00 E8 79      C  DB 08bh,026h,067h,000h,0e8h,079h,01ah,0b0h
       1A B0
 DCE0  0F E8 A6 0C 1F 07      C  DB 00fh,0e8h,0a6h,00ch,01fh,007h,061h,08ah
       61 8A
 DCE8  E0 E4 80 0A C0 74      C  DB 0e0h,0e4h,080h,00ah,0c0h,074h,001h,0f9h
       01 F9
 DCF0  86 E0 FB CA 02 00      C  DB 086h,0e0h,0fbh,0cah,002h,000h,087h,0dbh
       87 DB
 DCF8  5B B0 30 E8 8C 0C      C  DB 05bh,0b0h,030h,0e8h,08ch,00ch,08ah,0e0h
       8A E0
 DD00  B0 31 E8 85 0C 86      C  DB 0b0h,031h,0e8h,085h,00ch,086h,0e0h,0cfh
       E0 CF
 DD08  5B FA E8 FB 19 0F      C  DB 05bh,0fah,0e8h,0fbh,019h,00fh,083h,007h
       83 07
 DD10  00 B4 FF F9 FB CA      C  DB 000h,0b4h,0ffh,0f9h,0fbh,0cah,002h,000h
       02 00
 DD18  8C C8 8D 7C 38 26      C  DB 08ch,0c8h,08dh,07ch,038h,026h,0c7h,045h
       C7 45
 DD20  06 00 00 26 C6 45      C  DB 006h,000h,000h,026h,0c6h,045h,005h,09bh
       05 9B
 DD28  26 C7 05 FF FF 8A      C  DB 026h,0c7h,005h,0ffh,0ffh,08ah,0d4h,0c0h
       D4 C0
 DD30  EA 04 C1 E0 04 26      C  DB 0eah,004h,0c1h,0e0h,004h,026h,089h,045h
       89 45
 DD38  02 26 88 55 04 26      C  DB 002h,026h,088h,055h,004h,026h,00fh,001h
       0F 01
 DD40  5C 10 26 0F 01 54      C  DB 05ch,010h,026h,00fh,001h,054h,008h,0b0h
       08 B0
 DD48  11 E6 20 E7 E1 E6      C  DB 011h,0e6h,020h,0e7h,0e1h,0e6h,0a0h,08ah
       A0 8A
 DD50  C7 E6 21 8A C3 E6      C  DB 0c7h,0e6h,021h,08ah,0c3h,0e6h,0a1h,0e7h
       A1 E7
 DD58  E1 B0 04 E6 21 B0      C  DB 0e1h,0b0h,004h,0e6h,021h,0b0h,002h,0e6h
       02 E6
 DD60  A1 E7 E1 B0 01 E6      C  DB 0a1h,0e7h,0e1h,0b0h,001h,0e6h,021h,0e7h
       21 E7
 DD68  E1 E6 A1 B0 FF E7      C  DB 0e1h,0e6h,0a1h,0b0h,0ffh,0e7h,0e1h,0e6h
       E1 E6
 DD70  21 E7 E1 E6 A1 E7      C  DB 021h,0e7h,0e1h,0e6h,0a1h,0e7h,0e1h,00fh
       E1 0F
 DD78  20 C0 66 83 C8 01      C  DB 020h,0c0h,066h,083h,0c8h,001h,00fh,022h
       0F 22
 DD80  C0 EB 00 B8 28 00      C  DB 0c0h,0ebh,000h,0b8h,028h,000h,08eh,0d0h
       8E D0
 DD88  B8 18 00 8E D8 B8      C  DB 0b8h,018h,000h,08eh,0d8h,0b8h,020h,000h
       20 00
 DD90  8E C0 59 58 58 B8      C  DB 08eh,0c0h,059h,058h,058h,0b8h,030h,000h
       30 00
 DD98  50 51 CB FF 03 00      C  DB 050h,051h,0cbh,0ffh,003h,000h,000h,000h
       00 00
 DDA0  00 5B 32 E4 FB CA      C  DB 000h,05bh,032h,0e4h,0fbh,0cah,002h,000h
       02 00
 DDA8  5B 32 E4 CF 8C CB      C  DB 05bh,032h,0e4h,0cfh,08ch,0cbh,08eh,0c3h
       8E C3
 DDB0  BB F5 E6 32 E4 FB      C  DB 0bbh,0f5h,0e6h,032h,0e4h,0fbh,0cah,002h
       CA 02
 DDB8  00 F8 FB CA 02 00      C  DB 000h,0f8h,0fbh,0cah,002h,000h,066h,0c1h
       66 C1
 DDC0  CA 10 FA FC E4 64      C  DB 0cah,010h,0fah,0fch,0e4h,064h,0a8h,004h
       A8 04
 DDC8  75 1F 8C C8 8E D0      C  DB 075h,01fh,08ch,0c8h,08eh,0d0h,0bch,0d4h
       BC D4
 DDD0  DD E9 46 AF D6 DD      C  DB 0ddh,0e9h,046h,0afh,0d6h,0ddh,075h,011h
       75 11
 DDD8  32 C0 66 C1 CA 10      C  DB 032h,0c0h,066h,0c1h,0cah,010h,0bch,0e4h
       BC E4
 DDE0  DD E9 6C A1 E6 DD      C  DB 0ddh,0e9h,06ch,0a1h,0e6h,0ddh,0e9h,0dch
       E9 DC
 DDE8  22 B0 8F E6 70 E7      C  DB 022h,0b0h,08fh,0e6h,070h,0e7h,0e1h,0e4h
       E1 E4
 DDF0  71 E7 E1 3C 1C 0F      C  DB 071h,0e7h,0e1h,03ch,01ch,00fh,085h,003h
       85 03
 DDF8  00 E9 8F B4 B8 40      C  DB 000h,0e9h,08fh,0b4h,0b8h,040h,000h,08eh
       00 8E
 DE00  C0 26 81 3E 72 04      C  DB 0c0h,026h,081h,03eh,072h,004h,034h,012h
       34 12
 DE08  74 05 E9 10 AF EB      C  DB 074h,005h,0e9h,010h,0afh,0ebh,025h,026h
       25 26
 DE10  66 8B 36 A3 04 66      C  DB 066h,08bh,036h,0a3h,004h,066h,08bh,0c6h
       8B C6
 DE18  66 C1 E8 10 8E D8      C  DB 066h,0c1h,0e8h,010h,08eh,0d8h,0a1h,000h
       A1 00
 DE20  00 3D 55 AA 75 0E      C  DB 000h,03dh,055h,0aah,075h,00eh,033h,0c0h
       33 C0
 DE28  8E D8 66 89 36 40      C  DB 08eh,0d8h,066h,089h,036h,040h,000h,0b8h
       00 B8
 DE30  03 00 CD 10 B8 00      C  DB 003h,000h,0cdh,010h,0b8h,000h,000h,08eh
       00 8E
 DE38  D0 BC 00 04 B0 8F      C  DB 0d0h,0bch,000h,004h,0b0h,08fh,0e6h,070h
       E6 70
 DE40  E7 E1 E4 71 50 0A      C  DB 0e7h,0e1h,0e4h,071h,050h,00ah,0c0h,074h
       C0 74
 DE48  1D E8 C7 A1 B0 01      C  DB 01dh,0e8h,0c7h,0a1h,0b0h,001h,0e8h,0bah
       E8 BA
 DE50  25 E8 00 CA E8 53      C  DB 025h,0e8h,000h,0cah,0e8h,053h,0a3h,0beh
       A3 BE
 DE58  EF 58 E8 FB 3E 0A      C  DB 0efh,058h,0e8h,0fbh,03eh,00ah,0c0h,074h
       C0 74
 DE60  05 B0 01 E8 2A FA      C  DB 005h,0b0h,001h,0e8h,02ah,0fah,058h,08ah
       58 8A
 DE68  E0 3C 09 73 19 32      C  DB 0e0h,03ch,009h,073h,019h,032h,0c0h,0e6h
       C0 E6
 DE70  F1 8B D8 8C C8 8E      C  DB 0f1h,08bh,0d8h,08ch,0c8h,08eh,0d8h,0beh
       D8 BE
 DE78  9E F2 B9 0A 00 AD      C  DB 09eh,0f2h,0b9h,00ah,000h,0adh,08bh,0d0h
       8B D0
 DE80  AC EE E2 F9 8B C3      C  DB 0ach,0eeh,0e2h,0f9h,08bh,0c3h,0b0h,08fh
       B0 8F
 DE88  E6 70 E7 E1 32 C0      C  DB 0e6h,070h,0e7h,0e1h,032h,0c0h,0e6h,071h
       E6 71
 DE90  80 FC 09 75 03 E9      C  DB 080h,0fch,009h,075h,003h,0e9h,030h,0feh
       30 FE
 DE98  80 FC 05 74 79 80      C  DB 080h,0fch,005h,074h,079h,080h,0fch,00ah
       FC 0A
 DEA0  74 7C 80 FC 1C 0F      C  DB 074h,07ch,080h,0fch,01ch,00fh,084h,086h
       84 86
 DEA8  00 80 FC 04 75 0A      C  DB 000h,080h,0fch,004h,075h,00ah,0e8h,0e3h
       E8 E3
 DEB0  03 B0 0F E8 D4 0A      C  DB 003h,0b0h,00fh,0e8h,0d4h,00ah,0cdh,019h
       CD 19
 DEB8  33 ED E8 4B 18 B0      C  DB 033h,0edh,0e8h,04bh,018h,0b0h,00eh,0e8h
       0E E8
 DEC0  C8 0A A8 C0 74 26      C  DB 0c8h,00ah,0a8h,0c0h,074h,026h,0b8h,040h
       B8 40
 DEC8  00 8E D8 B0 BD 8A      C  DB 000h,08eh,0d8h,0b0h,0bdh,08ah,026h,0d8h
       26 D8
 DED0  00 E8 C7 0A B0 BF      C  DB 000h,0e8h,0c7h,00ah,0b0h,0bfh,0e8h,0b1h
       E8 B1
 DED8  0A 24 3F 8A 26 D9      C  DB 00ah,024h,03fh,08ah,026h,0d9h,000h,080h
       00 80
 DEE0  E4 03 C0 E4 06 0A      C  DB 0e4h,003h,0c0h,0e4h,006h,00ah,0e0h,0b0h
       E0 B0
 DEE8  BF E8 AF 0A B0 BD      C  DB 0bfh,0e8h,0afh,00ah,0b0h,0bdh,0e8h,099h
       E8 99
 DEF0  0A 24 7E 90 90 3C      C  DB 00ah,024h,07eh,090h,090h,03ch,02eh,075h
       2E 75
 DEF8  1A BA AC 10 8A E2      C  DB 01ah,0bah,0ach,010h,08ah,0e2h,0b0h,0bdh
       B0 BD
 DF00  E8 98 0A B0 BF E8      C  DB 0e8h,098h,00ah,0b0h,0bfh,0e8h,082h,00ah
       82 0A
 DF08  24 1F 8A E6 0A E0      C  DB 024h,01fh,08ah,0e6h,00ah,0e0h,0b0h,0bfh
       B0 BF
 DF10  E8 88 0A E9 AF 21      C  DB 0e8h,088h,00ah,0e9h,0afh,021h,0e4h,060h
       E4 60
 DF18  B0 20 E7 E1 E6 20      C  DB 0b0h,020h,0e7h,0e1h,0e6h,020h,00fh,020h
       0F 20
 DF20  C0 0C 10 0F 22 C0      C  DB 0c0h,00ch,010h,00fh,022h,0c0h,0b8h,040h
       B8 40
 DF28  00 8E D8 FF 2E 67      C  DB 000h,08eh,0d8h,0ffh,02eh,067h,000h,08ch
       00 8C
 DF30  C8 8E D0 BC 39 DF      C  DB 0c8h,08eh,0d0h,0bch,039h,0dfh,0e9h,052h
       E9 52
 DF38  B3 3B DF 00 00 00      C  DB 0b3h,03bh,0dfh,000h,000h,000h,000h,000h
       00 00
 DF40  00 00 00 00 FC 09      C  DB 000h,000h,000h,000h,0fch,009h,000h,000h
       00 00
 DF48  00 00 00 01 00 00      C  DB 000h,000h,000h,001h,000h,000h,000h,000h
       00 00
 DF50  FC 09 00 00 00 00      C  DB 0fch,009h,000h,000h,000h,000h,000h,000h
       00 00
 DF58  04 00 00 00 00 00      C  DB 004h,000h,000h,000h,000h,000h,000h,001h
       00 01
 DF60  00 00 00 00 00 0F      C  DB 000h,000h,000h,000h,000h,00fh,000h,000h
       00 00
 DF68  00 00 00 00 00 01      C  DB 000h,000h,000h,000h,000h,001h,000h,000h
       00 00
 DF70  00 00 00 02 00 00      C  DB 000h,000h,000h,002h,000h,000h,000h,000h
       00 00
 DF78  00 10 00 00 00 00      C  DB 000h,010h,000h,000h,000h,000h,000h,000h
       00 00
 DF80  00 00 00 00 00 00      C  DB 000h,000h,000h,000h,000h,000h,000h,001h
       00 01
 DF88  00 00 00 00 00 FF      C  DB 000h,000h,000h,000h,000h,0ffh,0ffh,000h
       FF 00
 DF90  00 00 00 00 00 01      C  DB 000h,000h,000h,000h,000h,001h,000h,000h
       00 00
 DF98  00 00 00 02 00 00      C  DB 000h,000h,000h,002h,000h,000h,000h,000h
       00 00
 DFA0  00 00 00 00 00 00      C  DB 000h,000h,000h,000h,000h,000h,000h,000h
       00 00
 DFA8  00 00 00 00 00 00      C  DB 000h,000h,000h,000h,000h,000h,000h,000h
       00 00
 DFB0  00 00 00 00 00 00      C  DB 000h,000h,000h,000h,000h,000h,000h,000h
       00 00
 DFB8  00 00 00 00 00 00      C  DB 000h,000h,000h,000h,000h,000h,000h,000h
       00 00
 DFC0  00 00 00 00 00 00      C  DB 000h,000h,000h,000h,000h,000h,000h,000h
       00 00
 DFC8  00 00 00 00 00 00      C  DB 000h,000h,000h,000h,000h,000h,000h,000h
       00 00
 DFD0  00 00 00 00 00 00      C  DB 000h,000h,000h,000h,000h,000h,000h,000h
       00 00
 DFD8  00 00 00 00 00 00      C  DB 000h,000h,000h,000h,000h,000h,000h,000h
       00 00
 DFE0  00 00 00 00 00 00      C  DB 000h,000h,000h,000h,000h,000h,000h,000h
       00 00
 DFE8  00 00 00 00 00 00      C  DB 000h,000h,000h,000h,000h,000h,000h,000h
       00 00
 DFF0  00 00 00 00 00 00      C  DB 000h,000h,000h,000h,000h,000h,000h,000h
       00 00
 DFF8  00 00 00 00 00 00      C  DB 000h,000h,000h,000h,000h,000h,000h,000h
       00 00
 E000  41 77 61 72 64 20      C  DB 041h,077h,061h,072h,064h,020h,053h,06fh
       53 6F
 E008  66 74 77 61 72 65      C  DB 066h,074h,077h,061h,072h,065h,049h,042h
       49 42
 E010  4D 20 43 4F 4D 50      C  DB 04dh,020h,043h,04fh,04dh,050h,041h,054h
       41 54
 E018  49 42 4C 45 20 34      C  DB 049h,042h,04ch,045h,020h,034h,038h,036h
       38 36
 E020  20 42 49 4F 53 20      C  DB 020h,042h,049h,04fh,053h,020h,043h,04fh
       43 4F
 E028  50 59 52 49 47 48      C  DB 050h,059h,052h,049h,047h,048h,054h,020h
       54 20
 E030  41 77 61 72 64 20      C  DB 041h,077h,061h,072h,064h,020h,053h,06fh
       53 6F
 E038  66 74 77 61 72 65      C  DB 066h,074h,077h,061h,072h,065h,020h,049h
       20 49
 E040  6E 63 2E 6F 66 74      C  DB 06eh,063h,02eh,06fh,066h,074h,077h,061h
       77 61
 E048  72 65 20 49 6E 63      C  DB 072h,065h,020h,049h,06eh,063h,02eh,020h
       2E 20
 E050  41 77 03 0C 04 01      C  DB 041h,077h,003h,00ch,004h,001h,001h,06fh
       01 6F
 E058  66 74 77 E9 60 FD      C  DB 066h,074h,077h,0e9h,060h,0fdh,020h,043h
       20 43
 E060  1A 41 77 61 72 64      C  DB 01ah,041h,077h,061h,072h,064h,020h,04dh
       20 4D
 E068  6F 64 75 6C 61 72      C  DB 06fh,064h,075h,06ch,061h,072h,020h,042h
       20 42
 E070  49 4F 53 20 76 34      C  DB 049h,04fh,053h,020h,076h,034h,02eh,035h
       2E 35
 E078  30 47 00 2C 64 20      C  DB 030h,047h,000h,02ch,064h,020h,053h,06fh
       53 6F
 E080  66 74 77 61 72 65      C  DB 066h,074h,077h,061h,072h,065h,020h,049h
       20 49
 E088  6E 63 2E 20 41 77      C  DB 06eh,063h,02eh,020h,041h,077h,061h,072h
       61 72
 E090  2C 43 6F 70 79 72      C  DB 02ch,043h,06fh,070h,079h,072h,069h,067h
       69 67
 E098  68 74 20 28 43 29      C  DB 068h,074h,020h,028h,043h,029h,020h,031h
       20 31
 E0A0  39 38 34 2D 39 35      C  DB 039h,038h,034h,02dh,039h,035h,02ch,020h
       2C 20
 E0A8  41 77 61 72 64 20      C  DB 041h,077h,061h,072h,064h,020h,053h,06fh
       53 6F
 E0B0  66 74 77 61 72 65      C  DB 066h,074h,077h,061h,072h,065h,02ch,020h
       2C 20
 E0B8  49 6E 63 2E 00 74      C  DB 049h,06eh,063h,02eh,000h,074h,077h,061h
       77 61
 E0C0  4E 52 45 56 20 2E      C  DB 04eh,052h,045h,056h,020h,02eh,047h,033h
       47 33
 E0C8  00 34 29 20 45 56      C  DB 000h,034h,029h,020h,045h,056h,041h,04ch
       41 4C
 E0D0  55 41 54 49 4F 4E      C  DB 055h,041h,054h,049h,04fh,04eh,020h,052h
       20 52
 E0D8  4F 4D 20 2D 20 4E      C  DB 04fh,04dh,020h,02dh,020h,04eh,04fh,054h
       4F 54
 E0E0  20 46 4F 52 20 53      C  DB 020h,046h,04fh,052h,020h,053h,041h,04ch
       41 4C
 E0E8  45 00 00 00 00 00      C  DB 045h,000h,000h,000h,000h,000h,000h,000h
       00 00
 E0F0  00 00 00 00 00 00      C  DB 000h,000h,000h,000h,000h,000h,000h,000h
       00 00
 E0F8  00 00 00 00 00 00      C  DB 000h,000h,000h,000h,000h,000h,000h,000h
       00 00
 E100  00 00 00 00 00 00      C  DB 000h,000h,000h,000h,000h,000h,000h,000h
       00 00
 E108  00 00 00 00 00 00      C  DB 000h,000h,000h,000h,000h,000h,000h,01eh
       00 1E
 E110  20 49 42 4D 20 49      C  DB 020h,049h,042h,04dh,020h,049h,053h,020h
       53 20
 E118  41 20 54 52 41 44      C  DB 041h,020h,054h,052h,041h,044h,045h,04dh
       45 4D
 E120  41 52 4B 20 4F 46      C  DB 041h,052h,04bh,020h,04fh,046h,020h,049h
       20 49
 E128  4E 54 45 52 4E 41      C  DB 04eh,054h,045h,052h,04eh,041h,054h,049h
       54 49
 E130  4F 4E 41 4C 20 42      C  DB 04fh,04eh,041h,04ch,020h,042h,055h,053h
       55 53
 E138  49 4E 45 53 53 20      C  DB 049h,04eh,045h,053h,053h,020h,04dh,041h
       4D 41
 E140  43 48 49 4E 45 53      C  DB 043h,048h,049h,04eh,045h,053h,020h,043h
       20 43
 E148  4F 52 50 2E 55 8B      C  DB 04fh,052h,050h,02eh,055h,08bh,0ech,056h
       EC 56
 E150  1E C5 76 02 81 3C      C  DB 01eh,0c5h,076h,002h,081h,03ch,00fh,005h
       0F 05
 E158  74 3E 81 3C 0F 04      C  DB 074h,03eh,081h,03ch,00fh,004h,074h,017h
       74 17
 E160  80 3C F0 74 0A 80      C  DB 080h,03ch,0f0h,074h,00ah,080h,03ch,0f2h
       3C F2
 E168  74 05 80 3C F3 75      C  DB 074h,005h,080h,03ch,0f3h,075h,004h,046h
       04 46
 E170  89 76 02 1F 5E 5D      C  DB 089h,076h,002h,01fh,05eh,05dh,0cfh,0e9h
       CF E9
 E178  3A 1F 20 00 00 08      C  DB 03ah,01fh,020h,000h,000h,008h,000h,000h
       00 00
 E180  FF FF 00 00 0F 9B      C  DB 0ffh,0ffh,000h,000h,00fh,09bh,000h,000h
       00 00
 E188  00 00 00 00 00 00      C  DB 000h,000h,000h,000h,000h,000h,000h,000h
       00 00
 E190  00 00 00 00 00 00      C  DB 000h,000h,000h,000h,000h,000h,000h,000h
       00 00
 E198  33 C0 8E D8 8E C0      C  DB 033h,0c0h,08eh,0d8h,08eh,0c0h,08eh,016h
       8E 16
 E1A0  20 08 8B 26 2C 08      C  DB 020h,008h,08bh,026h,02ch,008h,0ffh,036h
       FF 36
 E1A8  18 08 FF 36 22 08      C  DB 018h,008h,0ffh,036h,022h,008h,0ffh,036h
       FF 36
 E1B0  1A 08 BF 08 08 BE      C  DB 01ah,008h,0bfh,008h,008h,0beh,080h,0e1h
       80 E1
 E1B8  B9 18 00 FC F3 2E      C  DB 0b9h,018h,000h,0fch,0f3h,02eh,0a4h,08bh
       A4 8B
 E1C0  16 06 08 8B 36 3A      C  DB 016h,006h,008h,08bh,036h,03ah,008h,089h
       08 89
 E1C8  36 10 08 8B 36 36      C  DB 036h,010h,008h,08bh,036h,036h,008h,089h
       08 89
 E1D0  36 12 08 8A 1E 38      C  DB 036h,012h,008h,08ah,01eh,038h,008h,0b7h
       08 B7
 E1D8  93 89 1E 14 08 86      C  DB 093h,089h,01eh,014h,008h,086h,0dfh,08bh
       DF 8B
 E1E0  3E 4C 08 89 3E 18      C  DB 03eh,04ch,008h,089h,03eh,018h,008h,08bh
       08 8B
 E1E8  3E 48 08 89 3E 1A      C  DB 03eh,048h,008h,089h,03eh,01ah,008h,08ah
       08 8A
 E1F0  0E 4A 08 B5 93 89      C  DB 00eh,04ah,008h,0b5h,093h,089h,00eh,01ch
       0E 1C
 E1F8  08 86 CD F6 C7 F0      C  DB 008h,086h,0cdh,0f6h,0c7h,0f0h,075h,012h
       75 12
 E200  F7 C6 0F 00 75 0C      C  DB 0f7h,0c6h,00fh,000h,075h,00ch,0c1h,0eeh
       C1 EE
 E208  04 32 DB C1 E3 04      C  DB 004h,032h,0dbh,0c1h,0e3h,004h,00bh,0f3h
       0B F3
 E210  8E C6 F6 C5 F0 75      C  DB 08eh,0c6h,0f6h,0c5h,0f0h,075h,012h,0f7h
       12 F7
 E218  C7 0F 00 75 0C C1      C  DB 0c7h,00fh,000h,075h,00ch,0c1h,0efh,004h
       EF 04
 E220  32 C9 C1 E1 04 0B      C  DB 032h,0c9h,0c1h,0e1h,004h,00bh,0f9h,08eh
       F9 8E
 E228  DF 8A C3 0A C1 74      C  DB 0dfh,08ah,0c3h,00ah,0c1h,074h,038h,02eh
       38 2E
 E230  0F 01 16 7A E1 0F      C  DB 00fh,001h,016h,07ah,0e1h,00fh,001h,0e0h
       01 E0
 E238  0D 01 00 0F 01 F0      C  DB 00dh,001h,000h,00fh,001h,0f0h,0eah,043h
       EA 43
 E240  E2 08 00 0A DB 74      C  DB 0e2h,008h,000h,00ah,0dbh,074h,005h,0b8h
       05 B8
 E248  10 00 8E C0 0A C9      C  DB 010h,000h,08eh,0c0h,00ah,0c9h,074h,005h
       74 05
 E250  B8 18 00 8E D8 0F      C  DB 0b8h,018h,000h,08eh,0d8h,00fh,020h,0c0h
       20 C0
 E258  24 F0 80 E2 0E 0A      C  DB 024h,0f0h,080h,0e2h,00eh,00ah,0c2h,00fh
       C2 0F
 E260  22 C0 EA 67 E2 00      C  DB 022h,0c0h,0eah,067h,0e2h,000h,0f0h,033h
       F0 33
 E268  C0 8E E0 64 8F 06      C  DB 0c0h,08eh,0e0h,064h,08fh,006h,01ah,008h
       1A 08
 E270  83 C4 02 64 8F 06      C  DB 083h,0c4h,002h,064h,08fh,006h,018h,008h
       18 08
 E278  8E D0 BC 26 08 61      C  DB 08eh,0d0h,0bch,026h,008h,061h,036h,08bh
       36 8B
 E280  26 2C 08 83 EC 06      C  DB 026h,02ch,008h,083h,0ech,006h,036h,08eh
       36 8E
 E288  16 20 08 CF E7 E1      C  DB 016h,020h,008h,0cfh,0e7h,0e1h,0e7h,0e1h
       E7 E1
 E290  C3 87 DB 90 E8 BD      C  DB 0c3h,087h,0dbh,090h,0e8h,0bdh,006h,024h
       06 24
 E298  F3 E6 61 C3 66 74      C  DB 0f3h,0e6h,061h,0c3h,066h,074h,077h,061h
       77 61
 E2A0  72 65 20 49 6E 63      C  DB 072h,065h,020h,049h,06eh,063h,02eh,020h
       2E 20
 E2A8  41 77 61 72 64 20      C  DB 041h,077h,061h,072h,064h,020h,053h,06fh
       53 6F
 E2B0  66 74 77 61 72 65      C  DB 066h,074h,077h,061h,072h,065h,020h,049h
       20 49
 E2B8  6E 63 2E 20 41 77      C  DB 06eh,063h,02eh,020h,041h,077h,061h,072h
       61 72
 E2C0  64 20 53 E9 CC 09      C  DB 064h,020h,053h,0e9h,0cch,009h,0e9h,043h
       E9 43
 E2C8  AA 50 E8 C2 F5 52      C  DB 0aah,050h,0e8h,0c2h,0f5h,052h,0b0h,0b1h
       B0 B1
 E2D0  BA 80 00 EE 5A B0      C  DB 0bah,080h,000h,0eeh,05ah,0b0h,08fh,0e8h
       8F E8
 E2D8  B0 06 E4 61 8A E0      C  DB 0b0h,006h,0e4h,061h,08ah,0e0h,0e8h,073h
       E8 73
 E2E0  06 F6 C4 C0 75 0E      C  DB 006h,0f6h,0c4h,0c0h,075h,00eh,08ah,0c4h
       8A C4
 E2E8  E7 E1 E6 61 B0 0F      C  DB 0e7h,0e1h,0e6h,061h,0b0h,00fh,0e8h,099h
       E8 99
 E2F0  06 58 CF 90 53 51      C  DB 006h,058h,0cfh,090h,053h,051h,052h,057h
       52 57
 E2F8  56 1E 50 B0 AD E6      C  DB 056h,01eh,050h,0b0h,0adh,0e6h,064h,0e8h
       64 E8
 E300  62 E7 E4 60 E7 E1      C  DB 062h,0e7h,0e4h,060h,0e7h,0e1h,0b0h,0c0h
       B0 C0
 E308  E6 64 E8 57 E7 E8      C  DB 0e6h,064h,0e8h,057h,0e7h,0e8h,040h,0e7h
       40 E7
 E310  B8 40 00 8E D8 A0      C  DB 0b8h,040h,000h,08eh,0d8h,0a0h,049h,000h
       49 00
 E318  CD 10 58 50 A8 40      C  DB 0cdh,010h,058h,050h,0a8h,040h,074h,00ah
       74 0A
 E320  BE 02 EA A8 80 74      C  DB 0beh,002h,0eah,0a8h,080h,074h,006h,0e8h
       06 E8
 E328  E2 0A BE 30 EA E8      C  DB 0e2h,00ah,0beh,030h,0eah,0e8h,0dch,00ah
       DC 0A
 E330  B0 EF E6 70 E8 5D      C  DB 0b0h,0efh,0e6h,070h,0e8h,05dh,0ffh,08bh
       FF 8B
 E338  16 13 00 D1 EA 8B      C  DB 016h,013h,000h,0d1h,0eah,08bh,0fah,033h
       FA 33
 E340  DB 87 DB 90 8E DB      C  DB 0dbh,087h,0dbh,090h,08eh,0dbh,033h,0f6h
       33 F6
 E348  B9 00 80 E8 46 FF      C  DB 0b9h,000h,080h,0e8h,046h,0ffh,0fch,0f3h
       FC F3
 E350  AD E4 61 24 C0 75      C  DB 0adh,0e4h,061h,024h,0c0h,075h,007h,081h
       07 81
 E358  C3 00 10 4A 75 E6      C  DB 0c3h,000h,010h,04ah,075h,0e6h,0beh,07bh
       BE 7B
 E360  EA E8 A8 0A 3B FB      C  DB 0eah,0e8h,0a8h,00ah,03bh,0fbh,074h,00ah
       74 0A
 E368  53 E8 B8 0A 5B E8      C  DB 053h,0e8h,0b8h,00ah,05bh,0e8h,024h,0ffh
       24 FF
 E370  EB 06 BE 5D EA E8      C  DB 0ebh,006h,0beh,05dh,0eah,0e8h,094h,00ah
       94 0A
 E378  BE D8 E9 E8 8E 0A      C  DB 0beh,0d8h,0e9h,0e8h,08eh,00ah,032h,0e4h
       32 E4
 E380  CD 16 80 FC 3B 74      C  DB 0cdh,016h,080h,0fch,03bh,074h,015h,080h
       15 80
 E388  FC 3C 74 44 BE AB      C  DB 0fch,03ch,074h,044h,0beh,0abh,0e9h,0e8h
       E9 E8
 E390  7A 0A B0 B2 BA 80      C  DB 07ah,00ah,0b0h,0b2h,0bah,080h,000h,0eeh
       00 EE
 E398  FB F4 EB FC E8 B5      C  DB 0fbh,0f4h,0ebh,0fch,0e8h,0b5h,005h,08ah
       05 8A
 E3A0  E8 80 E5 F3 58 8A      C  DB 0e8h,080h,0e5h,0f3h,058h,08ah,0c4h,080h
       C4 80
 E3A8  E4 0C 24 C0 C0 E8      C  DB 0e4h,00ch,024h,0c0h,0c0h,0e8h,004h,08ah
       04 8A
 E3B0  D8 D0 EB 80 E3 04      C  DB 0d8h,0d0h,0ebh,080h,0e3h,004h,0d0h,0e0h
       D0 E0
 E3B8  24 08 0A C3 0A C4      C  DB 024h,008h,00ah,0c3h,00ah,0c4h,00ah,0c5h
       0A C5
 E3C0  E6 61 B0 0E E8 C3      C  DB 0e6h,061h,0b0h,00eh,0e8h,0c3h,005h,01fh
       05 1F
 E3C8  5E 5F 5A 59 5B 58      C  DB 05eh,05fh,05ah,059h,05bh,058h,0fbh,0cfh
       FB CF
 E3D0  E9 EB F9 90 B8 40      C  DB 0e9h,0ebh,0f9h,090h,0b8h,040h,000h,08eh
       00 8E
 E3D8  D8 32 E4 A0 49 00      C  DB 0d8h,032h,0e4h,0a0h,049h,000h,0cdh,010h
       CD 10
 E3E0  BE C9 EA E8 26 0A      C  DB 0beh,0c9h,0eah,0e8h,026h,00ah,032h,0e4h
       32 E4
 E3E8  CD 16 C7 06 72 00      C  DB 0cdh,016h,0c7h,006h,072h,000h,034h,012h
       34 12
 E3F0  E9 CB F9 61 72 65      C  DB 0e9h,0cbh,0f9h,061h,072h,065h,020h,049h
       20 49
 E3F8  6E 63 2E 20 41 77      C  DB 06eh,063h,02eh,020h,041h,077h,061h,072h
       61 72
 E400  64 32 01 04 00 00      C  DB 064h,032h,001h,004h,000h,000h,080h,000h
       80 00
 E408  00 00 00 00 00 31      C  DB 000h,000h,000h,000h,000h,031h,001h,011h
       01 11
 E410  00 67 02 04 00 00      C  DB 000h,067h,002h,004h,000h,000h,02ch,001h
       2C 01
 E418  00 00 00 00 00 67      C  DB 000h,000h,000h,000h,000h,067h,002h,011h
       02 11
 E420  00 67 02 06 00 00      C  DB 000h,067h,002h,006h,000h,000h,02ch,001h
       2C 01
 E428  00 00 00 00 00 67      C  DB 000h,000h,000h,000h,000h,067h,002h,011h
       02 11
 E430  00 AC 03 08 00 00      C  DB 000h,0ach,003h,008h,000h,000h,000h,002h
       00 02
 E438  00 00 00 00 00 AC      C  DB 000h,000h,000h,000h,000h,0ach,003h,011h
       03 11
 E440  00 AC 03 06 00 00      C  DB 000h,0ach,003h,006h,000h,000h,000h,002h
       00 02
 E448  00 00 00 00 00 AC      C  DB 000h,000h,000h,000h,000h,0ach,003h,011h
       03 11
 E450  00 67 02 04 00 00      C  DB 000h,067h,002h,004h,000h,000h,0ffh,0ffh
       FF FF
 E458  00 00 00 00 00 67      C  DB 000h,000h,000h,000h,000h,067h,002h,011h
       02 11
 E460  00 CE 01 08 00 00      C  DB 000h,0ceh,001h,008h,000h,000h,000h,001h
       00 01
 E468  00 00 00 00 00 FF      C  DB 000h,000h,000h,000h,000h,0ffh,001h,011h
       01 11
 E470  00 DD 02 05 00 00      C  DB 000h,0ddh,002h,005h,000h,000h,0ffh,0ffh
       FF FF
 E478  00 00 00 00 00 DD      C  DB 000h,000h,000h,000h,000h,0ddh,002h,011h
       02 11
 E480  00 84 03 0F 00 00      C  DB 000h,084h,003h,00fh,000h,000h,0ffh,0ffh
       FF FF
 E488  00 08 00 00 00 85      C  DB 000h,008h,000h,000h,000h,085h,003h,011h
       03 11
 E490  00 34 03 03 00 00      C  DB 000h,034h,003h,003h,000h,000h,0ffh,0ffh
       FF FF
 E498  00 00 00 00 00 34      C  DB 000h,000h,000h,000h,000h,034h,003h,011h
       03 11
 E4A0  00 57 03 05 00 00      C  DB 000h,057h,003h,005h,000h,000h,0ffh,0ffh
       FF FF
 E4A8  00 00 00 00 00 57      C  DB 000h,000h,000h,000h,000h,057h,003h,011h
       03 11
 E4B0  00 57 03 07 00 00      C  DB 000h,057h,003h,007h,000h,000h,0ffh,0ffh
       FF FF
 E4B8  00 00 00 00 00 57      C  DB 000h,000h,000h,000h,000h,057h,003h,011h
       03 11
 E4C0  00 32 01 08 00 00      C  DB 000h,032h,001h,008h,000h,000h,080h,000h
       80 00
 E4C8  00 00 00 00 00 3F      C  DB 000h,000h,000h,000h,000h,03fh,001h,011h
       01 11
 E4D0  00 DD 02 07 00 00      C  DB 000h,0ddh,002h,007h,000h,000h,0ffh,0ffh
       FF FF
 E4D8  00 00 00 00 00 DD      C  DB 000h,000h,000h,000h,000h,0ddh,002h,011h
       02 11
 E4E0  00 00 00 00 00 00      C  DB 000h,000h,000h,000h,000h,000h,000h,000h
       00 00
 E4E8  00 00 00 00 00 00      C  DB 000h,000h,000h,000h,000h,000h,000h,000h
       00 00
 E4F0  00 64 02 04 00 00      C  DB 000h,064h,002h,004h,000h,000h,000h,000h
       00 00
 E4F8  00 00 00 00 00 97      C  DB 000h,000h,000h,000h,000h,097h,002h,011h
       02 11
 E500  00 D1 03 05 00 00      C  DB 000h,0d1h,003h,005h,000h,000h,02ch,001h
       2C 01
 E508  00 00 00 00 00 D1      C  DB 000h,000h,000h,000h,000h,0d1h,003h,011h
       03 11
 E510  00 D1 03 07 00 00      C  DB 000h,0d1h,003h,007h,000h,000h,0ffh,0ffh
       FF FF
 E518  00 00 00 00 00 D1      C  DB 000h,000h,000h,000h,000h,0d1h,003h,011h
       03 11
 E520  00 00 04 07 00 00      C  DB 000h,000h,004h,007h,000h,000h,000h,002h
       00 02
 E528  00 00 00 00 00 FF      C  DB 000h,000h,000h,000h,000h,0ffh,003h,011h
       03 11
 E530  00 DD 02 05 00 00      C  DB 000h,0ddh,002h,005h,000h,000h,02ch,001h
       2C 01
 E538  00 00 00 00 00 DC      C  DB 000h,000h,000h,000h,000h,0dch,002h,011h
       02 11
 E540  00 DD 02 07 00 00      C  DB 000h,0ddh,002h,007h,000h,000h,02ch,001h
       2C 01
 E548  00 00 00 00 00 DC      C  DB 000h,000h,000h,000h,000h,0dch,002h,011h
       02 11
 E550  00 DD 02 05 00 00      C  DB 000h,0ddh,002h,005h,000h,000h,02ch,001h
       2C 01
 E558  00 00 00 00 00 DD      C  DB 000h,000h,000h,000h,000h,0ddh,002h,011h
       02 11
 E560  00 32 01 04 00 00      C  DB 000h,032h,001h,004h,000h,000h,000h,000h
       00 00
 E568  00 00 00 00 00 50      C  DB 000h,000h,000h,000h,000h,050h,001h,011h
       01 11
 E570  00 D1 03 05 00 00      C  DB 000h,0d1h,003h,005h,000h,000h,0ffh,0ffh
       FF FF
 E578  00 00 00 00 00 D0      C  DB 000h,000h,000h,000h,000h,0d0h,003h,011h
       03 11
 E580  00 00 04 09 00 00      C  DB 000h,000h,004h,009h,000h,000h,0ffh,0ffh
       FF FF
 E588  00 08 00 00 00 FF      C  DB 000h,008h,000h,000h,000h,0ffh,003h,011h
       03 11
 E590  00 C8 04 07 00 00      C  DB 000h,0c8h,004h,007h,000h,000h,0ffh,0ffh
       FF FF
 E598  00 00 00 00 00 C7      C  DB 000h,000h,000h,000h,000h,0c7h,004h,011h
       04 11
 E5A0  00 C8 04 0B 00 00      C  DB 000h,0c8h,004h,00bh,000h,000h,0ffh,0ffh
       FF FF
 E5A8  00 08 00 00 00 C7      C  DB 000h,008h,000h,000h,000h,0c7h,004h,011h
       04 11
 E5B0  00 C8 04 0F 00 00      C  DB 000h,0c8h,004h,00fh,000h,000h,0ffh,0ffh
       FF FF
 E5B8  00 08 00 00 00 C7      C  DB 000h,008h,000h,000h,000h,0c7h,004h,011h
       04 11
 E5C0  00 00 04 08 00 00      C  DB 000h,000h,004h,008h,000h,000h,0ffh,0ffh
       FF FF
 E5C8  00 00 00 00 00 FF      C  DB 000h,000h,000h,000h,000h,0ffh,003h,011h
       03 11
 E5D0  00 00 04 0B 00 00      C  DB 000h,000h,004h,00bh,000h,000h,0ffh,0ffh
       FF FF
 E5D8  00 08 00 00 00 FF      C  DB 000h,008h,000h,000h,000h,0ffh,003h,011h
       03 11
 E5E0  00 96 03 0B 00 00      C  DB 000h,096h,003h,00bh,000h,000h,0ffh,0ffh
       FF FF
 E5E8  00 08 00 00 00 FF      C  DB 000h,008h,000h,000h,000h,0ffh,003h,011h
       03 11
 E5F0  00 9D 03 09 00 00      C  DB 000h,09dh,003h,009h,000h,000h,0ffh,0ffh
       FF FF
 E5F8  00 08 00 00 00 9E      C  DB 000h,008h,000h,000h,000h,09eh,003h,011h
       03 11
 E600  00 00 04 0A 00 00      C  DB 000h,000h,004h,00ah,000h,000h,0ffh,0ffh
       FF FF
 E608  00 08 00 00 00 FF      C  DB 000h,008h,000h,000h,000h,0ffh,003h,011h
       03 11
 E610  00 00 04 0C 00 00      C  DB 000h,000h,004h,00ch,000h,000h,0ffh,0ffh
       FF FF
 E618  00 08 00 00 00 FF      C  DB 000h,008h,000h,000h,000h,0ffh,003h,011h
       03 11
 E620  00 00 04 0D 00 00      C  DB 000h,000h,004h,00dh,000h,000h,0ffh,0ffh
       FF FF
 E628  00 08 00 00 00 FF      C  DB 000h,008h,000h,000h,000h,0ffh,003h,011h
       03 11
 E630  00 00 04 0E 00 00      C  DB 000h,000h,004h,00eh,000h,000h,0ffh,0ffh
       FF FF
 E638  00 08 00 00 00 FF      C  DB 000h,008h,000h,000h,000h,0ffh,003h,011h
       03 11
 E640  00 00 04 02 00 00      C  DB 000h,000h,004h,002h,000h,000h,0ffh,0ffh
       FF FF
 E648  00 00 00 00 00 FF      C  DB 000h,000h,000h,000h,000h,0ffh,003h,011h
       03 11
 E650  00 00 04 10 00 00      C  DB 000h,000h,004h,010h,000h,000h,0ffh,0ffh
       FF FF
 E658  00 08 00 00 00 FF      C  DB 000h,008h,000h,000h,000h,0ffh,003h,011h
       03 11
 E660  00 96 03 0F 00 00      C  DB 000h,096h,003h,00fh,000h,000h,0ffh,0ffh
       FF FF
 E668  00 08 00 00 00 FF      C  DB 000h,008h,000h,000h,000h,0ffh,003h,011h
       03 11
 E670  00 34 03 06 00 00      C  DB 000h,034h,003h,006h,000h,000h,0ffh,0ffh
       FF FF
 E678  00 00 00 00 00 34      C  DB 000h,000h,000h,000h,000h,034h,003h,011h
       03 11
 E680  00 00 04 05 00 00      C  DB 000h,000h,004h,005h,000h,000h,0ffh,0ffh
       FF FF
 E688  00 00 00 00 00 FF      C  DB 000h,000h,000h,000h,000h,0ffh,003h,011h
       03 11
 E690  00 00 04 05 00 00      C  DB 000h,000h,004h,005h,000h,000h,0ffh,0ffh
       FF FF
 E698  00 00 00 00 00 FF      C  DB 000h,000h,000h,000h,000h,0ffh,003h,01ah
       03 1A
 E6A0  00 29 03 06 00 00      C  DB 000h,029h,003h,006h,000h,000h,0ffh,0ffh
       FF FF
 E6A8  00 00 00 00 00 54      C  DB 000h,000h,000h,000h,000h,054h,003h,011h
       03 11
 E6B0  00 29 03 06 00 00      C  DB 000h,029h,003h,006h,000h,000h,0ffh,0ffh
       FF FF
 E6B8  00 00 00 00 00 54      C  DB 000h,000h,000h,000h,000h,054h,003h,01ah
       03 1A
 E6C0  00 08 03 08 00 00      C  DB 000h,008h,003h,008h,000h,000h,0ffh,0ffh
       FF FF
 E6C8  00 00 00 00 00 07      C  DB 000h,000h,000h,000h,000h,007h,003h,021h
       03 21
 E6D0  00 AC 02 10 00 00      C  DB 000h,0ach,002h,010h,000h,000h,0ffh,0ffh
       FF FF
 E6D8  00 00 00 00 00 AD      C  DB 000h,000h,000h,000h,000h,0adh,002h,026h
       02 26
 E6E0  00 00 00 00 00 00      C  DB 000h,000h,000h,000h,000h,000h,000h,000h
       00 00
 E6E8  00 00 00 00 00 00      C  DB 000h,000h,000h,000h,000h,000h,000h,000h
       00 00
 E6F0  00 63 E9 37 1B 08      C  DB 000h,063h,0e9h,037h,01bh,008h,000h,0fch
       00 FC
 E6F8  01 00 70 00 00 00      C  DB 001h,000h,070h,000h,000h,000h,000h,041h
       00 41
 E700  77 61 72 64 20 53      C  DB 077h,061h,072h,064h,020h,053h,06fh,066h
       6F 66
 E708  74 77 61 72 65 20      C  DB 074h,077h,061h,072h,065h,020h,049h,06eh
       49 6E
 E710  63 2E 20 2D 20 30      C  DB 063h,02eh,020h,02dh,020h,030h,034h,02fh
       34 2F
 E718  32 33 2F 39 30 00      C  DB 032h,033h,02fh,039h,030h,000h,061h,072h
       61 72
 E720  64 20 53 6F 66 74      C  DB 064h,020h,053h,06fh,066h,074h,077h,061h
       77 61
 E728  72 17 04 00 03 80      C  DB 072h,017h,004h,000h,003h,080h,001h,0c0h
       01 C0
 E730  00 60 00 30 00 18      C  DB 000h,060h,000h,030h,000h,018h,000h,00ch
       00 0C
 E738  00 E9 38 11 EF 08      C  DB 000h,0e9h,038h,011h,0efh,008h,05ch,005h
       5C 05
 E740  5F 0C 21 89 08 00      C  DB 05fh,00ch,021h,089h,008h,000h,000h,005h
       00 05
 E748  0D 00 50 C3 00 1B      C  DB 00dh,000h,050h,0c3h,000h,01bh,041h,000h
       41 00
 E750  1B 41 00 AB 11 04      C  DB 01bh,041h,000h,0abh,011h,004h,015h,016h
       15 16
 E758  05 E8 03 00 40 9C      C  DB 005h,0e8h,003h,000h,040h,09ch,000h,0a0h
       00 A0
 E760  8C 00 87 DB 2E F6      C  DB 08ch,000h,087h,0dbh,02eh,0f6h,006h,0e2h
       06 E2
 E768  FF C0 74 05 79 3E      C  DB 0ffh,0c0h,074h,005h,079h,03eh,0ebh,07dh
       EB 7D
 E770  90 53 8A F8 0B C9      C  DB 090h,053h,08ah,0f8h,00bh,0c9h,075h,00ch
       75 0C
 E778  59 FE CD 51 80 FD      C  DB 059h,0feh,0cdh,051h,080h,0fdh,0ffh,074h
       FF 74
 E780  21 33 C9 90 EC 8A      C  DB 021h,033h,0c9h,090h,0ech,08ah,0d8h,022h
       D8 22
 E788  C4 3A C7 74 19 87      C  DB 0c4h,03ah,0c7h,074h,019h,087h,0dbh,090h
       DB 90
 E790  E4 61 A8 10 75 FA      C  DB 0e4h,061h,0a8h,010h,075h,0fah,087h,0dbh
       87 DB
 E798  E4 61 A8 10 74 FA      C  DB 0e4h,061h,0a8h,010h,074h,0fah,0e2h,0e4h
       E2 E4
 E7A0  EB D2 B4 80 EB 02      C  DB 0ebh,0d2h,0b4h,080h,0ebh,002h,032h,0e4h
       32 E4
 E7A8  8A C3 5B C3 53 8A      C  DB 08ah,0c3h,05bh,0c3h,053h,08ah,0f8h,00bh
       F8 0B
 E7B0  C9 75 0D 59 FE CD      C  DB 0c9h,075h,00dh,059h,0feh,0cdh,051h,080h
       51 80
 E7B8  FD FF 74 27 33 C9      C  DB 0fdh,0ffh,074h,027h,033h,0c9h,087h,0dbh
       87 DB
 E7C0  EC 8A D8 22 C4 3A      C  DB 0ech,08ah,0d8h,022h,0c4h,03ah,0c7h,074h
       C7 74
 E7C8  1E E4 61 A8 10 75      C  DB 01eh,0e4h,061h,0a8h,010h,075h,0f1h,090h
       F1 90
 E7D0  EC 8A D8 22 C4 3A      C  DB 0ech,08ah,0d8h,022h,0c4h,03ah,0c7h,074h
       C7 74
 E7D8  0E E4 61 A8 10 74      C  DB 00eh,0e4h,061h,0a8h,010h,074h,0f1h,0e2h
       F1 E2
 E7E0  DF EB CC B4 80 EB      C  DB 0dfh,0ebh,0cch,0b4h,080h,0ebh,002h,032h
       02 32
 E7E8  E4 8A C3 5B C3 53      C  DB 0e4h,08ah,0c3h,05bh,0c3h,053h,08ah,0f8h
       8A F8
 E7F0  0B C9 75 0C 59 FE      C  DB 00bh,0c9h,075h,00ch,059h,0feh,0cdh,051h
       CD 51
 E7F8  80 FD FF 74 17 33      C  DB 080h,0fdh,0ffh,074h,017h,033h,0c9h,090h
       C9 90
 E800  51 B9 06 00 EC 8A      C  DB 051h,0b9h,006h,000h,0ech,08ah,0d8h,022h
       D8 22
 E808  C4 3A C7 74 0B E2      C  DB 0c4h,03ah,0c7h,074h,00bh,0e2h,0f5h,059h
       F5 59
 E810  E2 EE EB DC B4 80      C  DB 0e2h,0eeh,0ebh,0dch,0b4h,080h,0ebh,003h
       EB 03
 E818  59 32 E4 8A C3 5B      C  DB 059h,032h,0e4h,08ah,0c3h,05bh,0c3h,0e8h
       C3 E8
 E820  71 40 CB 72 64 20      C  DB 071h,040h,0cbh,072h,064h,020h,0e8h,05fh
       E8 5F
 E828  C0 CB EB F3 72 65      C  DB 0c0h,0cbh,0ebh,0f3h,072h,065h,0ebh,001h
       EB 01
 E830  90 1E 56 51 BE 40      C  DB 090h,01eh,056h,051h,0beh,040h,000h,08eh
       00 8E
 E838  DE 8A CC BE 1A 00      C  DB 0deh,08ah,0cch,0beh,01ah,000h,0f6h,0c4h
       F6 C4
 E840  EF 75 27 51 E8 3C      C  DB 0efh,075h,027h,051h,0e8h,03ch,0e1h,059h
       E1 59
 E848  FA 8B 04 3B 44 02      C  DB 0fah,08bh,004h,03bh,044h,002h,075h,010h
       75 10
 E850  B8 02 90 CD 15 FB      C  DB 0b8h,002h,090h,0cdh,015h,0fbh,0e7h,0e1h
       E7 E1
 E858  FA 8B 04 3B 44 02      C  DB 0fah,08bh,004h,03bh,044h,002h,074h,0f5h
       74 F5
 E860  E8 9D 00 E8 AF 00      C  DB 0e8h,09dh,000h,0e8h,0afh,000h,072h,0e0h
       72 E0
 E868  EB 52 F6 C4 EE 75      C  DB 0ebh,052h,0f6h,0c4h,0eeh,075h,025h,051h
       25 51
 E870  E8 10 E1 59 FA 8B      C  DB 0e8h,010h,0e1h,059h,0fah,08bh,004h,03bh
       04 3B
 E878  44 02 96 8B 34 96      C  DB 044h,002h,096h,08bh,034h,096h,074h,00dh
       74 0D
 E880  9C E8 91 00 73 06      C  DB 09ch,0e8h,091h,000h,073h,006h,09dh,0e8h
       9D E8
 E888  76 00 EB E9 9D 59      C  DB 076h,000h,0ebh,0e9h,09dh,059h,05eh,01fh
       5E 1F
 E890  FB CA 02 00 F6 C4      C  DB 0fbh,0cah,002h,000h,0f6h,0c4h,0edh,075h
       ED 75
 E898  28 F6 C4 10 B4 00      C  DB 028h,0f6h,0c4h,010h,0b4h,000h,074h,019h
       74 19
 E8A0  8A 26 18 00 80 E4      C  DB 08ah,026h,018h,000h,080h,0e4h,07fh,0f6h
       7F F6
 E8A8  C4 04 74 03 80 CC      C  DB 0c4h,004h,074h,003h,080h,0cch,080h,080h
       80 80
 E8B0  E4 F3 A0 96 00 24      C  DB 0e4h,0f3h,0a0h,096h,000h,024h,00ch,00ah
       0C 0A
 E8B8  E0 A0 17 00 59 5E      C  DB 0e0h,0a0h,017h,000h,059h,05eh,01fh,0fbh
       1F FB
 E8C0  CF 80 FC 03 75 20      C  DB 0cfh,080h,0fch,003h,075h,020h,032h,0e4h
       32 E4
 E8C8  3C 05 75 F0 F7 C3      C  DB 03ch,005h,075h,0f0h,0f7h,0c3h,0e0h,0fch
       E0 FC
 E8D0  75 EA B0 F3 E8 19      C  DB 075h,0eah,0b0h,0f3h,0e8h,019h,0e1h,0b1h
       E1 B1
 E8D8  05 8A C7 D2 E0 0A      C  DB 005h,08ah,0c7h,0d2h,0e0h,00ah,0c3h,050h
       C3 50
 E8E0  E8 0D E1 58 EB D6      C  DB 0e8h,00dh,0e1h,058h,0ebh,0d6h,080h,0ech
       80 EC
 E8E8  12 80 FC F3 75 CE      C  DB 012h,080h,0fch,0f3h,075h,0ceh,059h,0e8h
       59 E8
 E8F0  72 E0 74 04 33 C0      C  DB 072h,0e0h,074h,004h,033h,0c0h,0ebh,096h
       EB 96
 E8F8  B8 01 00 F9 EB 90      C  DB 0b8h,001h,000h,0f9h,0ebh,090h,087h,0dbh
       87 DB
 E900  8B 04 05 02 00 3B      C  DB 08bh,004h,005h,002h,000h,03bh,006h,082h
       06 82
 E908  00 72 03 A1 80 00      C  DB 000h,072h,003h,0a1h,080h,000h,087h,004h
       87 04
 E910  96 8B 34 96 C3 F6      C  DB 096h,08bh,034h,096h,0c3h,0f6h,0c1h,010h
       C1 10
 E918  75 24 80 FC E0 75      C  DB 075h,024h,080h,0fch,0e0h,075h,00eh,0b4h
       0E B4
 E920  1C 3C 0D 74 2A 3C      C  DB 01ch,03ch,00dh,074h,02ah,03ch,00ah,074h
       0A 74
 E928  26 B4 35 EB 22 80      C  DB 026h,0b4h,035h,0ebh,022h,080h,0fch,084h
       FC 84
 E930  77 1B 3C E0 75 08      C  DB 077h,01bh,03ch,0e0h,075h,008h,00ah,0e4h
       0A E4
 E938  74 15 32 C0 EB 11      C  DB 074h,015h,032h,0c0h,0ebh,011h,03ch,0f0h
       3C F0
 E940  75 0D 0A E4 74 09      C  DB 075h,00dh,00ah,0e4h,074h,009h,032h,0c0h
       32 C0
 E948  F6 C1 10 75 02 F9      C  DB 0f6h,0c1h,010h,075h,002h,0f9h,0c3h,0f8h
       C3 F8
 E950  C3 87 DB 90 E4 61      C  DB 0c3h,087h,0dbh,090h,0e4h,061h,0e7h,0e1h
       E7 E1
 E958  0C 0C E6 61 C3 63      C  DB 00ch,00ch,0e6h,061h,0c3h,063h,02eh,020h
       2E 20
 E960  41 77 61 72 64 20      C  DB 041h,077h,061h,072h,064h,020h,053h,06fh
       53 6F
 E968  66 74 77 61 72 65      C  DB 066h,074h,077h,061h,072h,065h,020h,049h
       20 49
 E970  6E 63 2E 20 41 77      C  DB 06eh,063h,02eh,020h,041h,077h,061h,072h
       61 72
 E978  64 20 53 6F 66 74      C  DB 064h,020h,053h,06fh,066h,074h,077h,061h
       77 61
 E980  72 65 20 49 6E 63      C  DB 072h,065h,020h,049h,06eh,063h,02eh,0e9h
       2E E9
 E988  06 DA 87 DB E6 70      C  DB 006h,0dah,087h,0dbh,0e6h,070h,0e3h,000h
       E3 00
 E990  E3 00 87 DB E4 71      C  DB 0e3h,000h,087h,0dbh,0e4h,071h,0e3h,000h
       E3 00
 E998  E3 00 C3 90 E6 70      C  DB 0e3h,000h,0c3h,090h,0e6h,070h,0e3h,000h
       E3 00
 E9A0  E3 00 86 C4 E6 71      C  DB 0e3h,000h,086h,0c4h,0e6h,071h,0e3h,000h
       E3 00
 E9A8  E3 00 C3 53 59 53      C  DB 0e3h,000h,0c3h,053h,059h,053h,054h,045h
       54 45
 E9B0  4D 20 48 41 4C 54      C  DB 04dh,020h,048h,041h,04ch,054h,045h,044h
       45 44
 E9B8  2C 20 28 43 54 52      C  DB 02ch,020h,028h,043h,054h,052h,04ch,02dh
       4C 2D
 E9C0  41 4C 54 5F 44 45      C  DB 041h,04ch,054h,05fh,044h,045h,04ch,029h
       4C 29
 E9C8  20 54 4F 20 52 45      C  DB 020h,054h,04fh,020h,052h,045h,042h,04fh
       42 4F
 E9D0  4F 54 2E 2E 2E 0D      C  DB 04fh,054h,02eh,02eh,02eh,00dh,00ah,000h
       0A 00
 E9D8  0D 0A 50 52 45 53      C  DB 00dh,00ah,050h,052h,045h,053h,053h,020h
       53 20
 E9E0  46 31 20 54 4F 20      C  DB 046h,031h,020h,054h,04fh,020h,044h,049h
       44 49
 E9E8  53 41 42 4C 45 20      C  DB 053h,041h,042h,04ch,045h,020h,04eh,04dh
       4E 4D
 E9F0  49 2C 20 46 32 20      C  DB 049h,02ch,020h,046h,032h,020h,054h,04fh
       54 4F
 E9F8  20 52 45 42 4F 4F      C  DB 020h,052h,045h,042h,04fh,04fh,054h,00dh
       54 0D
 EA00  0A 00 49 2F 4F 20      C  DB 00ah,000h,049h,02fh,04fh,020h,043h,048h
       43 48
 EA08  41 4E 4E 45 4C 20      C  DB 041h,04eh,04eh,045h,04ch,020h,043h,048h
       43 48
 EA10  45 43 4B 20 2D 20      C  DB 045h,043h,04bh,020h,02dh,020h,043h,048h
       43 48
 EA18  45 43 4B 49 4E 47      C  DB 045h,043h,04bh,049h,04eh,047h,020h,046h
       20 46
 EA20  4F 52 20 53 45 47      C  DB 04fh,052h,020h,053h,045h,047h,04dh,045h
       4D 45
 EA28  4E 54 2E 2E 2E 0D      C  DB 04eh,054h,02eh,02eh,02eh,00dh,00ah,000h
       0A 00
 EA30  52 41 4D 20 50 41      C  DB 052h,041h,04dh,020h,050h,041h,052h,049h
       52 49
 EA38  54 59 20 45 52 52      C  DB 054h,059h,020h,045h,052h,052h,04fh,052h
       4F 52
 EA40  20 2D 20 43 48 45      C  DB 020h,02dh,020h,043h,048h,045h,043h,04bh
       43 4B
 EA48  49 4E 47 20 46 4F      C  DB 049h,04eh,047h,020h,046h,04fh,052h,020h
       52 20
 EA50  53 45 47 4D 45 4E      C  DB 053h,045h,047h,04dh,045h,04eh,054h,02eh
       54 2E
 EA58  2E 2E 0D 0A 00 4F      C  DB 02eh,02eh,00dh,00ah,000h,04fh,046h,046h
       46 46
 EA60  45 4E 44 49 4E 47      C  DB 045h,04eh,044h,049h,04eh,047h,020h,041h
       20 41
 EA68  44 44 52 45 53 53      C  DB 044h,044h,052h,045h,053h,053h,020h,04eh
       20 4E
 EA70  4F 54 20 46 4F 55      C  DB 04fh,054h,020h,046h,04fh,055h,04eh,044h
       4E 44
 EA78  0D 0A 00 4F 46 46      C  DB 00dh,00ah,000h,04fh,046h,046h,045h,04eh
       45 4E
 EA80  44 49 4E 47 20 53      C  DB 044h,049h,04eh,047h,020h,053h,045h,047h
       45 47
 EA88  4D 45 4E 54 3A 20      C  DB 04dh,045h,04eh,054h,03ah,020h,00dh,00ah
       0D 0A
 EA90  00 44 49 53 4B 20      C  DB 000h,044h,049h,053h,04bh,020h,042h,04fh
       42 4F
 EA98  4F 54 20 46 41 49      C  DB 04fh,054h,020h,046h,041h,049h,04ch,055h
       4C 55
 EAA0  52 45 2C 20 49 4E      C  DB 052h,045h,02ch,020h,049h,04eh,053h,045h
       53 45
 EAA8  52 54 20 53 59 53      C  DB 052h,054h,020h,053h,059h,053h,054h,045h
       54 45
 EAB0  4D 20 44 49 53 4B      C  DB 04dh,020h,044h,049h,053h,04bh,020h,041h
       20 41
 EAB8  4E 44 20 50 52 45      C  DB 04eh,044h,020h,050h,052h,045h,053h,053h
       53 53
 EAC0  20 45 4E 54 45 52      C  DB 020h,045h,04eh,054h,045h,052h,00dh,00ah
       0D 0A
 EAC8  00 50 52 45 53 53      C  DB 000h,050h,052h,045h,053h,053h,020h,041h
       20 41
 EAD0  20 4B 45 59 20 54      C  DB 020h,04bh,045h,059h,020h,054h,04fh,020h
       4F 20
 EAD8  52 45 42 4F 4F 54      C  DB 052h,045h,042h,04fh,04fh,054h,00dh,00ah
       0D 0A
 EAE0  00 20 53 6F 66 74      C  DB 000h,020h,053h,06fh,066h,074h,077h,061h
       77 61
 EAE8  72 65 20 49 6E 63      C  DB 072h,065h,020h,049h,06eh,063h,02eh,020h
       2E 20
 EAF0  41 77 61 72 64 20      C  DB 041h,077h,061h,072h,064h,020h,053h,06fh
       53 6F
 EAF8  66 74 77 61 72 65      C  DB 066h,074h,077h,061h,072h,065h,020h,049h
       20 49
 EB00  45 AA AA AA AA AA      C  DB 045h,0aah,0aah,0aah,0aah,0aah,0aah,0aah
       AA AA
 EB08  AA AA AA AA AA AA      C  DB 0aah,0aah,0aah,0aah,0aah,0aah,0aah,0aah
       AA AA
 EB10  AA AA AA AA AA AA      C  DB 0aah,0aah,0aah,0aah,0aah,0aah,0aah,0aah
       AA AA
 EB18  AA AA AA AA AA AA      C  DB 0aah,0aah,0aah,0aah,0aah,0aah,0aah,0aah
       AA AA
 EB20  AA AA AA AA AA AA      C  DB 0aah,0aah,0aah,0aah,0aah,0aah,0aah,0aah
       AA AA
 EB28  AA AA AA AA AA AA      C  DB 0aah,0aah,0aah,0aah,0aah,0aah,0aah,0aah
       AA AA
 EB30  AA AA AA AA AA AA      C  DB 0aah,0aah,0aah,0aah,0aah,0aah,0aah,0aah
       AA AA
 EB38  AA AA AA AA AA AA      C  DB 0aah,0aah,0aah,0aah,0aah,0aah,0aah,0aah
       AA AA
 EB40  AA AA 4D 65 6D 6F      C  DB 0aah,0aah,04dh,065h,06dh,06fh,072h,079h
       72 79
 EB48  20 54 65 73 74 20      C  DB 020h,054h,065h,073h,074h,020h,03ah,020h
       3A 20
 EB50  00 4B 20 4F 4B 00      C  DB 000h,04bh,020h,04fh,04bh,000h,04bh,03ah
       4B 3A
 EB58  20 00 20 43 50 55      C  DB 020h,000h,020h,043h,050h,055h,020h,061h
       20 61
 EB60  74 20 00 44 69 73      C  DB 074h,020h,000h,044h,069h,073h,070h,06ch
       70 6C
 EB68  61 79 20 73 77 69      C  DB 061h,079h,020h,073h,077h,069h,074h,063h
       74 63
 EB70  68 20 69 73 20 73      C  DB 068h,020h,069h,073h,020h,073h,065h,074h
       65 74
 EB78  20 69 6E 63 6F 72      C  DB 020h,069h,06eh,063h,06fh,072h,072h,065h
       72 65
 EB80  63 74 6C 79 2E 00      C  DB 063h,074h,06ch,079h,02eh,000h,04bh,065h
       4B 65
 EB88  79 62 6F 61 72 64      C  DB 079h,062h,06fh,061h,072h,064h,020h,069h
       20 69
 EB90  73 20 6C 6F 63 6B      C  DB 073h,020h,06ch,06fh,063h,06bh,065h,064h
       65 64
 EB98  20 6F 75 74 20 2D      C  DB 020h,06fh,075h,074h,020h,02dh,020h,055h
       20 55
 EBA0  6E 6C 6F 63 6B 20      C  DB 06eh,06ch,06fh,063h,06bh,020h,074h,068h
       74 68
 EBA8  65 20 6B 65 79 00      C  DB 065h,020h,06bh,065h,079h,000h,04bh,065h
       4B 65
 EBB0  79 62 6F 61 72 64      C  DB 079h,062h,06fh,061h,072h,064h,020h,065h
       20 65
 EBB8  72 72 6F 72 20 6F      C  DB 072h,072h,06fh,072h,020h,06fh,072h,020h
       72 20
 EBC0  6E 6F 20 6B 65 79      C  DB 06eh,06fh,020h,06bh,065h,079h,062h,06fh
       62 6F
 EBC8  61 72 64 20 70 72      C  DB 061h,072h,064h,020h,070h,072h,065h,073h
       65 73
 EBD0  65 6E 74 00 4D 61      C  DB 065h,06eh,074h,000h,04dh,061h,06eh,075h
       6E 75
 EBD8  66 61 63 74 75 72      C  DB 066h,061h,063h,074h,075h,072h,069h,06eh
       69 6E
 EBE0  67 20 50 4F 53 54      C  DB 067h,020h,050h,04fh,053h,054h,020h,06ch
       20 6C
 EBE8  6F 6F 70 00 52 4F      C  DB 06fh,06fh,070h,000h,052h,04fh,04dh,000h
       4D 00
 EBF0  42 49 4F 53 20 52      C  DB 042h,049h,04fh,053h,020h,052h,04fh,04dh
       4F 4D
 EBF8  20 63 68 65 63 6B      C  DB 020h,063h,068h,065h,063h,06bh,073h,075h
       73 75
 EC00  6D 20 65 72 72 6F      C  DB 06dh,020h,065h,072h,072h,06fh,072h,020h
       72 20
 EC08  2D 20 53 79 73 74      C  DB 02dh,020h,053h,079h,073h,074h,065h,06dh
       65 6D
 EC10  20 68 61 6C 74 65      C  DB 020h,068h,061h,06ch,074h,065h,064h,000h
       64 00
 EC18  4D 65 6D 6F 72 79      C  DB 04dh,065h,06dh,06fh,072h,079h,020h,074h
       20 74
 EC20  65 73 74 20 66 61      C  DB 065h,073h,074h,020h,066h,061h,069h,06ch
       69 6C
 EC28  00 65 20 49 6E 63      C  DB 000h,065h,020h,049h,06eh,063h,02eh,020h
       2E 20
 EC30  41 77 61 72 64 20      C  DB 041h,077h,061h,072h,064h,020h,053h,06fh
       53 6F
 EC38  66 74 77 61 72 65      C  DB 066h,074h,077h,061h,072h,065h,020h,049h
       20 49
 EC40  6E 63 2E 20 41 77      C  DB 06eh,063h,02eh,020h,041h,077h,061h,072h
       61 72
 EC48  64 20 53 6F 66 74      C  DB 064h,020h,053h,06fh,066h,074h,077h,061h
       77 61
 EC50  72 65 20 49 6E 63      C  DB 072h,065h,020h,049h,06eh,063h,02eh,020h
       2E 20
 EC58  41 E9 E8 BE 64 20      C  DB 041h,0e9h,0e8h,0beh,064h,020h,053h,06fh
       53 6F
 EC60  AA 1E 14 61 72 65      C  DB 0aah,01eh,014h,061h,072h,065h,020h,049h
       20 49
 EC68  6E 63 2E 20 41 77      C  DB 06eh,063h,02eh,020h,041h,077h,061h,072h
       61 72
 EC70  25 30 33 2F 30 38      C  DB 025h,030h,033h,02fh,030h,038h,02fh,039h
       2F 39
 EC78  35 2D 53 49 53 2D      C  DB 035h,02dh,053h,049h,053h,02dh,038h,035h
       38 35
 EC80  43 34 37 31 42 2F      C  DB 043h,034h,037h,031h,042h,02fh,045h,02fh
       45 2F
 EC88  47 2D 32 43 34 49      C  DB 047h,02dh,032h,043h,034h,049h,039h,053h
       39 53
 EC90  32 31 2D 30 30 00      C  DB 032h,031h,02dh,030h,030h,000h,003h,0e9h
       03 E9
 EC98  2C F6 CF 1E 50 B8      C  DB 02ch,0f6h,0cfh,01eh,050h,0b8h,040h,000h
       40 00
 ECA0  8E D8 F7 06 15 00      C  DB 08eh,0d8h,0f7h,006h,015h,000h,008h,000h
       08 00
 ECA8  58 1F C3 72 64 20      C  DB 058h,01fh,0c3h,072h,064h,020h,053h,06fh
       53 6F
 ECB0  66 74 77 61 72 65      C  DB 066h,074h,077h,061h,072h,065h,020h,049h
       20 49
 ECB8  6E 63 2E 20 41 77      C  DB 06eh,063h,02eh,020h,041h,077h,061h,072h
       61 72
 ECC0  64 20 53 6F 66 74      C  DB 064h,020h,053h,06fh,066h,074h,077h,061h
       77 61
 ECC8  72 65 20 49 6E 63      C  DB 072h,065h,020h,049h,06eh,063h,02eh,020h
       2E 20
 ECD0  3A A8 0C AA 95 80      C  DB 03ah,0a8h,00ch,0aah,095h,080h,095h,080h
       95 80
 ECD8  AA 74 77 61 72 65      C  DB 0aah,074h,077h,061h,072h,065h,020h,049h
       20 49
 ECE0  32 43 34 49 39 53      C  DB 032h,043h,034h,049h,039h,053h,032h,031h
       32 31
 ECE8  00 20 20 20 00 00      C  DB 000h,020h,020h,020h,000h,000h,077h,061h
       77 61
 ECF0  E9 E1 CA 50 B0 20      C  DB 0e9h,0e1h,0cah,050h,0b0h,020h,0e6h,0a0h
       E6 A0
 ECF8  58 CD 0A CF 64 20      C  DB 058h,0cdh,00ah,0cfh,064h,020h,053h,06fh
       53 6F
 ED00  50 1E B8 40 00 8E      C  DB 050h,01eh,0b8h,040h,000h,08eh,0d8h,080h
       D8 80
 ED08  0E 8E 00 BF 52 BA      C  DB 00eh,08eh,000h,0bfh,052h,0bah,0f7h,001h
       F7 01
 ED10  EC 5A E7 E1 B0 20      C  DB 0ech,05ah,0e7h,0e1h,0b0h,020h,0e6h,0a0h
       E6 A0
 ED18  E7 E1 E6 20 B8 00      C  DB 0e7h,0e1h,0e6h,020h,0b8h,000h,091h,01fh
       91 1F
 ED20  CD 15 58 CF 50 1E      C  DB 0cdh,015h,058h,0cfh,050h,01eh,0b8h,040h
       B8 40
 ED28  00 8E D8 80 0E 8E      C  DB 000h,08eh,0d8h,080h,00eh,08eh,000h,040h
       00 40
 ED30  52 BA 77 01 EB DA      C  DB 052h,0bah,077h,001h,0ebh,0dah,087h,0dbh
       87 DB
 ED38  2E F6 06 E2 FF C0      C  DB 02eh,0f6h,006h,0e2h,0ffh,0c0h,074h,008h
       74 08
 ED40  79 36 EB 64 90 87      C  DB 079h,036h,0ebh,064h,090h,087h,0dbh,090h
       DB 90
 ED48  0B C9 75 08 0A FF      C  DB 00bh,0c9h,075h,008h,00ah,0ffh,074h,01eh
       74 1E
 ED50  FE CF 87 DB 26 84      C  DB 0feh,0cfh,087h,0dbh,026h,084h,025h,075h
       25 75
 ED58  19 87 DB 90 E4 61      C  DB 019h,087h,0dbh,090h,0e4h,061h,0a8h,010h
       A8 10
 ED60  75 FA 87 DB E4 61      C  DB 075h,0fah,087h,0dbh,0e4h,061h,0a8h,010h
       A8 10
 ED68  74 FA E2 E8 EB DA      C  DB 074h,0fah,0e2h,0e8h,0ebh,0dah,0b4h,080h
       B4 80
 ED70  EB 02 32 E4 C3 87      C  DB 0ebh,002h,032h,0e4h,0c3h,087h,0dbh,090h
       DB 90
 ED78  0B C9 75 08 0A FF      C  DB 00bh,0c9h,075h,008h,00ah,0ffh,074h,01fh
       74 1F
 ED80  FE CF 87 DB 26 84      C  DB 0feh,0cfh,087h,0dbh,026h,084h,025h,075h
       25 75
 ED88  1A E4 61 A8 10 75      C  DB 01ah,0e4h,061h,0a8h,010h,075h,0f5h,090h
       F5 90
 ED90  26 84 25 75 0E E4      C  DB 026h,084h,025h,075h,00eh,0e4h,061h,0a8h
       61 A8
 ED98  10 74 F5 E2 E7 EB      C  DB 010h,074h,0f5h,0e2h,0e7h,0ebh,0d9h,0b4h
       D9 B4
 EDA0  80 EB 02 32 E4 C3      C  DB 080h,0ebh,002h,032h,0e4h,0c3h,087h,0dbh
       87 DB
 EDA8  0B C9 75 08 0A FF      C  DB 00bh,0c9h,075h,008h,00ah,0ffh,074h,014h
       74 14
 EDB0  FE CF 87 DB 51 B9      C  DB 0feh,0cfh,087h,0dbh,051h,0b9h,008h,000h
       08 00
 EDB8  26 84 25 75 0B E2      C  DB 026h,084h,025h,075h,00bh,0e2h,0f9h,059h
       F9 59
 EDC0  E2 F2 EB E4 B4 80      C  DB 0e2h,0f2h,0ebh,0e4h,0b4h,080h,0ebh,003h
       EB 03
 EDC8  59 32 E4 C3 2E F6      C  DB 059h,032h,0e4h,0c3h,02eh,0f6h,006h,0e2h
       06 E2
 EDD0  FF C0 74 05 79 03      C  DB 0ffh,0c0h,074h,005h,079h,003h,0ebh,01dh
       EB 1D
 EDD8  90 50 87 DB E4 61      C  DB 090h,050h,087h,0dbh,0e4h,061h,0a8h,010h
       A8 10
 EDE0  74 FA 87 DB E4 61      C  DB 074h,0fah,087h,0dbh,0e4h,061h,0a8h,010h
       A8 10
 EDE8  75 FA E2 F0 0B DB      C  DB 075h,0fah,0e2h,0f0h,00bh,0dbh,074h,003h
       74 03
 EDF0  4B EB E9 58 C3 50      C  DB 04bh,0ebh,0e9h,058h,0c3h,050h,087h,0dbh
       87 DB
 EDF8  51 B9 0F 00 E2 FE      C  DB 051h,0b9h,00fh,000h,0e2h,0feh,059h,0e2h
       59 E2
 EE00  F7 0B DB 74 03 4B      C  DB 0f7h,00bh,0dbh,074h,003h,04bh,0ebh,0f0h
       EB F0
 EE08  58 C3 87 DB 51 53      C  DB 058h,0c3h,087h,0dbh,051h,053h,01eh,00eh
       1E 0E
 EE10  1F 87 DB 90 AC 0A      C  DB 01fh,087h,0dbh,090h,0ach,00ah,0c0h,00fh
       C0 0F
 EE18  84 05 00 E8 35 00      C  DB 084h,005h,000h,0e8h,035h,000h,0ebh,0f4h
       EB F4
 EE20  1F 5B 59 C3 55 8B      C  DB 01fh,05bh,059h,0c3h,055h,08bh,0ech,08bh
       EC 8B
 EE28  56 04 5D 8A C6 E8      C  DB 056h,004h,05dh,08ah,0c6h,0e8h,002h,000h
       02 00
 EE30  8A C2 B1 04 BB F0      C  DB 08ah,0c2h,0b1h,004h,0bbh,0f0h,002h,090h
       02 90
 EE38  50 22 C3 D2 E8 3C      C  DB 050h,022h,0c3h,0d2h,0e8h,03ch,009h,076h
       09 76
 EE40  02 04 07 04 30 E8      C  DB 002h,004h,007h,004h,030h,0e8h,00bh,000h
       0B 00
 EE48  58 D2 EB 80 E9 04      C  DB 058h,0d2h,0ebh,080h,0e9h,004h,0feh,0cfh
       FE CF
 EE50  75 E6 C3 50 53 B4      C  DB 075h,0e6h,0c3h,050h,053h,0b4h,00eh,0bbh
       0E BB
 EE58  03 00 CD 10 5B 58      C  DB 003h,000h,0cdh,010h,05bh,058h,0c3h,090h
       C3 90
 EE60  FA 9C 1E BB 40 00      C  DB 0fah,09ch,01eh,0bbh,040h,000h,08eh,0dbh
       8E DB
 EE68  0A F6 74 0C B3 06      C  DB 00ah,0f6h,074h,00ch,0b3h,006h,0e8h,01bh
       E8 1B
 EE70  00 E2 FE FE CE 75      C  DB 000h,0e2h,0feh,0feh,0ceh,075h,0f5h,090h
       F5 90
 EE78  B3 01 E8 0F 00 E2      C  DB 0b3h,001h,0e8h,00fh,000h,0e2h,0feh,0feh
       FE FE
 EE80  CA 75 F5 E2 FE E2      C  DB 0cah,075h,0f5h,0e2h,0feh,0e2h,0feh,01fh
       FE 1F
 EE88  9D FB C3 90 B9 33      C  DB 09dh,0fbh,0c3h,090h,0b9h,033h,005h,0b0h
       05 B0
 EE90  B6 E6 43 8B C1 E7      C  DB 0b6h,0e6h,043h,08bh,0c1h,0e7h,0e1h,0e6h
       E1 E6
 EE98  42 8A C4 E7 E1 E6      C  DB 042h,08ah,0c4h,0e7h,0e1h,0e6h,042h,0e4h
       42 E4
 EEA0  61 8A E0 0C 03 E7      C  DB 061h,08ah,0e0h,00ch,003h,0e7h,0e1h,0e6h
       E1 E6
 EEA8  61 33 C9 90 E2 FE      C  DB 061h,033h,0c9h,090h,0e2h,0feh,0feh,0cbh
       FE CB
 EEB0  75 FA 8A C4 E6 61      C  DB 075h,0fah,08ah,0c4h,0e6h,061h,0c3h,01eh
       C3 1E
 EEB8  B8 40 00 8E D8 66      C  DB 0b8h,040h,000h,08eh,0d8h,066h,033h,0c0h
       33 C0
 EEC0  A1 10 00 1F CF 05      C  DB 0a1h,010h,000h,01fh,0cfh,005h,000h,017h
       00 17
 EEC8  08 50 72 65 73 73      C  DB 008h,050h,072h,065h,073h,073h,020h,006h
       20 06
 EED0  46 31 08 20 74 6F      C  DB 046h,031h,008h,020h,074h,06fh,020h,063h
       20 63
 EED8  6F 6E 74 69 6E 75      C  DB 06fh,06eh,074h,069h,06eh,075h,065h,02ch
       65 2C
 EEE0  04 FF FF F9 EE 20      C  DB 004h,0ffh,0ffh,0f9h,0eeh,020h,020h,020h
       20 20
 EEE8  20 20 20 00 05 0E      C  DB 020h,020h,020h,000h,005h,00eh,0ffh,000h
       FF 00
 EEF0  05 00 17 08 50 72      C  DB 005h,000h,017h,008h,050h,072h,065h,073h
       65 73
 EEF8  73 20 06 44 45 4C      C  DB 073h,020h,006h,044h,045h,04ch,008h,020h
       08 20
 EF00  74 6F 20 65 6E 74      C  DB 074h,06fh,020h,065h,06eh,074h,065h,072h
       65 72
 EF08  20 53 45 54 55 50      C  DB 020h,053h,045h,054h,055h,050h,000h,046h
       00 46
 EF10  6C 6F 70 70 79 20      C  DB 06ch,06fh,070h,070h,079h,020h,064h,069h
       64 69
 EF18  73 6B 28 73 29 20      C  DB 073h,06bh,028h,073h,029h,020h,066h,061h
       66 61
 EF20  69 6C 20 28 20 20      C  DB 069h,06ch,020h,028h,020h,020h,029h,00dh
       29 0D
 EF28  03 00 48 61 72 64      C  DB 003h,000h,048h,061h,072h,064h,020h,064h
       20 64
 EF30  69 73 6B 28 73 29      C  DB 069h,073h,06bh,028h,073h,029h,020h,066h
       20 66
 EF38  61 69 6C 20 28 20      C  DB 061h,069h,06ch,020h,028h,020h,020h,029h
       20 29
 EF40  0D 03 00 6F 66 74      C  DB 00dh,003h,000h,06fh,066h,074h,077h,061h
       77 61
 EF48  72 65 20 49 6E 63      C  DB 072h,065h,020h,049h,06eh,063h,02eh,020h
       2E 20
 EF50  41 77 61 72 64 20      C  DB 041h,077h,061h,072h,064h,020h,053h,050h
       53 50
 EF58  1E B8 40 00 8E D8      C  DB 01eh,0b8h,040h,000h,08eh,0d8h,080h,00eh
       80 0E
 EF60  3E 00 80 B0 20 E6      C  DB 03eh,000h,080h,0b0h,020h,0e6h,020h,0b8h
       20 B8
 EF68  01 91 1F CD 15 58      C  DB 001h,091h,01fh,0cdh,015h,058h,0cfh,01eh
       CF 1E
 EF70  50 51 B8 40 00 8E      C  DB 050h,051h,0b8h,040h,000h,08eh,0d8h,0b0h
       D8 B0
 EF78  0B E6 20 E7 E1 E4      C  DB 00bh,0e6h,020h,0e7h,0e1h,0e4h,020h,0e7h
       20 E7
 EF80  E1 8A E0 0A C0 74      C  DB 0e1h,08ah,0e0h,00ah,0c0h,074h,032h,0b0h
       32 B0
 EF88  0B E6 A0 E7 E1 E4      C  DB 00bh,0e6h,0a0h,0e7h,0e1h,0e4h,0a0h,0e7h
       A0 E7
 EF90  E1 8A C8 0A C0 74      C  DB 0e1h,08ah,0c8h,00ah,0c0h,074h,010h,0e4h
       10 E4
 EF98  A1 E7 E1 0A C1 E6      C  DB 0a1h,0e7h,0e1h,00ah,0c1h,0e6h,0a1h,0e7h
       A1 E7
 EFA0  E1 B0 20 E6 A0 EB      C  DB 0e1h,0b0h,020h,0e6h,0a0h,0ebh,00ah,0e4h
       0A E4
 EFA8  21 0A C4 E7 E1 24      C  DB 021h,00ah,0c4h,0e7h,0e1h,024h,0fbh,0e6h
       FB E6
 EFB0  21 B0 20 E7 E1 E6      C  DB 021h,0b0h,020h,0e7h,0e1h,0e6h,020h,0ebh
       20 EB
 EFB8  02 B4 FF 88 26 6B      C  DB 002h,0b4h,0ffh,088h,026h,06bh,000h,059h
       00 59
 EFC0  58 1F CF 49 6E 63      C  DB 058h,01fh,0cfh,049h,06eh,063h,02eh,0dfh
       2E DF
 EFC8  02 25 02 12 1B FF      C  DB 002h,025h,002h,012h,01bh,0ffh,054h,0f6h
       54 F6
 EFD0  0F 08 E9 5A 04 03      C  DB 00fh,008h,0e9h,05ah,004h,003h,000h,016h
       00 16
 EFD8  4F 18 00 05 18 17      C  DB 04fh,018h,000h,005h,018h,017h,008h,020h
       08 20
 EFE0  20 20 20 20 20 20      C  DB 020h,020h,020h,020h,020h,020h,020h,020h
       20 20
 EFE8  20 20 20 20 20 20      C  DB 020h,020h,020h,020h,020h,020h,020h,020h
       20 20
 EFF0  20 20 20 20 20 20      C  DB 020h,020h,020h,020h,020h,020h,020h,020h
       20 20
 EFF8  00 05 18 17 08 2C      C  DB 000h,005h,018h,017h,008h,02ch,020h,006h
       20 06
 F000  45 53 43 08 20 74      C  DB 045h,053h,043h,008h,020h,074h,06fh,020h
       6F 20
 F008  73 6B 69 70 20 6D      C  DB 073h,06bh,069h,070h,020h,06dh,065h,06dh
       65 6D
 F010  6F 72 79 20 74 65      C  DB 06fh,072h,079h,020h,074h,065h,073h,074h
       73 74
 F018  00 77 61 72 64 20      C  DB 000h,077h,061h,072h,064h,020h,053h,06fh
       53 6F
 F020  66 74 77 61 72 65      C  DB 066h,074h,077h,061h,072h,065h,020h,049h
       20 49
 F028  6E 63 2E 20 41 77      C  DB 06eh,063h,02eh,020h,041h,077h,061h,072h
       61 72
 F030  64 20 53 6F 66 74      C  DB 064h,020h,053h,06fh,066h,074h,077h,061h
       77 61
 F038  72 65 20 49 6E 63      C  DB 072h,065h,020h,049h,06eh,063h,02eh,020h
       2E 20
 F040  41 77 61 72 64 20      C  DB 041h,077h,061h,072h,064h,020h,053h,06fh
       53 6F
 F048  66 74 77 61 72 65      C  DB 066h,074h,077h,061h,072h,065h,020h,049h
       20 49
 F050  6E 63 2E 20 41 77      C  DB 06eh,063h,02eh,020h,041h,077h,061h,072h
       61 72
 F058  64 20 53 6F 66 74      C  DB 064h,020h,053h,06fh,066h,074h,077h,061h
       77 61
 F060  72 65 20 49 6E E9      C  DB 072h,065h,020h,049h,06eh,0e9h,0ech,0dch
       EC DC
 F068  41 77 61 72 64 20      C  DB 041h,077h,061h,072h,064h,020h,053h,06fh
       53 6F
 F070  66 74 77 61 72 65      C  DB 066h,074h,077h,061h,072h,065h,020h,049h
       20 49
 F078  6E 63 2E 20 41 77      C  DB 06eh,063h,02eh,020h,041h,077h,061h,072h
       61 72
 F080  64 20 53 6F 66 74      C  DB 064h,020h,053h,06fh,066h,074h,077h,061h
       77 61
 F088  72 65 20 49 6E 63      C  DB 072h,065h,020h,049h,06eh,063h,02eh,020h
       2E 20
 F090  41 77 61 72 64 20      C  DB 041h,077h,061h,072h,064h,020h,053h,06fh
       53 6F
 F098  66 74 77 61 72 65      C  DB 066h,074h,077h,061h,072h,065h,020h,049h
       20 49
 F0A0  6E 63 2E 20 38 28      C  DB 06eh,063h,02eh,020h,038h,028h,02dh,00ah
       2D 0A
 F0A8  1F 06 19 1C 02 07      C  DB 01fh,006h,019h,01ch,002h,007h,006h,007h
       06 07
 F0B0  00 00 00 00 71 50      C  DB 000h,000h,000h,000h,071h,050h,05ah,00ah
       5A 0A
 F0B8  1F 06 19 1C 02 07      C  DB 01fh,006h,019h,01ch,002h,007h,006h,007h
       06 07
 F0C0  00 00 00 00 38 28      C  DB 000h,000h,000h,000h,038h,028h,02dh,00ah
       2D 0A
 F0C8  7F 06 64 70 02 01      C  DB 07fh,006h,064h,070h,002h,001h,006h,007h
       06 07
 F0D0  00 00 00 00 61 50      C  DB 000h,000h,000h,000h,061h,050h,052h,00fh
       52 0F
 F0D8  19 06 19 19 02 0D      C  DB 019h,006h,019h,019h,002h,00dh,00bh,00ch
       0B 0C
 F0E0  00 00 00 00 00 08      C  DB 000h,000h,000h,000h,000h,008h,000h,010h
       00 10
 F0E8  00 40 00 40 28 28      C  DB 000h,040h,000h,040h,028h,028h,050h,050h
       50 50
 F0F0  28 28 50 50 2C 28      C  DB 028h,028h,050h,050h,02ch,028h,02dh,029h
       2D 29
 F0F8  2A 2E 1E 29 50 52      C  DB 02ah,02eh,01eh,029h,050h,052h,032h,0c0h
       32 C0
 F100  E6 F0 B0 20 E7 E1      C  DB 0e6h,0f0h,0b0h,020h,0e7h,0e1h,0e6h,0a0h
       E6 A0
 F108  E7 E1 E6 20 5A 58      C  DB 0e7h,0e1h,0e6h,020h,05ah,058h,0cdh,002h
       CD 02
 F110  CF FA 03 FA 02 EA      C  DB 0cfh,0fah,003h,0fah,002h,0eah,003h,0eah
       03 EA
 F118  02 BC 03 78 03 78      C  DB 002h,0bch,003h,078h,003h,078h,002h,000h
       02 00
 F120  01 27 F1 0F 00 00      C  DB 001h,027h,0f1h,00fh,000h,000h,000h,0b4h
       00 B4
 F128  00 20 00 00 87 00      C  DB 000h,020h,000h,000h,087h,000h,000h,0b4h
       00 B4
 F130  00 20 00 00 87 00      C  DB 000h,020h,000h,000h,087h,000h,000h,0b4h
       00 B4
 F138  00 20 00 00 87 00      C  DB 000h,020h,000h,000h,087h,000h,000h,0b4h
       00 B4
 F140  00 20 00 00 87 00      C  DB 000h,020h,000h,000h,087h,000h,000h,0b4h
       00 B4
 F148  00 20 00 00 87 00      C  DB 000h,020h,000h,000h,087h,000h,000h,0b4h
       00 B4
 F150  00 20 00 00 87 00      C  DB 000h,020h,000h,000h,087h,000h,000h,0b4h
       00 B4
 F158  00 20 00 00 87 00      C  DB 000h,020h,000h,000h,087h,000h,000h,0b4h
       00 B4
 F160  00 20 00 00 87 00      C  DB 000h,020h,000h,000h,087h,000h,000h,0b4h
       00 B4
 F168  00 20 00 00 87 00      C  DB 000h,020h,000h,000h,087h,000h,000h,0b4h
       00 B4
 F170  00 20 00 00 87 00      C  DB 000h,020h,000h,000h,087h,000h,000h,0b4h
       00 B4
 F178  00 20 00 00 87 00      C  DB 000h,020h,000h,000h,087h,000h,000h,0b4h
       00 B4
 F180  00 20 00 00 87 00      C  DB 000h,020h,000h,000h,087h,000h,000h,0b4h
       00 B4
 F188  00 20 00 00 87 00      C  DB 000h,020h,000h,000h,087h,000h,000h,0b4h
       00 B4
 F190  00 20 00 00 87 00      C  DB 000h,020h,000h,000h,087h,000h,000h,0b4h
       00 B4
 F198  00 20 00 00 87 00      C  DB 000h,020h,000h,000h,087h,000h,000h,0b4h
       00 B4
 F1A0  00 20 00 00 87 00      C  DB 000h,020h,000h,000h,087h,000h,000h,0b4h
       00 B4
 F1A8  00 20 00 00 87 00      C  DB 000h,020h,000h,000h,087h,000h,000h,0b4h
       00 B4
 F1B0  00 20 00 00 87 00      C  DB 000h,020h,000h,000h,087h,000h,000h,0b4h
       00 B4
 F1B8  00 20 00 00 87 00      C  DB 000h,020h,000h,000h,087h,000h,000h,0b4h
       00 B4
 F1C0  00 20 00 00 87 00      C  DB 000h,020h,000h,000h,087h,000h,000h,0b4h
       00 B4
 F1C8  00 20 00 00 87 00      C  DB 000h,020h,000h,000h,087h,000h,000h,0b4h
       00 B4
 F1D0  00 20 00 00 87 00      C  DB 000h,020h,000h,000h,087h,000h,000h,0b4h
       00 B4
 F1D8  00 20 00 00 87 00      C  DB 000h,020h,000h,000h,087h,000h,000h,0b4h
       00 B4
 F1E0  00 20 00 00 87 00      C  DB 000h,020h,000h,000h,087h,000h,000h,0b4h
       00 B4
 F1E8  00 20 00 00 87 00      C  DB 000h,020h,000h,000h,087h,000h,000h,0b4h
       00 B4
 F1F0  00 20 00 00 87 00      C  DB 000h,020h,000h,000h,087h,000h,000h,0b4h
       00 B4
 F1F8  00 20 00 00 87 00      C  DB 000h,020h,000h,000h,087h,000h,000h,0b4h
       00 B4
 F200  00 20 00 00 87 00      C  DB 000h,020h,000h,000h,087h,000h,000h,0b4h
       00 B4
 F208  00 20 00 00 87 00      C  DB 000h,020h,000h,000h,087h,000h,000h,0b4h
       00 B4
 F210  00 20 00 00 87 00      C  DB 000h,020h,000h,000h,087h,000h,000h,0b4h
       00 B4
 F218  00 20 00 00 87 00      C  DB 000h,020h,000h,000h,087h,000h,000h,0b4h
       00 B4
 F220  00 20 00 00 87 00      C  DB 000h,020h,000h,000h,087h,000h,000h,000h
       00 00
 F228  E0 00 02 00 40 00      C  DB 0e0h,000h,002h,000h,040h,000h,001h,000h
       01 00
 F230  BB 00 04 00 BB 00      C  DB 0bbh,000h,004h,000h,0bbh,000h,010h,000h
       10 00
 F238  0A 17 04 00 03 80      C  DB 00ah,017h,004h,000h,003h,080h,001h,0c0h
       01 C0
 F240  00 60 00 30 00 18      C  DB 000h,060h,000h,030h,000h,018h,000h,00ch
       00 0C
 F248  00 03 00 05 00 06      C  DB 000h,003h,000h,005h,000h,006h,000h,007h
       00 07
 F250  00 08 00 0A 00 0C      C  DB 000h,008h,000h,00ah,000h,00ch,000h,00eh
       00 0E
 F258  00 B8 03 01 61 00      C  DB 000h,0b8h,003h,001h,061h,000h,0fch,008h
       FC 08
 F260  00 04 D0 00 04 F1      C  DB 000h,004h,0d0h,000h,004h,0f1h,000h,000h
       00 00
 F268  43 00 54 41 00 00      C  DB 043h,000h,054h,041h,000h,000h,00dh,000h
       0D 00
 F270  07 DA 00 07 43 00      C  DB 007h,0dah,000h,007h,043h,000h,040h,041h
       40 41
 F278  00 12 08 00 00 D0      C  DB 000h,012h,008h,000h,000h,0d0h,000h,000h
       00 00
 F280  0B 00 40 D6 00 C0      C  DB 00bh,000h,040h,0d6h,000h,0c0h,0d6h,000h
       D6 00
 F288  41 0B 00 41 D6 00      C  DB 041h,00bh,000h,041h,0d6h,000h,042h,00bh
       42 0B
 F290  00 42 D6 00 43 0B      C  DB 000h,042h,0d6h,000h,043h,00bh,000h,043h
       00 43
 F298  D2 00 00 D4 00 00      C  DB 0d2h,000h,000h,0d4h,000h,000h,020h,000h
       20 00
 F2A0  11 21 00 08 21 00      C  DB 011h,021h,000h,008h,021h,000h,004h,021h
       04 21
 F2A8  00 01 21 00 FF A0      C  DB 000h,001h,021h,000h,0ffh,0a0h,000h,011h
       00 11
 F2B0  A1 00 70 A1 00 02      C  DB 0a1h,000h,070h,0a1h,000h,002h,0a1h,000h
       A1 00
 F2B8  01 A1 00 FF 43 00      C  DB 001h,0a1h,000h,0ffh,043h,000h,036h,040h
       36 40
 F2C0  00 00 40 00 00 00      C  DB 000h,000h,040h,000h,000h,000h,000h,000h
       00 00
 F2C8  00 02 1B 1B 1B 06      C  DB 000h,002h,01bh,01bh,01bh,006h,031h,021h
       31 21
 F2D0  FF 06 32 40 00 06      C  DB 0ffh,006h,032h,040h,000h,006h,033h,023h
       33 23
 F2D8  FF 06 34 24 FF 06      C  DB 0ffh,006h,034h,024h,0ffh,006h,035h,025h
       35 25
 F2E0  FF 06 36 5E 1E 06      C  DB 0ffh,006h,036h,05eh,01eh,006h,037h,026h
       37 26
 F2E8  FF 06 38 2A FF 06      C  DB 0ffh,006h,038h,02ah,0ffh,006h,039h,028h
       39 28
 F2F0  FF 06 30 29 FF 06      C  DB 0ffh,006h,030h,029h,0ffh,006h,02dh,05fh
       2D 5F
 F2F8  1F 06 3D 2B FF 02      C  DB 01fh,006h,03dh,02bh,0ffh,002h,008h,008h
       08 08
 F300  7F 02 09 00 FF 01      C  DB 07fh,002h,009h,000h,0ffh,001h,071h,051h
       71 51
 F308  11 01 77 57 17 01      C  DB 011h,001h,077h,057h,017h,001h,065h,045h
       65 45
 F310  05 01 72 52 12 01      C  DB 005h,001h,072h,052h,012h,001h,074h,054h
       74 54
 F318  14 01 79 59 19 01      C  DB 014h,001h,079h,059h,019h,001h,075h,055h
       75 55
 F320  15 01 69 49 09 01      C  DB 015h,001h,069h,049h,009h,001h,06fh,04fh
       6F 4F
 F328  0F 01 70 50 10 02      C  DB 00fh,001h,070h,050h,010h,002h,05bh,07bh
       5B 7B
 F330  1B 02 5D 7D 1D 02      C  DB 01bh,002h,05dh,07dh,01dh,002h,00dh,00dh
       0D 0D
 F338  0A 00 04 FF FF 01      C  DB 00ah,000h,004h,0ffh,0ffh,001h,061h,041h
       61 41
 F340  01 01 73 53 13 01      C  DB 001h,001h,073h,053h,013h,001h,064h,044h
       64 44
 F348  04 01 66 46 06 01      C  DB 004h,001h,066h,046h,006h,001h,067h,047h
       67 47
 F350  07 01 68 48 08 01      C  DB 007h,001h,068h,048h,008h,001h,06ah,04ah
       6A 4A
 F358  0A 01 6B 4B 0B 01      C  DB 00ah,001h,06bh,04bh,00bh,001h,06ch,04ch
       6C 4C
 F360  0C 02 3B 3A FF 02      C  DB 00ch,002h,03bh,03ah,0ffh,002h,027h,022h
       27 22
 F368  FF 02 60 7E FF 00      C  DB 0ffh,002h,060h,07eh,0ffh,000h,002h,0ffh
       02 FF
 F370  FF 02 5C 7C 1C 01      C  DB 0ffh,002h,05ch,07ch,01ch,001h,07ah,05ah
       7A 5A
 F378  1A 01 78 58 18 01      C  DB 01ah,001h,078h,058h,018h,001h,063h,043h
       63 43
 F380  03 01 76 56 16 01      C  DB 003h,001h,076h,056h,016h,001h,062h,042h
       62 42
 F388  02 01 6E 4E 0E 01      C  DB 002h,001h,06eh,04eh,00eh,001h,06dh,04dh
       6D 4D
 F390  0D 02 2C 3C FF 02      C  DB 00dh,002h,02ch,03ch,0ffh,002h,02eh,03eh
       2E 3E
 F398  FF 02 2F 3F FF 00      C  DB 0ffh,002h,02fh,03fh,0ffh,000h,001h,0ffh
       01 FF
 F3A0  FF 05 00 FF FF 00      C  DB 0ffh,005h,000h,0ffh,0ffh,000h,008h,0ffh
       08 FF
 F3A8  FF 01 20 20 20 05      C  DB 0ffh,001h,020h,020h,020h,005h,040h,0ffh
       40 FF
 F3B0  FF 03 FF FF FF 03      C  DB 0ffh,003h,0ffh,0ffh,0ffh,003h,0ffh,0ffh
       FF FF
 F3B8  FF 03 FF FF FF 03      C  DB 0ffh,003h,0ffh,0ffh,0ffh,003h,0ffh,0ffh
       FF FF
 F3C0  FF 03 FF FF FF 03      C  DB 0ffh,003h,0ffh,0ffh,0ffh,003h,0ffh,0ffh
       FF FF
 F3C8  FF 03 FF FF FF 03      C  DB 0ffh,003h,0ffh,0ffh,0ffh,003h,0ffh,0ffh
       FF FF
 F3D0  FF 03 FF FF FF 03      C  DB 0ffh,003h,0ffh,0ffh,0ffh,003h,0ffh,0ffh
       FF FF
 F3D8  FF 05 20 FF FF 05      C  DB 0ffh,005h,020h,0ffh,0ffh,005h,010h,0ffh
       10 FF
 F3E0  FF 04 01 37 77 04      C  DB 0ffh,004h,001h,037h,077h,004h,001h,038h
       01 38
 F3E8  8D 04 01 39 84 02      C  DB 08dh,004h,001h,039h,084h,002h,02dh,02dh
       2D 2D
 F3F0  FF 04 01 34 73 04      C  DB 0ffh,004h,001h,034h,073h,004h,001h,035h
       01 35
 F3F8  8F 04 01 36 74 02      C  DB 08fh,004h,001h,036h,074h,002h,02bh,02bh
       2B 2B
 F400  FF 04 01 31 75 04      C  DB 0ffh,004h,001h,031h,075h,004h,001h,032h
       01 32
 F408  91 04 01 33 76 04      C  DB 091h,004h,001h,033h,076h,004h,080h,030h
       80 30
 F410  92 05 00 FF 93 05      C  DB 092h,005h,000h,0ffh,093h,005h,004h,0ffh
       04 FF
 F418  FF 09 FF FF FF 02      C  DB 0ffh,009h,0ffh,0ffh,0ffh,002h,05ch,07ch
       5C 7C
 F420  1C 07 FF FF FF 07      C  DB 01ch,007h,0ffh,0ffh,0ffh,007h,0ffh,0ffh
       FF FF
 F428  FF 78 F4 CC F4 E7      C  DB 0ffh,078h,0f4h,0cch,0f4h,0e7h,0f4h,052h
       F4 52
 F430  51 53 57 56 55 FB      C  DB 051h,053h,057h,056h,055h,0fbh,083h,0fah
       83 FA
 F438  04 0F 83 88 00 80      C  DB 004h,00fh,083h,088h,000h,080h,0fch,003h
       FC 03
 F440  72 06 80 EC 02 EB      C  DB 072h,006h,080h,0ech,002h,0ebh,07eh,090h
       7E 90
 F448  8B FA 06 BB 40 00      C  DB 08bh,0fah,006h,0bbh,040h,000h,08eh,0c3h
       8E C3
 F450  26 8A 8D 78 00 D1      C  DB 026h,08ah,08dh,078h,000h,0d1h,0e7h,026h
       E7 26
 F458  8B 95 08 00 07 83      C  DB 08bh,095h,008h,000h,007h,083h,0fah,000h
       FA 00
 F460  0F 84 61 00 8B F2      C  DB 00fh,084h,061h,000h,08bh,0f2h,046h,08bh
       46 8B
 F468  EA 83 C5 02 50 32      C  DB 0eah,083h,0c5h,002h,050h,032h,0ffh,08ah
       FF 8A
 F470  DC D1 E3 2E FF A7      C  DB 0dch,0d1h,0e3h,02eh,0ffh,0a7h,029h,0f4h
       29 F4
 F478  EE E7 E1 8B D6 EC      C  DB 0eeh,0e7h,0e1h,08bh,0d6h,0ech,0e7h,0e1h
       E7 E1
 F480  24 80 75 25 B4 90      C  DB 024h,080h,075h,025h,0b4h,090h,0b0h,0feh
       B0 FE
 F488  CD 15 51 2E 8B 0E      C  DB 0cdh,015h,051h,02eh,08bh,00eh,05fh,0e7h
       5F E7
 F490  2E 8A 3E 61 E7 B0      C  DB 02eh,08ah,03eh,061h,0e7h,0b0h,080h,0b4h
       80 B4
 F498  80 E8 C8 F2 59 0A      C  DB 080h,0e8h,0c8h,0f2h,059h,00ah,0e4h,074h
       E4 74
 F4A0  08 FE C9 75 E5 0C      C  DB 008h,0feh,0c9h,075h,0e5h,00ch,001h,0ebh
       01 EB
 F4A8  13 8B D5 B0 0D EE      C  DB 013h,08bh,0d5h,0b0h,00dh,0eeh,0e7h,0e1h
       E7 E1
 F4B0  B0 0C EE E7 E1 8B      C  DB 0b0h,00ch,0eeh,0e7h,0e1h,08bh,0d6h,0ech
       D6 EC
 F4B8  E7 E1 24 FE 24 F9      C  DB 0e7h,0e1h,024h,0feh,024h,0f9h,034h,048h
       34 48
 F4C0  8A E0 5B 8A C3 5D      C  DB 08ah,0e0h,05bh,08ah,0c3h,05dh,05eh,05fh
       5E 5F
 F4C8  5B 59 5A CF B0 08      C  DB 05bh,059h,05ah,0cfh,0b0h,008h,08bh,0d5h
       8B D5
 F4D0  EE E7 E1 2E 8B 0E      C  DB 0eeh,0e7h,0e1h,02eh,08bh,00eh,043h,0e7h
       43 E7
 F4D8  2E 8B 1E 45 E7 E8      C  DB 02eh,08bh,01eh,045h,0e7h,0e8h,0ech,0f8h
       EC F8
 F4E0  B0 0C EE E7 E1 EB      C  DB 0b0h,00ch,0eeh,0e7h,0e1h,0ebh,0ceh,0ebh
       CE EB
 F4E8  CC 18 19 1A 1B DA      C  DB 0cch,018h,019h,01ah,01bh,0dah,0c4h,0bfh
       C4 BF
 F4F0  B3 B3 C0 C4 D9 C9      C  DB 0b3h,0b3h,0c0h,0c4h,0d9h,0c9h,0cdh,0bbh
       CD BB
 F4F8  BA BA C8 CD BC 8E      C  DB 0bah,0bah,0c8h,0cdh,0bch,08eh,0deh,08eh
       DE 8E
 F500  C7 33 F6 33 FF FC      C  DB 0c7h,033h,0f6h,033h,0ffh,0fch,0f3h,0a5h
       F3 A5
 F508  C3 20 53 6F 66 74      C  DB 0c3h,020h,053h,06fh,066h,074h,077h,061h
       77 61
 F510  72 65 20 49 6E 63      C  DB 072h,065h,020h,049h,06eh,063h,02eh,020h
       2E 20
 F518  41 77 61 72 64 20      C  DB 041h,077h,061h,072h,064h,020h,053h,06fh
       53 6F
 F520  66 74 77 61 72 65      C  DB 066h,074h,077h,061h,072h,065h,020h,049h
       20 49
 F528  6E 63 2E 20 41 77      C  DB 06eh,063h,02eh,020h,041h,077h,061h,072h
       61 72
 F530  64 20 53 6F 66 74      C  DB 064h,020h,053h,06fh,066h,074h,077h,061h
       77 61
 F538  72 65 20 49 6E 63      C  DB 072h,065h,020h,049h,06eh,063h,02eh,020h
       2E 20
 F540  41 77 61 72 64 20      C  DB 041h,077h,061h,072h,064h,020h,053h,06fh
       53 6F
 F548  66 74 77 61 72 65      C  DB 066h,074h,077h,061h,072h,065h,020h,049h
       20 49
 F550  00 00 00 00 00 00      C  DB 000h,000h,000h,000h,000h,000h,000h,000h
       00 00
 F558  00 00 00 00 00 00      C  DB 000h,000h,000h,000h,000h,000h,000h,000h
       00 00
 F560  00 00 00 00 00 00      C  DB 000h,000h,000h,000h,000h,000h,000h,000h
       00 00
 F568  00 00 00 00 00 00      C  DB 000h,000h,000h,000h,000h,000h,000h,000h
       00 00
 F570  00 00 00 00 00 00      C  DB 000h,000h,000h,000h,000h,000h,000h,000h
       00 00
 F578  00 00 00 00 00 00      C  DB 000h,000h,000h,000h,000h,000h,000h,000h
       00 00
 F580  00 98 5A 6C A5 98      C  DB 000h,098h,05ah,06ch,0a5h,098h,05ah,098h
       5A 98
 F588  A5 B1 5A 9C A5 B1      C  DB 0a5h,0b1h,05ah,09ch,0a5h,0b1h,05ah,0a8h
       5A A8
 F590  A5 CA 5A AC A5 CA      C  DB 0a5h,0cah,05ah,0ach,0a5h,0cah,05ah,0b8h
       5A B8
 F598  A5 E3 5A BC A5 E3      C  DB 0a5h,0e3h,05ah,0bch,0a5h,0e3h,05ah,0c8h
       5A C8
 F5A0  A5 FC 5A CC A5 FC      C  DB 0a5h,0fch,05ah,0cch,0a5h,0fch,05ah,0d8h
       5A D8
 F5A8  A5 60 1E 06 E8 02      C  DB 0a5h,060h,01eh,006h,0e8h,002h,0b1h,00fh
       B1 0F
 F5B0  85 77 00 E8 8A 00      C  DB 085h,077h,000h,0e8h,08ah,000h,0e8h,063h
       E8 63
 F5B8  AF 0F 85 6D 00 BE      C  DB 0afh,00fh,085h,06dh,000h,0beh,07fh,05ah
       7F 5A
 F5C0  E8 B5 27 0A C0 74      C  DB 0e8h,0b5h,027h,00ah,0c0h,074h,063h,033h
       63 33
 F5C8  C0 8E D8 80 3E 43      C  DB 0c0h,08eh,0d8h,080h,03eh,043h,000h,0c0h
       00 C0
 F5D0  74 30 80 3E 43 00      C  DB 074h,030h,080h,03eh,043h,000h,0e0h,075h
       E0 75
 F5D8  51 BE 00 E0 8E DE      C  DB 051h,0beh,000h,0e0h,08eh,0deh,0a0h,002h
       A0 02
 F5E0  00 D0 E8 50 BF 00      C  DB 000h,0d0h,0e8h,050h,0bfh,000h,010h,0b9h
       10 B9
 F5E8  00 80 E8 10 FF E8      C  DB 000h,080h,0e8h,010h,0ffh,0e8h,064h,0afh
       64 AF
 F5F0  BE 00 10 BF 00 E0      C  DB 0beh,000h,010h,0bfh,000h,0e0h,0b9h,000h
       B9 00
 F5F8  80 E8 01 FF 58 E8      C  DB 080h,0e8h,001h,0ffh,058h,0e8h,060h,0afh
       60 AF
 F600  EB 28 BE 00 C0 8E      C  DB 0ebh,028h,0beh,000h,0c0h,08eh,0deh,0a0h
       DE A0
 F608  02 00 D0 E8 50 BF      C  DB 002h,000h,0d0h,0e8h,050h,0bfh,000h,010h
       00 10
 F610  B9 00 40 51 E8 E6      C  DB 0b9h,000h,040h,051h,0e8h,0e6h,0feh,0e8h
       FE E8
 F618  22 AF BE 00 10 BF      C  DB 022h,0afh,0beh,000h,010h,0bfh,000h,0c0h
       00 C0
 F620  59 E8 D9 FE 58 E8      C  DB 059h,0e8h,0d9h,0feh,058h,0e8h,020h,0afh
       20 AF
 F628  EB 00 B8 00 10 8E      C  DB 0ebh,000h,0b8h,000h,010h,08eh,0c0h,033h
       C0 33
 F630  FF 33 C0 B9 00 80      C  DB 0ffh,033h,0c0h,0b9h,000h,080h,0f3h,0abh
       F3 AB
 F638  E8 19 F3 07 1F 61      C  DB 0e8h,019h,0f3h,007h,01fh,061h,0f8h,0c3h
       F8 C3
 F640  BE 00 F0 BF 00 10      C  DB 0beh,000h,0f0h,0bfh,000h,010h,0b9h,000h
       B9 00
 F648  80 E8 B1 FE E8 27      C  DB 080h,0e8h,0b1h,0feh,0e8h,027h,00dh,0e8h
       0D E8
 F650  8C 0D 26 A2 FF FF      C  DB 08ch,00dh,026h,0a2h,0ffh,0ffh,0eah,05bh
       EA 5B
 F658  F6 00 10 E8 C6 AE      C  DB 0f6h,000h,010h,0e8h,0c6h,0aeh,0beh,000h
       BE 00
 F660  10 BF 00 F0 B9 00      C  DB 010h,0bfh,000h,0f0h,0b9h,000h,080h,0e8h
       80 E8
 F668  93 FE E8 C3 AE EA      C  DB 093h,0feh,0e8h,0c3h,0aeh,0eah,072h,0f6h
       72 F6
 F670  00 F0 C3 60 1E 06      C  DB 000h,0f0h,0c3h,060h,01eh,006h,0e8h,0a3h
       E8 A3
 F678  AE 75 2A E8 29 00      C  DB 0aeh,075h,02ah,0e8h,029h,000h,0c1h,0eah
       C1 EA
 F680  02 BB 81 F5 D1 EA      C  DB 002h,0bbh,081h,0f5h,0d1h,0eah,073h,014h
       73 14
 F688  2E 8B 37 E8 EA 26      C  DB 02eh,08bh,037h,0e8h,0eah,026h,00ah,0c0h
       0A C0
 F690  74 0A 2E 8B 47 02      C  DB 074h,00ah,02eh,08bh,047h,002h,052h,053h
       52 53
 F698  FF D0 5B 5A 83 C3      C  DB 0ffh,0d0h,05bh,05ah,083h,0c3h,004h,081h
       04 81
 F6A0  FB A9 F5 75 DF EB      C  DB 0fbh,0a9h,0f5h,075h,0dfh,0ebh,083h,01eh
       83 1E
 F6A8  BB 00 C0 33 D2 BF      C  DB 0bbh,000h,0c0h,033h,0d2h,0bfh,080h,000h
       80 00
 F6B0  8E DB 81 3E 00 00      C  DB 08eh,0dbh,081h,03eh,000h,000h,055h,0aah
       55 AA
 F6B8  75 41 A0 02 00 A8      C  DB 075h,041h,0a0h,002h,000h,0a8h,003h,074h
       03 74
 F6C0  02 04 04 C0 E8 02      C  DB 002h,004h,004h,0c0h,0e8h,002h,032h,0e4h
       32 E4
 F6C8  8B CB 81 E1 FF 03      C  DB 08bh,0cbh,081h,0e1h,0ffh,003h,0c1h,0e9h
       C1 E9
 F6D0  07 03 C1 8B F8 C1      C  DB 007h,003h,0c1h,08bh,0f8h,0c1h,0e7h,007h
       E7 07
 F6D8  A9 07 00 74 03 05      C  DB 0a9h,007h,000h,074h,003h,005h,008h,000h
       08 00
 F6E0  C1 E8 03 8B CB 81      C  DB 0c1h,0e8h,003h,08bh,0cbh,081h,0e1h,000h
       E1 00
 F6E8  3C C1 E9 0A 41 BE      C  DB 03ch,0c1h,0e9h,00ah,041h,0beh,000h,080h
       00 80
 F6F0  D3 C6 0B D6 48 75      C  DB 0d3h,0c6h,00bh,0d6h,048h,075h,0f5h,081h
       F5 81
 F6F8  E3 00 FC 03 DF 81      C  DB 0e3h,000h,0fch,003h,0dfh,081h,0fbh,000h
       FB 00
 F700  F0 72 AA 1F C3 87      C  DB 0f0h,072h,0aah,01fh,0c3h,087h,0dbh,090h
       DB 90
 F708  B0 DF 50 B8 40 00      C  DB 0b0h,0dfh,050h,0b8h,040h,000h,08eh,0d8h
       8E D8
 F710  F6 06 CC 00 10 58      C  DB 0f6h,006h,0cch,000h,010h,058h,074h,009h
       74 09
 F718  50 E8 94 AD 58 0F      C  DB 050h,0e8h,094h,0adh,058h,00fh,083h,0a8h
       83 A8
 F720  00 2E F6 06 E2 FF      C  DB 000h,02eh,0f6h,006h,0e2h,0ffh,004h,090h
       04 90
 F728  75 2B 1E B8 40 00      C  DB 075h,02bh,01eh,0b8h,040h,000h,050h,01fh
       50 1F
 F730  2E A0 E6 FF 24 0C      C  DB 02eh,0a0h,0e6h,0ffh,024h,00ch,08ah,0e0h
       8A E0
 F738  80 F4 0C F7 06 15      C  DB 080h,0f4h,00ch,0f7h,006h,015h,000h,080h
       00 80
 F740  00 1F 75 02 34 0C      C  DB 000h,01fh,075h,002h,034h,00ch,02eh,0f6h
       2E F6
 F748  06 E1 FF 01 90 74      C  DB 006h,0e1h,0ffh,001h,090h,074h,002h,034h
       02 34
 F750  0C 0C D3 0A C4 EB      C  DB 00ch,00ch,0d3h,00ah,0c4h,0ebh,051h,090h
       51 90
 F758  B0 DD 50 B8 40 00      C  DB 0b0h,0ddh,050h,0b8h,040h,000h,08eh,0d8h
       8E D8
 F760  F6 06 CC 00 10 58      C  DB 0f6h,006h,0cch,000h,010h,058h,074h,007h
       74 07
 F768  50 E8 44 AD 58 73      C  DB 050h,0e8h,044h,0adh,058h,073h,05ah,02eh
       5A 2E
 F770  F6 06 E2 FF 04 90      C  DB 0f6h,006h,0e2h,0ffh,004h,090h,075h,02bh
       75 2B
 F778  1E B8 40 00 8E D8      C  DB 01eh,0b8h,040h,000h,08eh,0d8h,02eh,0a0h
       2E A0
 F780  E6 FF 24 0C 8A E0      C  DB 0e6h,0ffh,024h,00ch,08ah,0e0h,080h,0f4h
       80 F4
 F788  0C F7 06 15 00 80      C  DB 00ch,0f7h,006h,015h,000h,080h,000h,01fh
       00 1F
 F790  75 02 34 0C 2E F6      C  DB 075h,002h,034h,00ch,02eh,0f6h,006h,0e1h
       06 E1
 F798  FF 01 90 74 02 34      C  DB 0ffh,001h,090h,074h,002h,034h,00ch,00ch
       0C 0C
 F7A0  D1 0A C4 EB 03 87      C  DB 0d1h,00ah,0c4h,0ebh,003h,087h,0dbh,090h
       DB 90
 F7A8  51 8A E0 E8 B6 D2      C  DB 051h,08ah,0e0h,0e8h,0b6h,0d2h,075h,016h
       75 16
 F7B0  B0 D1 E6 64 E8 AD      C  DB 0b0h,0d1h,0e6h,064h,0e8h,0adh,0d2h,075h
       D2 75
 F7B8  0D 8A C4 E6 60 E8      C  DB 00dh,08ah,0c4h,0e6h,060h,0e8h,0a4h,0d2h
       A4 D2
 F7C0  75 04 32 C0 59 C3      C  DB 075h,004h,032h,0c0h,059h,0c3h,059h,0f9h
       59 F9
 F7C8  C3 F8 32 C0 C3 87      C  DB 0c3h,0f8h,032h,0c0h,0c3h,087h,0dbh,090h
       DB 90
 F7D0  50 B0 DD 2E F6 06      C  DB 050h,0b0h,0ddh,02eh,0f6h,006h,0e1h,0ffh
       E1 FF
 F7D8  01 90 74 02 24 F3      C  DB 001h,090h,074h,002h,024h,0f3h,053h,051h
       53 51
 F7E0  52 50 E8 7F D2 75      C  DB 052h,050h,0e8h,07fh,0d2h,075h,012h,0b0h
       12 B0
 F7E8  D1 E6 64 E8 76 D2      C  DB 0d1h,0e6h,064h,0e8h,076h,0d2h,075h,009h
       75 09
 F7F0  58 E6 60 E8 6E D2      C  DB 058h,0e6h,060h,0e8h,06eh,0d2h,074h,003h
       74 03
 F7F8  50 58 F9 5A 59 5B      C  DB 050h,058h,0f9h,05ah,059h,05bh,058h,0c3h
       58 C3
 F800  64 20 53 6F 66 74      C  DB 064h,020h,053h,06fh,066h,074h,077h,061h
       77 61
 F808  72 65 20 49 6E 63      C  DB 072h,065h,020h,049h,06eh,063h,02eh,020h
       2E 20
 F810  41 77 61 72 64 20      C  DB 041h,077h,061h,072h,064h,020h,053h,06fh
       53 6F
 F818  66 74 77 61 72 65      C  DB 066h,074h,077h,061h,072h,065h,020h,049h
       20 49
 F820  6E 63 2E 20 41 77      C  DB 06eh,063h,02eh,020h,041h,077h,061h,072h
       61 72
 F828  64 20 53 6F 66 74      C  DB 064h,020h,053h,06fh,066h,074h,077h,061h
       77 61
 F830  72 65 20 49 6E 63      C  DB 072h,065h,020h,049h,06eh,063h,02eh,020h
       2E 20
 F838  41 77 61 72 64 20      C  DB 041h,077h,061h,072h,064h,020h,053h,06fh
       53 6F
 F840  66 1E B8 40 00 8E      C  DB 066h,01eh,0b8h,040h,000h,08eh,0d8h,0a1h
       D8 A1
 F848  13 00 1F CF 41 E9      C  DB 013h,000h,01fh,0cfh,041h,0e9h,067h,0f6h
       67 F6
 F850  64 20 53 6F 66 74      C  DB 064h,020h,053h,06fh,066h,074h,077h,061h
       77 61
 F858  72 E9 C4 E0 BB 01      C  DB 072h,0e9h,0c4h,0e0h,0bbh,001h,028h,05eh
       28 5E
 F860  5E 37 5F 14 60 41      C  DB 05eh,037h,05fh,014h,060h,041h,060h,037h
       60 37
 F868  5F DC F8 2E F9 95      C  DB 05fh,0dch,0f8h,02eh,0f9h,095h,0f9h,0f7h
       F9 F7
 F870  F9 87 DB 90 52 51      C  DB 0f9h,087h,0dbh,090h,052h,051h,053h,057h
       53 57
 F878  55 83 EC 12 8B EC      C  DB 055h,083h,0ech,012h,08bh,0ech,0fbh,083h
       FB 83
 F880  FA 04 0F 82 03 00      C  DB 0fah,004h,00fh,082h,003h,000h,0e9h,09ch
       E9 9C
 F888  00 80 FC 04 0F 82      C  DB 000h,080h,0fch,004h,00fh,082h,006h,000h
       06 00
 F890  80 EC 03 E9 8F 00      C  DB 080h,0ech,003h,0e9h,08fh,000h,01eh,0bbh
       1E BB
 F898  40 00 8E DB 8B DA      C  DB 040h,000h,08eh,0dbh,08bh,0dah,08ah,08fh
       8A 8F
 F8A0  7C 00 D1 E3 8B 97      C  DB 07ch,000h,0d1h,0e3h,08bh,097h,000h,000h
       00 00
 F8A8  1F 0B D2 0F 84 76      C  DB 01fh,00bh,0d2h,00fh,084h,076h,000h,089h
       00 89
 F8B0  56 00 89 56 02 89      C  DB 056h,000h,089h,056h,002h,089h,056h,00eh
       56 0E
 F8B8  42 89 56 04 89 56      C  DB 042h,089h,056h,004h,089h,056h,010h,083h
       10 83
 F8C0  C2 02 89 56 06 42      C  DB 0c2h,002h,089h,056h,006h,042h,089h,056h
       89 56
 F8C8  08 42 89 56 0A 42      C  DB 008h,042h,089h,056h,00ah,042h,089h,056h
       89 56
 F8D0  0C 8A DC 32 FF D1      C  DB 00ch,08ah,0dch,032h,0ffh,0d1h,0e3h,02eh
       E3 2E
 F8D8  FF A7 69 F8 50 B0      C  DB 0ffh,0a7h,069h,0f8h,050h,0b0h,080h,08bh
       80 8B
 F8E0  56 06 EE E7 E1 58      C  DB 056h,006h,0eeh,0e7h,0e1h,058h,050h,08ah
       50 8A
 F8E8  D8 C0 EB 05 D1 E3      C  DB 0d8h,0c0h,0ebh,005h,0d1h,0e3h,02eh,08ah
       2E 8A
 F8F0  87 39 F2 8B 56 0E      C  DB 087h,039h,0f2h,08bh,056h,00eh,0eeh,0e7h
       EE E7
 F8F8  E1 2E 8A 87 3A F2      C  DB 0e1h,02eh,08ah,087h,03ah,0f2h,08bh,056h
       8B 56
 F900  10 EE E7 E1 58 24      C  DB 010h,0eeh,0e7h,0e1h,058h,024h,01fh,08bh
       1F 8B
 F908  56 06 EE E7 E1 32      C  DB 056h,006h,0eeh,0e7h,0e1h,032h,0c0h,08bh
       C0 8B
 F910  56 04 EE E7 E1 8B      C  DB 056h,004h,0eeh,0e7h,0e1h,08bh,056h,00ch
       56 0C
 F918  EC E7 E1 8A E0 8B      C  DB 0ech,0e7h,0e1h,08ah,0e0h,08bh,056h,00ah
       56 0A
 F920  EC E7 E1 86 E0 83      C  DB 0ech,0e7h,0e1h,086h,0e0h,083h,0c4h,012h
       C4 12
 F928  5D 5F 5B 59 5A CF      C  DB 05dh,05fh,05bh,059h,05ah,0cfh,08ah,0e8h
       8A E8
 F930  8B F9 B0 03 8B 56      C  DB 08bh,0f9h,0b0h,003h,08bh,056h,008h,0eeh
       08 EE
 F938  E7 E1 8B 56 0C 51      C  DB 0e7h,0e1h,08bh,056h,00ch,051h,02eh,08bh
       2E 8B
 F940  0E 5C E7 2E 8A 3E      C  DB 00eh,05ch,0e7h,02eh,08ah,03eh,05eh,0e7h
       5E E7
 F948  B0 30 B4 30 E8 15      C  DB 0b0h,030h,0b4h,030h,0e8h,015h,0eeh,059h
       EE 59
 F950  0A E4 8A E0 74 06      C  DB 00ah,0e4h,08ah,0e0h,074h,006h,0feh,0c9h
       FE C9
 F958  75 E3 EB 30 8B CF      C  DB 075h,0e3h,0ebh,030h,08bh,0cfh,08bh,056h
       8B 56
 F960  0A 51 2E 8B 0E 5C      C  DB 00ah,051h,02eh,08bh,00eh,05ch,0e7h,02eh
       E7 2E
 F968  8A 3E 5E E7 B0 20      C  DB 08ah,03eh,05eh,0e7h,0b0h,020h,0b4h,020h
       B4 20
 F970  E8 F1 ED 59 0A E4      C  DB 0e8h,0f1h,0edh,059h,00ah,0e4h,08ah,0e0h
       8A E0
 F978  74 06 FE C9 75 E3      C  DB 074h,006h,0feh,0c9h,075h,0e3h,0ebh,00ch
       EB 0C
 F980  8B CF 8A C5 8B 56      C  DB 08bh,0cfh,08ah,0c5h,08bh,056h,002h,0eeh
       02 EE
 F988  E7 E1 EB 99 8B CF      C  DB 0e7h,0e1h,0ebh,099h,08bh,0cfh,080h,0cch
       80 CC
 F990  80 8A C5 EB 90 8B      C  DB 080h,08ah,0c5h,0ebh,090h,08bh,0f9h,0b0h
       F9 B0
 F998  01 8B 56 08 EE E7      C  DB 001h,08bh,056h,008h,0eeh,0e7h,0e1h,08bh
       E1 8B
 F9A0  56 0C 51 2E 8B 0E      C  DB 056h,00ch,051h,02eh,08bh,00eh,05ch,0e7h
       5C E7
 F9A8  2E 8A 3E 5E E7 B0      C  DB 02eh,08ah,03eh,05eh,0e7h,0b0h,020h,0b4h
       20 B4
 F9B0  20 E8 B0 ED 59 0A      C  DB 020h,0e8h,0b0h,0edh,059h,00ah,0e4h,08ah
       E4 8A
 F9B8  E0 74 06 FE C9 75      C  DB 0e0h,074h,006h,0feh,0c9h,075h,0e3h,0ebh
       E3 EB
 F9C0  30 8B CF 8B 56 0A      C  DB 030h,08bh,0cfh,08bh,056h,00ah,051h,02eh
       51 2E
 F9C8  8B 0E 5C E7 2E 8A      C  DB 08bh,00eh,05ch,0e7h,02eh,08ah,03eh,05eh
       3E 5E
 F9D0  E7 B0 01 B4 01 E8      C  DB 0e7h,0b0h,001h,0b4h,001h,0e8h,08ch,0edh
       8C ED
 F9D8  59 0A E4 8A E0 74      C  DB 059h,00ah,0e4h,08ah,0e0h,074h,006h,0feh
       06 FE
 F9E0  C9 75 E3 EB 0C 8B      C  DB 0c9h,075h,0e3h,0ebh,00ch,08bh,056h,000h
       56 00
 F9E8  EC E7 E1 80 E4 1E      C  DB 0ech,0e7h,0e1h,080h,0e4h,01eh,0e9h,034h
       E9 34
 F9F0  FF 80 CC 80 E9 2E      C  DB 0ffh,080h,0cch,080h,0e9h,02eh,0ffh,0e9h
       FF E9
 F9F8  1B FF 43 4D 4F 53      C  DB 01bh,0ffh,043h,04dh,04fh,053h,020h,063h
       20 63
 FA00  68 65 63 6B 73 75      C  DB 068h,065h,063h,06bh,073h,075h,06dh,020h
       6D 20
 FA08  65 72 72 6F 72 20      C  DB 065h,072h,072h,06fh,072h,020h,02dh,020h
       2D 20
 FA10  44 65 66 61 75 6C      C  DB 044h,065h,066h,061h,075h,06ch,074h,073h
       74 73
 FA18  20 6C 6F 61 64 65      C  DB 020h,06ch,06fh,061h,064h,065h,064h,000h
       64 00
 FA20  43 4D 4F 53 20 62      C  DB 043h,04dh,04fh,053h,020h,062h,061h,074h
       61 74
 FA28  74 65 72 79 20 66      C  DB 074h,065h,072h,079h,020h,066h,061h,069h
       61 69
 FA30  6C 65 64 00 4F 76      C  DB 06ch,065h,064h,000h,04fh,076h,065h,072h
       65 72
 FA38  72 69 64 65 20 65      C  DB 072h,069h,064h,065h,020h,065h,06eh,061h
       6E 61
 FA40  62 6C 65 64 20 2D      C  DB 062h,06ch,065h,064h,020h,02dh,020h,044h
       20 44
 FA48  65 66 61 75 6C 74      C  DB 065h,066h,061h,075h,06ch,074h,073h,020h
       73 20
 FA50  6C 6F 61 64 65 64      C  DB 06ch,06fh,061h,064h,065h,064h,000h,02ch
       00 2C
 FA58  20 41 6E 20 45 6E      C  DB 020h,041h,06eh,020h,045h,06eh,065h,072h
       65 72
 FA60  67 79 20 53 74 61      C  DB 067h,079h,020h,053h,074h,061h,072h,020h
       72 20
 FA68  41 6C 6C 79 00 20      C  DB 041h,06ch,06ch,079h,000h,020h,000h,000h
       00 00
 FA70  00 00 00 00 00 00      C  DB 000h,000h,000h,000h,000h,000h,07eh,081h
       7E 81
 FA78  A5 81 BD 99 81 7E      C  DB 0a5h,081h,0bdh,099h,081h,07eh,07eh,0ffh
       7E FF
 FA80  DB FF C3 E7 FF 7E      C  DB 0dbh,0ffh,0c3h,0e7h,0ffh,07eh,06ch,0feh
       6C FE
 FA88  FE FE 7C 38 10 00      C  DB 0feh,0feh,07ch,038h,010h,000h,010h,038h
       10 38
 FA90  7C FE 7C 38 10 00      C  DB 07ch,0feh,07ch,038h,010h,000h,038h,07ch
       38 7C
 FA98  38 FE FE 7C 38 7C      C  DB 038h,0feh,0feh,07ch,038h,07ch,010h,010h
       10 10
 FAA0  38 7C FE 7C 38 7C      C  DB 038h,07ch,0feh,07ch,038h,07ch,000h,000h
       00 00
 FAA8  18 3C 3C 18 00 00      C  DB 018h,03ch,03ch,018h,000h,000h,0ffh,0ffh
       FF FF
 FAB0  E7 C3 C3 E7 FF FF      C  DB 0e7h,0c3h,0c3h,0e7h,0ffh,0ffh,000h,03ch
       00 3C
 FAB8  66 42 42 66 3C 00      C  DB 066h,042h,042h,066h,03ch,000h,0ffh,0c3h
       FF C3
 FAC0  99 BD BD 99 C3 FF      C  DB 099h,0bdh,0bdh,099h,0c3h,0ffh,00fh,007h
       0F 07
 FAC8  0F 7D CC CC CC 78      C  DB 00fh,07dh,0cch,0cch,0cch,078h,03ch,066h
       3C 66
 FAD0  66 66 3C 18 7E 18      C  DB 066h,066h,03ch,018h,07eh,018h,03fh,033h
       3F 33
 FAD8  3F 30 30 70 F0 E0      C  DB 03fh,030h,030h,070h,0f0h,0e0h,07fh,063h
       7F 63
 FAE0  7F 63 63 67 E6 C0      C  DB 07fh,063h,063h,067h,0e6h,0c0h,099h,05ah
       99 5A
 FAE8  3C E7 E7 3C 5A 99      C  DB 03ch,0e7h,0e7h,03ch,05ah,099h,080h,0e0h
       80 E0
 FAF0  F8 FE F8 E0 80 00      C  DB 0f8h,0feh,0f8h,0e0h,080h,000h,002h,00eh
       02 0E
 FAF8  3E FE 3E 0E 02 00      C  DB 03eh,0feh,03eh,00eh,002h,000h,018h,03ch
       18 3C
 FB00  7E 18 18 7E 3C 18      C  DB 07eh,018h,018h,07eh,03ch,018h,066h,066h
       66 66
 FB08  66 66 66 00 66 00      C  DB 066h,066h,066h,000h,066h,000h,07fh,0dbh
       7F DB
 FB10  DB 7B 1B 1B 1B 00      C  DB 0dbh,07bh,01bh,01bh,01bh,000h,03eh,063h
       3E 63
 FB18  38 6C 6C 38 CC 78      C  DB 038h,06ch,06ch,038h,0cch,078h,000h,000h
       00 00
 FB20  00 00 7E 7E 7E 00      C  DB 000h,000h,07eh,07eh,07eh,000h,018h,03ch
       18 3C
 FB28  7E 18 7E 3C 18 FF      C  DB 07eh,018h,07eh,03ch,018h,0ffh,018h,03ch
       18 3C
 FB30  7E 18 18 18 18 00      C  DB 07eh,018h,018h,018h,018h,000h,018h,018h
       18 18
 FB38  18 18 7E 3C 18 00      C  DB 018h,018h,07eh,03ch,018h,000h,000h,018h
       00 18
 FB40  0C FE 0C 18 00 00      C  DB 00ch,0feh,00ch,018h,000h,000h,000h,030h
       00 30
 FB48  60 FE 60 30 00 00      C  DB 060h,0feh,060h,030h,000h,000h,000h,000h
       00 00
 FB50  C0 C0 C0 FE 00 00      C  DB 0c0h,0c0h,0c0h,0feh,000h,000h,000h,024h
       00 24
 FB58  66 FF 66 24 00 00      C  DB 066h,0ffh,066h,024h,000h,000h,000h,018h
       00 18
 FB60  3C 7E FF FF 00 00      C  DB 03ch,07eh,0ffh,0ffh,000h,000h,000h,0ffh
       00 FF
 FB68  FF 7E 3C 18 00 00      C  DB 0ffh,07eh,03ch,018h,000h,000h,000h,000h
       00 00
 FB70  00 00 00 00 00 00      C  DB 000h,000h,000h,000h,000h,000h,030h,078h
       30 78
 FB78  78 78 30 00 30 00      C  DB 078h,078h,030h,000h,030h,000h,06ch,06ch
       6C 6C
 FB80  6C 00 00 00 00 00      C  DB 06ch,000h,000h,000h,000h,000h,06ch,06ch
       6C 6C
 FB88  FE 6C FE 6C 6C 00      C  DB 0feh,06ch,0feh,06ch,06ch,000h,030h,07ch
       30 7C
 FB90  C0 78 0C F8 30 00      C  DB 0c0h,078h,00ch,0f8h,030h,000h,000h,0c6h
       00 C6
 FB98  CC 18 30 66 C6 00      C  DB 0cch,018h,030h,066h,0c6h,000h,038h,06ch
       38 6C
 FBA0  38 76 DC CC 76 00      C  DB 038h,076h,0dch,0cch,076h,000h,060h,060h
       60 60
 FBA8  C0 00 00 00 00 00      C  DB 0c0h,000h,000h,000h,000h,000h,018h,030h
       18 30
 FBB0  60 60 60 30 18 00      C  DB 060h,060h,060h,030h,018h,000h,060h,030h
       60 30
 FBB8  18 18 18 30 60 00      C  DB 018h,018h,018h,030h,060h,000h,000h,066h
       00 66
 FBC0  3C FF 3C 66 00 00      C  DB 03ch,0ffh,03ch,066h,000h,000h,000h,030h
       00 30
 FBC8  30 FC 30 30 00 00      C  DB 030h,0fch,030h,030h,000h,000h,000h,000h
       00 00
 FBD0  00 00 00 30 30 60      C  DB 000h,000h,000h,030h,030h,060h,000h,000h
       00 00
 FBD8  00 FC 00 00 00 00      C  DB 000h,0fch,000h,000h,000h,000h,000h,000h
       00 00
 FBE0  00 00 00 30 30 00      C  DB 000h,000h,000h,030h,030h,000h,006h,00ch
       06 0C
 FBE8  18 30 60 C0 80 00      C  DB 018h,030h,060h,0c0h,080h,000h,07ch,0c6h
       7C C6
 FBF0  CE DE F6 E6 7C 00      C  DB 0ceh,0deh,0f6h,0e6h,07ch,000h,030h,070h
       30 70
 FBF8  30 30 30 30 FC 00      C  DB 030h,030h,030h,030h,0fch,000h,078h,0cch
       78 CC
 FC00  0C 38 60 CC FC 00      C  DB 00ch,038h,060h,0cch,0fch,000h,078h,0cch
       78 CC
 FC08  0C 38 0C CC 78 00      C  DB 00ch,038h,00ch,0cch,078h,000h,01ch,03ch
       1C 3C
 FC10  6C CC FE 0C 1E 00      C  DB 06ch,0cch,0feh,00ch,01eh,000h,0fch,0c0h
       FC C0
 FC18  F8 0C 0C CC 78 00      C  DB 0f8h,00ch,00ch,0cch,078h,000h,038h,060h
       38 60
 FC20  C0 F8 CC CC 78 00      C  DB 0c0h,0f8h,0cch,0cch,078h,000h,0fch,0cch
       FC CC
 FC28  0C 18 30 30 30 00      C  DB 00ch,018h,030h,030h,030h,000h,078h,0cch
       78 CC
 FC30  CC 78 CC CC 78 00      C  DB 0cch,078h,0cch,0cch,078h,000h,078h,0cch
       78 CC
 FC38  CC 7C 0C 18 70 00      C  DB 0cch,07ch,00ch,018h,070h,000h,000h,030h
       00 30
 FC40  30 00 00 30 30 00      C  DB 030h,000h,000h,030h,030h,000h,000h,030h
       00 30
 FC48  30 00 00 30 30 60      C  DB 030h,000h,000h,030h,030h,060h,018h,030h
       18 30
 FC50  60 C0 60 30 18 00      C  DB 060h,0c0h,060h,030h,018h,000h,000h,000h
       00 00
 FC58  FC 00 00 FC 00 00      C  DB 0fch,000h,000h,0fch,000h,000h,060h,030h
       60 30
 FC60  18 0C 18 30 60 00      C  DB 018h,00ch,018h,030h,060h,000h,078h,0cch
       78 CC
 FC68  0C 18 30 00 30 00      C  DB 00ch,018h,030h,000h,030h,000h,07ch,0c6h
       7C C6
 FC70  DE DE DE C0 78 00      C  DB 0deh,0deh,0deh,0c0h,078h,000h,030h,078h
       30 78
 FC78  CC CC FC CC CC 00      C  DB 0cch,0cch,0fch,0cch,0cch,000h,0fch,066h
       FC 66
 FC80  66 7C 66 66 FC 00      C  DB 066h,07ch,066h,066h,0fch,000h,03ch,066h
       3C 66
 FC88  C0 C0 C0 66 3C 00      C  DB 0c0h,0c0h,0c0h,066h,03ch,000h,0f8h,06ch
       F8 6C
 FC90  66 66 66 6C F8 00      C  DB 066h,066h,066h,06ch,0f8h,000h,07eh,060h
       7E 60
 FC98  60 78 60 60 7E 00      C  DB 060h,078h,060h,060h,07eh,000h,07eh,060h
       7E 60
 FCA0  60 78 60 60 60 00      C  DB 060h,078h,060h,060h,060h,000h,03ch,066h
       3C 66
 FCA8  C0 C0 CE 66 3E 00      C  DB 0c0h,0c0h,0ceh,066h,03eh,000h,0cch,0cch
       CC CC
 FCB0  CC FC CC CC CC 00      C  DB 0cch,0fch,0cch,0cch,0cch,000h,078h,030h
       78 30
 FCB8  30 30 30 30 78 00      C  DB 030h,030h,030h,030h,078h,000h,01eh,00ch
       1E 0C
 FCC0  0C 0C CC CC 78 00      C  DB 00ch,00ch,0cch,0cch,078h,000h,0e6h,066h
       E6 66
 FCC8  6C 78 6C 66 E6 00      C  DB 06ch,078h,06ch,066h,0e6h,000h,060h,060h
       60 60
 FCD0  60 60 60 60 7E 00      C  DB 060h,060h,060h,060h,07eh,000h,0c6h,0eeh
       C6 EE
 FCD8  FE FE D6 C6 C6 00      C  DB 0feh,0feh,0d6h,0c6h,0c6h,000h,0c6h,0e6h
       C6 E6
 FCE0  F6 DE CE C6 C6 00      C  DB 0f6h,0deh,0ceh,0c6h,0c6h,000h,038h,06ch
       38 6C
 FCE8  C6 C6 C6 6C 38 00      C  DB 0c6h,0c6h,0c6h,06ch,038h,000h,0fch,066h
       FC 66
 FCF0  66 7C 60 60 F0 00      C  DB 066h,07ch,060h,060h,0f0h,000h,078h,0cch
       78 CC
 FCF8  CC CC DC 78 1C 00      C  DB 0cch,0cch,0dch,078h,01ch,000h,0fch,066h
       FC 66
 FD00  66 7C 6C 66 E6 00      C  DB 066h,07ch,06ch,066h,0e6h,000h,078h,0cch
       78 CC
 FD08  E0 70 1C CC 78 00      C  DB 0e0h,070h,01ch,0cch,078h,000h,0fch,030h
       FC 30
 FD10  30 30 30 30 30 00      C  DB 030h,030h,030h,030h,030h,000h,0cch,0cch
       CC CC
 FD18  CC CC CC CC FC 00      C  DB 0cch,0cch,0cch,0cch,0fch,000h,0cch,0cch
       CC CC
 FD20  CC CC CC 78 30 00      C  DB 0cch,0cch,0cch,078h,030h,000h,0c6h,0c6h
       C6 C6
 FD28  C6 D6 FE EE C6 00      C  DB 0c6h,0d6h,0feh,0eeh,0c6h,000h,0c6h,0c6h
       C6 C6
 FD30  6C 38 38 6C C6 00      C  DB 06ch,038h,038h,06ch,0c6h,000h,0cch,0cch
       CC CC
 FD38  CC 78 30 30 78 00      C  DB 0cch,078h,030h,030h,078h,000h,0feh,006h
       FE 06
 FD40  0C 18 30 60 FE 00      C  DB 00ch,018h,030h,060h,0feh,000h,078h,060h
       78 60
 FD48  60 60 60 60 78 00      C  DB 060h,060h,060h,060h,078h,000h,0c0h,060h
       C0 60
 FD50  30 18 0C 06 02 00      C  DB 030h,018h,00ch,006h,002h,000h,078h,018h
       78 18
 FD58  18 18 18 18 78 00      C  DB 018h,018h,018h,018h,078h,000h,010h,038h
       10 38
 FD60  6C C6 00 00 00 00      C  DB 06ch,0c6h,000h,000h,000h,000h,000h,000h
       00 00
 FD68  00 00 00 00 00 FF      C  DB 000h,000h,000h,000h,000h,0ffh,030h,030h
       30 30
 FD70  18 00 00 00 00 00      C  DB 018h,000h,000h,000h,000h,000h,000h,000h
       00 00
 FD78  78 0C 7C CC 76 00      C  DB 078h,00ch,07ch,0cch,076h,000h,0e0h,060h
       E0 60
 FD80  60 7C 66 66 DC 00      C  DB 060h,07ch,066h,066h,0dch,000h,000h,000h
       00 00
 FD88  78 CC C0 CC 78 00      C  DB 078h,0cch,0c0h,0cch,078h,000h,01ch,00ch
       1C 0C
 FD90  0C 7C CC CC 76 00      C  DB 00ch,07ch,0cch,0cch,076h,000h,000h,000h
       00 00
 FD98  78 CC FC C0 78 00      C  DB 078h,0cch,0fch,0c0h,078h,000h,038h,06ch
       38 6C
 FDA0  60 F0 60 60 F0 00      C  DB 060h,0f0h,060h,060h,0f0h,000h,000h,000h
       00 00
 FDA8  76 CC CC 7C 0C F8      C  DB 076h,0cch,0cch,07ch,00ch,0f8h,0e0h,060h
       E0 60
 FDB0  6C 76 66 66 E6 00      C  DB 06ch,076h,066h,066h,0e6h,000h,030h,000h
       30 00
 FDB8  70 30 30 30 78 00      C  DB 070h,030h,030h,030h,078h,000h,00ch,000h
       0C 00
 FDC0  0C 0C 0C CC CC 78      C  DB 00ch,00ch,00ch,0cch,0cch,078h,0e0h,060h
       E0 60
 FDC8  66 6C 78 6C E6 00      C  DB 066h,06ch,078h,06ch,0e6h,000h,070h,030h
       70 30
 FDD0  30 30 30 30 78 00      C  DB 030h,030h,030h,030h,078h,000h,000h,000h
       00 00
 FDD8  CC FE FE D6 C6 00      C  DB 0cch,0feh,0feh,0d6h,0c6h,000h,000h,000h
       00 00
 FDE0  F8 CC CC CC CC 00      C  DB 0f8h,0cch,0cch,0cch,0cch,000h,000h,000h
       00 00
 FDE8  78 CC CC CC 78 00      C  DB 078h,0cch,0cch,0cch,078h,000h,000h,000h
       00 00
 FDF0  DC 66 66 7C 60 F0      C  DB 0dch,066h,066h,07ch,060h,0f0h,000h,000h
       00 00
 FDF8  76 CC CC 7C 0C 1E      C  DB 076h,0cch,0cch,07ch,00ch,01eh,000h,000h
       00 00
 FE00  DC 76 66 60 F0 00      C  DB 0dch,076h,066h,060h,0f0h,000h,000h,000h
       00 00
 FE08  7C C0 78 0C F8 00      C  DB 07ch,0c0h,078h,00ch,0f8h,000h,010h,030h
       10 30
 FE10  7C 30 30 34 18 00      C  DB 07ch,030h,030h,034h,018h,000h,000h,000h
       00 00
 FE18  CC CC CC CC 76 00      C  DB 0cch,0cch,0cch,0cch,076h,000h,000h,000h
       00 00
 FE20  CC CC CC 78 30 00      C  DB 0cch,0cch,0cch,078h,030h,000h,000h,000h
       00 00
 FE28  C6 D6 FE FE 6C 00      C  DB 0c6h,0d6h,0feh,0feh,06ch,000h,000h,000h
       00 00
 FE30  C6 6C 38 6C C6 00      C  DB 0c6h,06ch,038h,06ch,0c6h,000h,000h,000h
       00 00
 FE38  CC CC CC 7C 0C F8      C  DB 0cch,0cch,0cch,07ch,00ch,0f8h,000h,000h
       00 00
 FE40  FC 98 30 64 FC 00      C  DB 0fch,098h,030h,064h,0fch,000h,01ch,030h
       1C 30
 FE48  30 E0 30 30 1C 00      C  DB 030h,0e0h,030h,030h,01ch,000h,018h,018h
       18 18
 FE50  18 00 18 18 18 00      C  DB 018h,000h,018h,018h,018h,000h,0e0h,030h
       E0 30
 FE58  30 1C 30 30 E0 00      C  DB 030h,01ch,030h,030h,0e0h,000h,076h,0dch
       76 DC
 FE60  00 00 00 00 00 00      C  DB 000h,000h,000h,000h,000h,000h,000h,010h
       00 10
 FE68  38 6C C6 C6 FE 00      C  DB 038h,06ch,0c6h,0c6h,0feh,000h,0e9h,03fh
       E9 3F
 FE70  CC 00 00 AA E1 67      C  DB 0cch,000h,000h,0aah,0e1h,067h,0eah,067h
       EA 67
 FE78  64 6B 05 00 00 00      C  DB 064h,06bh,005h,000h,000h,000h,000h,000h
       00 00
 FE80  00 00 00 00 00 00      C  DB 000h,000h,000h,000h,000h,000h,000h,000h
       00 00
 FE88  00 00 00 00 00 00      C  DB 000h,000h,000h,000h,000h,000h,000h,000h
       00 00
 FE90  00 00 00 00 00 00      C  DB 000h,000h,000h,000h,000h,000h,000h,000h
       00 00
 FE98  00 00 00 00 00 00      C  DB 000h,000h,000h,000h,000h,000h,000h,000h
       00 00
 FEA0  00 00 00 00 00 E9      C  DB 000h,000h,000h,000h,000h,0e9h,0c0h,0cdh
       C0 CD
 FEA8  00 10 00 00 00 00      C  DB 000h,010h,000h,000h,000h,000h,000h,000h
       00 00
 FEB0  00 00 00 00 00 00      C  DB 000h,000h,000h,000h,000h,000h,000h,000h
       00 00
 FEB8  00 00 00 00 00 00      C  DB 000h,000h,000h,000h,000h,000h,000h,000h
       00 00
 FEC0  00 00 00 00 00 00      C  DB 000h,000h,000h,000h,000h,000h,000h,000h
       00 00
 FEC8  00 00 00 00 00 00      C  DB 000h,000h,000h,000h,000h,000h,000h,000h
       00 00
 FED0  00 00 00 00 00 00      C  DB 000h,000h,000h,000h,000h,000h,000h,000h
       00 00
 FED8  00 00 00 00 00 00      C  DB 000h,000h,000h,000h,000h,000h,000h,000h
       00 00
 FEE0  00 00 00 6F EF 6F      C  DB 000h,000h,000h,06fh,0efh,06fh,0efh,0c3h
       EF C3
 FEE8  E2 6F EF 6F EF 54      C  DB 0e2h,06fh,0efh,06fh,0efh,054h,0ffh,04ch
       FF 4C
 FEF0  E1 6F EF A5 FE 87      C  DB 0e1h,06fh,0efh,0a5h,0feh,087h,0e9h,06fh
       E9 6F
 FEF8  EF 6F EF 6F EF 6F      C  DB 0efh,06fh,0efh,06fh,0efh,06fh,0efh,057h
       EF 57
 FF00  EF 6F EF 65 F0 4D      C  DB 0efh,06fh,0efh,065h,0f0h,04dh,0f8h,041h
       F8 41
 FF08  F8 59 EC 39 E7 59      C  DB 0f8h,059h,0ech,039h,0e7h,059h,0f8h,02eh
       F8 2E
 FF10  E8 D2 EF D4 E3 F2      C  DB 0e8h,0d2h,0efh,0d4h,0e3h,0f2h,0e6h,06eh
       E6 6E
 FF18  FE 53 FF 53 FF A4      C  DB 0feh,053h,0ffh,053h,0ffh,0a4h,0f0h,0c7h
       F0 C7
 FF20  EF 00 00 BF CC F3      C  DB 0efh,000h,000h,0bfh,0cch,0f3h,0ech,06fh
       EC 6F
 FF28  EF 6F EF 6F EF FC      C  DB 0efh,06fh,0efh,06fh,0efh,0fch,0f0h,06fh
       F0 6F
 FF30  EF 6F EF 00 00 00      C  DB 0efh,06fh,0efh,000h,000h,000h,000h,000h
       00 00
 FF38  00 00 00 00 00 00      C  DB 000h,000h,000h,000h,000h,000h,0ffh,0ffh
       FF FF
 FF40  FF FF 00 FF FF 00      C  DB 0ffh,0ffh,000h,0ffh,0ffh,000h,000h,000h
       00 00
 FF48  00 30 30 30 30 30      C  DB 000h,030h,030h,030h,030h,030h,030h,030h
       30 30
 FF50  30 30 30 CF 60 1E      C  DB 030h,030h,030h,0cfh,060h,01eh,0b8h,040h
       B8 40
 FF58  00 50 1F B0 01 86      C  DB 000h,050h,01fh,0b0h,001h,086h,006h,000h
       06 00
 FF60  01 3C 01 74 6F FB      C  DB 001h,03ch,001h,074h,06fh,0fbh,0b3h,0ffh
       B3 FF
 FF68  B4 02 33 D2 CD 17      C  DB 0b4h,002h,033h,0d2h,0cdh,017h,080h,0e4h
       80 E4
 FF70  A0 79 5C 7A 5A B4      C  DB 0a0h,079h,05ch,07ah,05ah,0b4h,00fh,0cdh
       0F CD
 FF78  10 8A DC B4 03 CD      C  DB 010h,08ah,0dch,0b4h,003h,0cdh,010h,08bh
       10 8B
 FF80  FA 33 C9 32 F6 B0      C  DB 0fah,033h,0c9h,032h,0f6h,0b0h,00dh,0e8h
       0D E8
 FF88  2E 00 B0 0A E8 29      C  DB 02eh,000h,0b0h,00ah,0e8h,029h,000h,03ah
       00 3A
 FF90  36 84 00 76 04 32      C  DB 036h,084h,000h,076h,004h,032h,0dbh,0ebh
       DB EB
 FF98  30 32 D2 3A D3 72      C  DB 030h,032h,0d2h,03ah,0d3h,072h,004h,0feh
       04 FE
 FFA0  C6 EB E2 B4 02 CD      C  DB 0c6h,0ebh,0e2h,0b4h,002h,0cdh,010h,0b4h
       10 B4
 FFA8  08 CD 10 0A C0 75      C  DB 008h,0cdh,010h,00ah,0c0h,075h,002h,0b0h
       02 B0
 FFB0  20 E8 04 00 FE C2      C  DB 020h,0e8h,004h,000h,0feh,0c2h,0ebh,0e3h
       EB E3
 FFB8  32 E4 87 CA CD 17      C  DB 032h,0e4h,087h,0cah,0cdh,017h,087h,0cah
       87 CA
 FFC0  F6 C4 29 75 01 C3      C  DB 0f6h,0c4h,029h,075h,001h,0c3h,05ah,0b3h
       5A B3
 FFC8  FF 8B D7 B4 02 CD      C  DB 0ffh,08bh,0d7h,0b4h,002h,0cdh,010h,0fah
       10 FA
 FFD0  88 1E 00 01 1F 61      C  DB 088h,01eh,000h,001h,01fh,061h,0cfh,000h
       CF 00
 FFD8  00 49 53 41 20 00      C  DB 000h,049h,053h,041h,020h,000h,000h,000h
       00 00
 FFE0  00 60 03 3C E7 45      C  DB 000h,060h,003h,03ch,0e7h,045h,000h,001h
       00 01
 FFE8  02 01 80 00 01 01      C  DB 002h,001h,080h,000h,001h,001h,003h,0b3h
       03 B3
 FFF0  EA 5B E0 00 F0 30      C  DB 0eah,05bh,0e0h,000h,0f0h,030h,033h,02fh
       33 2F
 FFF8  30 38 2F 39 35 00      C  DB 030h,038h,02fh,039h,035h,000h,0fch,0cdh
       FC CD
 00010000		      C SEG_15 ENDS
			      C 
				    INCLUDE CMN_FUNC.INC
			      C ; AUTO-GENERATED
			      C 
			      C 
			      C ; GENERIC DATA STRUCTURES AND LABELS 
			      C 
 = F85F			      C Sys_ChipsetInitTablePtr                  EQU 0f85fh
 = F861			      C Sys_ChipsetInitTableendPtr               EQU 0f861h
 = E6F5			      C Sys_BiosConfigTable                      EQU 0e6f5h
 = FFEC			      C Sys_BiosSupportedFeatures                EQU 0ffech
 = 0001			      C CONST_BiosSupportedFeatures              EQU 01h
			      C 
			      C 
			      C ; COMMON BIOS CONSTANTS 
			      C 
 = 012B			      C BP_CurrentColorStyle                     EQU 012bh
 = 01A5			      C BP_ClipBottomY                           EQU 01a5h
 = EC71			      C Str_BiosString                           EQU 0ec71h
 = 8248			      C CPUSTR_Unknown                           EQU 08248h
 = 81D2			      C CPUNameTable                             EQU 081d2h
 = 2132			      C CPUClockTable                            EQU 02132h
 = 2E7F			      C CPUSupportTable                          EQU 02e7fh
 = D8D0			      C IRQ12Handler                             EQU 0d8d0h
 = E401			      C HDD_PresetTable                          EQU 0e401h
 = 4500			      C BIOS_VERSION                             EQU 04500h
			      C 
			      C 
			      C ; COMMON BIOS FUNCTIONS 
			      C 
			      C  SEGLBL Display_String,                          SEG_15, G_15, 03696h ; Segment 15
 00010000		     1C SEG_15 SEGMENT USE16 PARA PUBLIC 'CODE'
 3696			     1C Display_String:
 3696			     1C SEG_15 ENDS
			      C  SEGLBL Display_CS_String,                       SEG_15, G_15, 010e1h ; Segment 15
 3696			     1C SEG_15 SEGMENT USE16 PARA PUBLIC 'CODE'
 10E1			     1C Display_CS_String:
 10E1			     1C SEG_15 ENDS
			      C  SEGLBL DispStr_RestoreTextAttr,                 SEG_15, G_15, 0386bh ; Segment 15
 10E1			     1C SEG_15 SEGMENT USE16 PARA PUBLIC 'CODE'
 386B			     1C DispStr_RestoreTextAttr:
 386B			     1C SEG_15 ENDS
			      C  SEGLBL Write_Character,                         SEG_15, G_15, 038c3h ; Segment 15
 386B			     1C SEG_15 SEGMENT USE16 PARA PUBLIC 'CODE'
 38C3			     1C Write_Character:
 38C3			     1C SEG_15 ENDS
			      C  SEGLBL DispStr_LF,                              SEG_15, G_15, 027d7h ; Segment 15
 38C3			     1C SEG_15 SEGMENT USE16 PARA PUBLIC 'CODE'
 27D7			     1C DispStr_LF:
 27D7			     1C SEG_15 ENDS
			      C  SEGLBL DispStr_CR,                              SEG_15, G_15, 027ech ; Segment 15
 27D7			     1C SEG_15 SEGMENT USE16 PARA PUBLIC 'CODE'
 27EC			     1C DispStr_CR:
 27EC			     1C SEG_15 ENDS
			      C  SEGLBL DispStr_CRLF,                            SEG_15, G_15, 027d0h ; Segment 15
 27EC			     1C SEG_15 SEGMENT USE16 PARA PUBLIC 'CODE'
 27D0			     1C DispStr_CRLF:
 27D0			     1C SEG_15 ENDS
			      C  SEGLBL SetCursorPosition,                       SEG_15, G_15, 02718h ; Segment 15
 27D0			     1C SEG_15 SEGMENT USE16 PARA PUBLIC 'CODE'
 2718			     1C SetCursorPosition:
 2718			     1C SEG_15 ENDS
			      C  SEGLBL DrawAwardRibbon,                         SEG_15, G_15, 0105bh ; Segment 15
 2718			     1C SEG_15 SEGMENT USE16 PARA PUBLIC 'CODE'
 105B			     1C DrawAwardRibbon:
 105B			     1C SEG_15 ENDS
			      C  SEGLBL CheckIfWarmReboot,                       SEG_15, G_15, 02167h ; Segment 15
 105B			     1C SEG_15 SEGMENT USE16 PARA PUBLIC 'CODE'
 2167			     1C CheckIfWarmReboot:
 2167			     1C SEG_15 ENDS
			      C  SEGLBL PrintPOSTStrings_Full,                   SEG_15, G_15, 0e2eh ; Segment 15
 2167			     1C SEG_15 SEGMENT USE16 PARA PUBLIC 'CODE'
 0E2E			     1C PrintPOSTStrings_Full:
 0E2E			     1C SEG_15 ENDS
			      C  SEGLBL OutPort16,                               SEG_15, G_15, 0109eh ; Segment 15
 0E2E			     1C SEG_15 SEGMENT USE16 PARA PUBLIC 'CODE'
 109E			     1C OutPort16:
 109E			     1C SEG_15 ENDS
			      C  SEGLBL CheckCTRLAltDel,                         SEG_15, G_15, 0c770h ; Segment 15
 109E			     1C SEG_15 SEGMENT USE16 PARA PUBLIC 'CODE'
 C770			     1C CheckCTRLAltDel:
 C770			     1C SEG_15 ENDS
			      C  SEGLBL Reboot,                                  SEG_15, G_15, 0e3d4h ; Segment 15
 C770			     1C SEG_15 SEGMENT USE16 PARA PUBLIC 'CODE'
 E3D4			     1C Reboot:
 E3D4			     1C SEG_15 ENDS
			      C  SEGLBL Wait_Refresh,                            SEG_15, G_15, 0edcch ; Segment 15
 E3D4			     1C SEG_15 SEGMENT USE16 PARA PUBLIC 'CODE'
 EDCC			     1C Wait_Refresh:
 EDCC			     1C SEG_15 ENDS
			      C  SEGLBL APM_Service,                             SEG_15, G_15, 0898dh ; Segment 15
 EDCC			     1C SEG_15 SEGMENT USE16 PARA PUBLIC 'CODE'
 898D			     1C APM_Service:
 898D			     1C SEG_15 ENDS
			      C  SEGLBL Int15h_Handler,                          SEG_15, G_15, 0d920h ; Segment 15
 898D			     1C SEG_15 SEGMENT USE16 PARA PUBLIC 'CODE'
 D920			     1C Int15h_Handler:
 D920			     1C SEG_15 ENDS
			      C  SEGLBL Int15_CheckMouse,                        SEG_15, G_15, 0d931h ; Segment 15
 D920			     1C SEG_15 SEGMENT USE16 PARA PUBLIC 'CODE'
 D931			     1C Int15_CheckMouse:
 D931			     1C SEG_15 ENDS
			      C  SEGLBL EnableProtMode,                          SEG_15, G_15, 01134h ; Segment 15
 D931			     1C SEG_15 SEGMENT USE16 PARA PUBLIC 'CODE'
 1134			     1C EnableProtMode:
 1134			     1C SEG_15 ENDS
			      C  SEGLBL ExitProtModeAfterMemtest,                SEG_15, G_15, 011bch ; Segment 15
 1134			     1C SEG_15 SEGMENT USE16 PARA PUBLIC 'CODE'
 11BC			     1C ExitProtModeAfterMemtest:
 11BC			     1C SEG_15 ENDS
			      C  SEGLBL GetDisplaySwitch,                        SEG_15, G_15, 0d92h ; Segment 15
 11BC			     1C SEG_15 SEGMENT USE16 PARA PUBLIC 'CODE'
 0D92			     1C GetDisplaySwitch:
 0D92			     1C SEG_15 ENDS
			      C  SEGLBL DisplayMemMsg,                           SEG_15, G_15, 01720h ; Segment 15
 0D92			     1C SEG_15 SEGMENT USE16 PARA PUBLIC 'CODE'
 1720			     1C DisplayMemMsg:
 1720			     1C SEG_15 ENDS
			      C  SEGLBL GetCPUString,                            SEG_15, G_15, 081ach ; Segment 15
 1720			     1C SEG_15 SEGMENT USE16 PARA PUBLIC 'CODE'
 81AC			     1C GetCPUString:
 81AC			     1C SEG_15 ENDS
			      C  SEGLBL CalculateBusSpeed,                       SEG_15, G_15, 020f4h ; Segment 15
 81AC			     1C SEG_15 SEGMENT USE16 PARA PUBLIC 'CODE'
 20F4			     1C CalculateBusSpeed:
 20F4			     1C SEG_15 ENDS
			      C  SEGLBL RoundOffClock,                           SEG_15, G_15, 02122h ; Segment 15
 20F4			     1C SEG_15 SEGMENT USE16 PARA PUBLIC 'CODE'
 2122			     1C RoundOffClock:
 2122			     1C SEG_15 ENDS
			      C  SEGLBL InitCpuTypeFromTable,                    SEG_15, G_15, 07f7bh ; Segment 15
 2122			     1C SEG_15 SEGMENT USE16 PARA PUBLIC 'CODE'
 7F7B			     1C InitCpuTypeFromTable:
 7F7B			     1C SEG_15 ENDS
			      C  SEGLBL FinaliseCPUSetup_OpcodeErrorHandler,     SEG_15, G_15, 08426h ; Segment 15
 7F7B			     1C SEG_15 SEGMENT USE16 PARA PUBLIC 'CODE'
 8426			     1C FinaliseCPUSetup_OpcodeErrorHandler:
 8426			     1C SEG_15 ENDS
			      C  SEGLBL ReadCMOSByte,                            SEG_15, G_15, 0e98ah ; Segment 15
 8426			     1C SEG_15 SEGMENT USE16 PARA PUBLIC 'CODE'
 E98A			     1C ReadCMOSByte:
 E98A			     1C SEG_15 ENDS
			      C  SEGLBL ReadCMOSByte_2,                          SEG_15, G_15, 09a26h ; Segment 15
 E98A			     1C SEG_15 SEGMENT USE16 PARA PUBLIC 'CODE'
 9A26			     1C ReadCMOSByte_2:
 9A26			     1C SEG_15 ENDS
			      C  SEGLBL WriteCMOSByte,                           SEG_15, G_15, 0e99bh ; Segment 15
 9A26			     1C SEG_15 SEGMENT USE16 PARA PUBLIC 'CODE'
 E99B			     1C WriteCMOSByte:
 E99B			     1C SEG_15 ENDS
			      C  SEGLBL CMOS_ClearSMIBit,                        SEG_15, G_15, 0844ch ; Segment 15
 E99B			     1C SEG_15 SEGMENT USE16 PARA PUBLIC 'CODE'
 844C			     1C CMOS_ClearSMIBit:
 844C			     1C SEG_15 ENDS
			      C  SEGLBL CMOS_IsSMIBitSet,                        SEG_15, G_15, 0845bh ; Segment 15
 844C			     1C SEG_15 SEGMENT USE16 PARA PUBLIC 'CODE'
 845B			     1C CMOS_IsSMIBitSet:
 845B			     1C SEG_15 ENDS
			      C  SEGLBL CMOS_ApplyCPUFeatureBits,                SEG_15, G_15, 08465h ; Segment 15
 845B			     1C SEG_15 SEGMENT USE16 PARA PUBLIC 'CODE'
 8465			     1C CMOS_ApplyCPUFeatureBits:
 8465			     1C SEG_15 ENDS
			      C  SEGLBL FinalizeCPUSetup_IncompleteAMDCheck,     SEG_15, G_15, 083a5h ; Segment 15
 8465			     1C SEG_15 SEGMENT USE16 PARA PUBLIC 'CODE'
 83A5			     1C FinalizeCPUSetup_IncompleteAMDCheck:
 83A5			     1C SEG_15 ENDS
			      C  SEGLBL MenuChipsetSetup_CMOSIsWBCPU_Buggy,      SEG_15, G_15, 08e94h ; Segment 15
 83A5			     1C SEG_15 SEGMENT USE16 PARA PUBLIC 'CODE'
 8E94			     1C MenuChipsetSetup_CMOSIsWBCPU_Buggy:
 8E94			     1C SEG_15 ENDS
			      C  SEGLBL Out_8042,                                SEG_15, G_15, 0ca3ch ; Segment 15
 8E94			     1C SEG_15 SEGMENT USE16 PARA PUBLIC 'CODE'
 CA3C			     1C Out_8042:
 CA3C			     1C SEG_15 ENDS
			      C  SEGLBL Out_8042_Full,                           SEG_15, G_15, 0ca50h ; Segment 15
 CA3C			     1C SEG_15 SEGMENT USE16 PARA PUBLIC 'CODE'
 CA50			     1C Out_8042_Full:
 CA50			     1C SEG_15 ENDS
			      C  SEGLBL SendCommandToKBC,                        SEG_15, G_15, 0d8dah ; Segment 15
 CA50			     1C SEG_15 SEGMENT USE16 PARA PUBLIC 'CODE'
 D8DA			     1C SendCommandToKBC:
 D8DA			     1C SEG_15 ENDS
			      C  SEGLBL Out_8042_Aux,                            SEG_15, G_15, 0d8d4h ; Segment 15
 D8DA			     1C SEG_15 SEGMENT USE16 PARA PUBLIC 'CODE'
 D8D4			     1C Out_8042_Aux:
 D8D4			     1C SEG_15 ENDS
			      C  SEGLBL Out_8042_Aux_Full,                       SEG_15, G_15, 0d914h ; Segment 15
 D8D4			     1C SEG_15 SEGMENT USE16 PARA PUBLIC 'CODE'
 D914			     1C Out_8042_Aux_Full:
 D914			     1C SEG_15 ENDS
			      C  SEGLBL SetupMouse,                              SEG_15, G_15, 084fch ; Segment 15
 D914			     1C SEG_15 SEGMENT USE16 PARA PUBLIC 'CODE'
 84FC			     1C SetupMouse:
 84FC			     1C SEG_15 ENDS
			      C  SEGLBL SetupMouse_SetIRQ12Handler,              SEG_15, G_15, 08543h ; Segment 15
 84FC			     1C SEG_15 SEGMENT USE16 PARA PUBLIC 'CODE'
 8543			     1C SetupMouse_SetIRQ12Handler:
 8543			     1C SEG_15 ENDS
			      C  SEGLBL CalculateHDDSize_BUGGY1,                 SEG_15, G_15, 056b6h ; Segment 15
 8543			     1C SEG_15 SEGMENT USE16 PARA PUBLIC 'CODE'
 56B6			     1C CalculateHDDSize_BUGGY1:
 56B6			     1C SEG_15 ENDS
			      C  SEGLBL SetPaletteEntry,                         SEG_15, G_15, 0ba2h ; Segment 15
 56B6			     1C SEG_15 SEGMENT USE16 PARA PUBLIC 'CODE'
 0BA2			     1C SetPaletteEntry:
 0BA2			     1C SEG_15 ENDS
			      C  SEGLBL ClearEPAArea,                            SEG_15, G_15, 0cb3h ; Segment 15
 0BA2			     1C SEG_15 SEGMENT USE16 PARA PUBLIC 'CODE'
 0CB3			     1C ClearEPAArea:
 0CB3			     1C SEG_15 ENDS
			      C  SEGLBL ClearEPAAreaAndFadeOut,                  SEG_15, G_15, 0bbch ; Segment 15
 0CB3			     1C SEG_15 SEGMENT USE16 PARA PUBLIC 'CODE'
 0BBC			     1C ClearEPAAreaAndFadeOut:
 0BBC			     1C SEG_15 ENDS
			      C  SEGLBL PerformSingleFadeStep,                   SEG_15, G_15, 0c68h ; Segment 15
 0BBC			     1C SEG_15 SEGMENT USE16 PARA PUBLIC 'CODE'
 0C68			     1C PerformSingleFadeStep:
 0C68			     1C SEG_15 ENDS
			      C  SEGLBL EPAFadeOutLoop,                          SEG_15, G_15, 0c01h ; Segment 15
 0C68			     1C SEG_15 SEGMENT USE16 PARA PUBLIC 'CODE'
 0C01			     1C EPAFadeOutLoop:
 0C01			     1C SEG_15 ENDS
			      C  SEGLBL DisableMenuItem,                         SEG_15, G_15, 03db8h ; Segment 15
 0C01			     1C SEG_15 SEGMENT USE16 PARA PUBLIC 'CODE'
 3DB8			     1C DisableMenuItem:
 3DB8			     1C SEG_15 ENDS
			      C 
			      C 
			      C ; COMMON BIOS STRUCTURES 
			      C 
			      C  SEGLBL ColorStyle_Default,                      SEG_15, G_15, 0284bh ; Segment 15
 3DB8			     1C SEG_15 SEGMENT USE16 PARA PUBLIC 'CODE'
 284B			     1C ColorStyle_Default:
 284B			     1C SEG_15 ENDS
			      C  SEGLBL ColorStyle_ContainsGreen,                SEG_15, G_15, 02887h ; Segment 15
 284B			     1C SEG_15 SEGMENT USE16 PARA PUBLIC 'CODE'
 2887			     1C ColorStyle_ContainsGreen:
 2887			     1C SEG_15 ENDS
			      C  SEGLBL Str_AwardBiosVersion,                    SEG_15, G_15, 0e061h ; Segment 15
 2887			     1C SEG_15 SEGMENT USE16 PARA PUBLIC 'CODE'
 E061			     1C Str_AwardBiosVersion:
 E061			     1C SEG_15 ENDS
			      C  SEGLBL Str_BiosInfo,                            SEG_15, G_15, 0e0c1h ; Segment 15
 E061			     1C SEG_15 SEGMENT USE16 PARA PUBLIC 'CODE'
 E0C1			     1C Str_BiosInfo:
 E0C1			     1C SEG_15 ENDS
			      C  SEGLBL Str_AnEnergyStarAlly,                    SEG_15, G_15, 0dc3h ; Segment 15
 E0C1			     1C SEG_15 SEGMENT USE16 PARA PUBLIC 'CODE'
 0DC3			     1C Str_AnEnergyStarAlly:
 0DC3			     1C SEG_15 ENDS
			      C  SEGLBL Str_Copyright,                           SEG_15, G_15, 0e091h ; Segment 15
 0DC3			     1C SEG_15 SEGMENT USE16 PARA PUBLIC 'CODE'
 E091			     1C Str_Copyright:
 E091			     1C SEG_15 ENDS
			      C  SEGLBL Str_SetupMenuCopyright,                  SEG_15, G_15, 03fadh ; Segment 15
 E091			     1C SEG_15 SEGMENT USE16 PARA PUBLIC 'CODE'
 3FAD			     1C Str_SetupMenuCopyright:
 3FAD			     1C SEG_15 ENDS
			      C 
			      C 
			      C ; MENU DATA 
			      C 
			      C  SEGLBL BIOS_SysBiosMenuTablePtr                ,  SEG_15, G_15, 0f85dh ; Segment 15
 3FAD			     1C SEG_15 SEGMENT USE16 PARA PUBLIC 'CODE'
 F85D			     1C BIOS_SysBiosMenuTablePtr:
 F85D			     1C SEG_15 ENDS
			      C  SEGLBL BIOS_SysBiosMenuTable                   ,  SEG_15, G_15, 02801h ; Segment 15
 F85D			     1C SEG_15 SEGMENT USE16 PARA PUBLIC 'CODE'
 2801			     1C BIOS_SysBiosMenuTable:
 2801			     1C SEG_15 ENDS
 = 0006			      C BIOS_SysBiosMenuEntries                  EQU 06h
			      C  SEGLBL Menu_StandardCmosSetup                  ,  SEG_15, G_15, 02807h ; Segment 15
 2801			     1C SEG_15 SEGMENT USE16 PARA PUBLIC 'CODE'
 2807			     1C Menu_StandardCmosSetup:
 2807			     1C SEG_15 ENDS
			      C  SEGLBL Menu_BiosFeaturesSetup                  ,  SEG_15, G_15, 0280dh ; Segment 15
 2807			     1C SEG_15 SEGMENT USE16 PARA PUBLIC 'CODE'
 280D			     1C Menu_BiosFeaturesSetup:
 280D			     1C SEG_15 ENDS
			      C  SEGLBL Menu_ChipsetFeaturesSetup               ,  SEG_15, G_15, 02813h ; Segment 15
 280D			     1C SEG_15 SEGMENT USE16 PARA PUBLIC 'CODE'
 2813			     1C Menu_ChipsetFeaturesSetup:
 2813			     1C SEG_15 ENDS
			      C  SEGLBL Menu_PowerManagementSetup               ,  SEG_15, G_15, 02819h ; Segment 15
 2813			     1C SEG_15 SEGMENT USE16 PARA PUBLIC 'CODE'
 2819			     1C Menu_PowerManagementSetup:
 2819			     1C SEG_15 ENDS
			      C  SEGLBL Menu_PciConfigurationSetup              ,  SEG_15, G_15, 0281fh ; Segment 15
 2819			     1C SEG_15 SEGMENT USE16 PARA PUBLIC 'CODE'
 281F			     1C Menu_PciConfigurationSetup:
 281F			     1C SEG_15 ENDS
			      C ; HIDDEN Menu item  / 
 = 0008			      C Menuitem_HIDDEN_Unnamed_FLAGS            EQU 08h
			      C  SEGLBL Menuitem_HIDDEN_Unnamed                 ,  SEG_15, G_15, 04026h ; Segment 15
 281F			     1C SEG_15 SEGMENT USE16 PARA PUBLIC 'CODE'
 4026			     1C Menuitem_HIDDEN_Unnamed:
 4026			     1C SEG_15 ENDS
			      C ; HIDDEN Menu item STANDARD CMOS SETUP / Daylight Saving
 = 0008			      C Menuitem_HIDDEN_DaylightSaving_FLAGS     EQU 08h
			      C  SEGLBL Menuitem_HIDDEN_DaylightSaving          ,  SEG_15, G_15, 04a37h ; Segment 15
 4026			     1C SEG_15 SEGMENT USE16 PARA PUBLIC 'CODE'
 4A37			     1C Menuitem_HIDDEN_DaylightSaving:
 4A37			     1C SEG_15 ENDS
			      C  SEGLBL Menuitem_HDD_C                          ,  SEG_15, G_15, 04ab4h ; Segment 15
 4A37			     1C SEG_15 SEGMENT USE16 PARA PUBLIC 'CODE'
 4AB4			     1C Menuitem_HDD_C:
 4AB4			     1C SEG_15 ENDS
			      C  SEGLBL Menuitem_HDD_D                          ,  SEG_15, G_15, 04b7ch ; Segment 15
 4AB4			     1C SEG_15 SEGMENT USE16 PARA PUBLIC 'CODE'
 4B7C			     1C Menuitem_HDD_D:
 4B7C			     1C SEG_15 ENDS
 = 0001			      C BIOS_SupportsDualChannel                 EQU 01h
			      C  SEGLBL Menuitem_HDD_E                          ,  SEG_15, G_15, 04c44h ; Segment 15
 4B7C			     1C SEG_15 SEGMENT USE16 PARA PUBLIC 'CODE'
 4C44			     1C Menuitem_HDD_E:
 4C44			     1C SEG_15 ENDS
			      C  SEGLBL Menuitem_HDD_F                          ,  SEG_15, G_15, 04d0ch ; Segment 15
 4C44			     1C SEG_15 SEGMENT USE16 PARA PUBLIC 'CODE'
 4D0C			     1C Menuitem_HDD_F:
 4D0C			     1C SEG_15 ENDS
			      C ; HIDDEN Menu item BIOS FEATURES SETUP / Virus Warning
 = 0008			      C Menuitem_HIDDEN_VirusWarning_FLAGS       EQU 08h
			      C  SEGLBL Menuitem_HIDDEN_VirusWarning            ,  SEG_15, G_15, 058d6h ; Segment 15
 4D0C			     1C SEG_15 SEGMENT USE16 PARA PUBLIC 'CODE'
 58D6			     1C Menuitem_HIDDEN_VirusWarning:
 58D6			     1C SEG_15 ENDS
			      C ; HIDDEN Menu item BIOS FEATURES SETUP / Boot Up Floppy Seek
 = 0008			      C Menuitem_HIDDEN_BootUpFloppySeek_FLAGS   EQU 08h
			      C  SEGLBL Menuitem_HIDDEN_BootUpFloppySeek        ,  SEG_15, G_15, 0596ch ; Segment 15
 58D6			     1C SEG_15 SEGMENT USE16 PARA PUBLIC 'CODE'
 596C			     1C Menuitem_HIDDEN_BootUpFloppySeek:
 596C			     1C SEG_15 ENDS
			      C ; HIDDEN Menu item BIOS FEATURES SETUP / Boot Up System Speed
 = 0008			      C Menuitem_HIDDEN_BootUpSystemSpeed_FLAGS  EQU 08h
			      C  SEGLBL Menuitem_HIDDEN_BootUpSystemSpeed       ,  SEG_15, G_15, 0599eh ; Segment 15
 596C			     1C SEG_15 SEGMENT USE16 PARA PUBLIC 'CODE'
 599E			     1C Menuitem_HIDDEN_BootUpSystemSpeed:
 599E			     1C SEG_15 ENDS
			      C ; HIDDEN Menu item BIOS FEATURES SETUP / System BIOS Shadow
 = 0008			      C Menuitem_HIDDEN_SystemBiosShadow_FLAGS   EQU 08h
			      C  SEGLBL Menuitem_HIDDEN_SystemBiosShadow        ,  SEG_15, G_15, 05a66h ; Segment 15
 599E			     1C SEG_15 SEGMENT USE16 PARA PUBLIC 'CODE'
 5A66			     1C Menuitem_HIDDEN_SystemBiosShadow:
 5A66			     1C SEG_15 ENDS
			      C ; HIDDEN Menu item BIOS FEATURES SETUP / E0000-E7FFF Shadow
 = 0008			      C Menuitem_HIDDEN_E0000E7fffShadow_FLAGS   EQU 08h
			      C  SEGLBL Menuitem_HIDDEN_E0000E7fffShadow        ,  SEG_15, G_15, 05ae3h ; Segment 15
 5A66			     1C SEG_15 SEGMENT USE16 PARA PUBLIC 'CODE'
 5AE3			     1C Menuitem_HIDDEN_E0000E7fffShadow:
 5AE3			     1C SEG_15 ENDS
			      C ; HIDDEN Menu item BIOS FEATURES SETUP / E8000-EFFFF Shadow
 = 0008			      C Menuitem_HIDDEN_E8000EffffShadow_FLAGS   EQU 08h
			      C  SEGLBL Menuitem_HIDDEN_E8000EffffShadow        ,  SEG_15, G_15, 05afch ; Segment 15
 5AE3			     1C SEG_15 SEGMENT USE16 PARA PUBLIC 'CODE'
 5AFC			     1C Menuitem_HIDDEN_E8000EffffShadow:
 5AFC			     1C SEG_15 ENDS
			      C ; HIDDEN Menu item CHIPSET FEATURES SETUP / MA Drive Capacity
 = 0008			      C Menuitem_HIDDEN_MaDriveCapacity_FLAGS    EQU 08h
			      C  SEGLBL Menuitem_HIDDEN_MaDriveCapacity         ,  SEG_15, G_15, 06236h ; Segment 15
 5AFC			     1C SEG_15 SEGMENT USE16 PARA PUBLIC 'CODE'
 6236			     1C Menuitem_HIDDEN_MaDriveCapacity:
 6236			     1C SEG_15 ENDS
			      C ; HIDDEN Menu item CHIPSET FEATURES SETUP / DRAM Write Burst
 = 0008			      C Menuitem_HIDDEN_DramWriteBurst_FLAGS     EQU 08h
			      C  SEGLBL Menuitem_HIDDEN_DramWriteBurst          ,  SEG_15, G_15, 0629ah ; Segment 15
 6236			     1C SEG_15 SEGMENT USE16 PARA PUBLIC 'CODE'
 629A			     1C Menuitem_HIDDEN_DramWriteBurst:
 629A			     1C SEG_15 ENDS
			      C ; HIDDEN Menu item CHIPSET FEATURES SETUP / Slow Refresh
 = 0008			      C Menuitem_HIDDEN_SlowRefresh_FLAGS        EQU 08h
			      C  SEGLBL Menuitem_HIDDEN_SlowRefresh             ,  SEG_15, G_15, 062b3h ; Segment 15
 629A			     1C SEG_15 SEGMENT USE16 PARA PUBLIC 'CODE'
 62B3			     1C Menuitem_HIDDEN_SlowRefresh:
 62B3			     1C SEG_15 ENDS
			      C ; HIDDEN Menu item CHIPSET FEATURES SETUP / Hidden Refresh
 = 0008			      C Menuitem_HIDDEN_HiddenRefresh_FLAGS      EQU 08h
			      C  SEGLBL Menuitem_HIDDEN_HiddenRefresh           ,  SEG_15, G_15, 062cch ; Segment 15
 62B3			     1C SEG_15 SEGMENT USE16 PARA PUBLIC 'CODE'
 62CC			     1C Menuitem_HIDDEN_HiddenRefresh:
 62CC			     1C SEG_15 ENDS
			      C ; HIDDEN Menu item CHIPSET FEATURES SETUP / Internal Cache WB/WT
 = 0008			      C Menuitem_HIDDEN_InternalCacheWbWt_FLAGS  EQU 08h
			      C  SEGLBL Menuitem_HIDDEN_InternalCacheWbWt       ,  SEG_15, G_15, 062e5h ; Segment 15
 62CC			     1C SEG_15 SEGMENT USE16 PARA PUBLIC 'CODE'
 62E5			     1C Menuitem_HIDDEN_InternalCacheWbWt:
 62E5			     1C SEG_15 ENDS
			      C ; HIDDEN Menu item CHIPSET FEATURES SETUP / Fast Reset Emulation
 = 0008			      C Menuitem_HIDDEN_FastResetEmulation_FLAGS EQU 08h
			      C  SEGLBL Menuitem_HIDDEN_FastResetEmulation      ,  SEG_15, G_15, 0637bh ; Segment 15
 62E5			     1C SEG_15 SEGMENT USE16 PARA PUBLIC 'CODE'
 637B			     1C Menuitem_HIDDEN_FastResetEmulation:
 637B			     1C SEG_15 ENDS
			      C ; HIDDEN Menu item CHIPSET FEATURES SETUP / Fast Reset Latency
 = 0008			      C Menuitem_HIDDEN_FastResetLatency_FLAGS   EQU 08h
			      C  SEGLBL Menuitem_HIDDEN_FastResetLatency        ,  SEG_15, G_15, 06394h ; Segment 15
 637B			     1C SEG_15 SEGMENT USE16 PARA PUBLIC 'CODE'
 6394			     1C Menuitem_HIDDEN_FastResetLatency:
 6394			     1C SEG_15 ENDS
			      C ; HIDDEN Menu item CHIPSET FEATURES SETUP / Latch Local Bus
 = 4008			      C Menuitem_HIDDEN_LatchLocalBus_FLAGS      EQU 04008h
			      C  SEGLBL Menuitem_HIDDEN_LatchLocalBus           ,  SEG_15, G_15, 063adh ; Segment 15
 6394			     1C SEG_15 SEGMENT USE16 PARA PUBLIC 'CODE'
 63AD			     1C Menuitem_HIDDEN_LatchLocalBus:
 63AD			     1C SEG_15 ENDS
			      C ; HIDDEN Menu item CHIPSET FEATURES SETUP / Local Bus Ready
 = 0008			      C Menuitem_HIDDEN_LocalBusReady_FLAGS      EQU 08h
			      C  SEGLBL Menuitem_HIDDEN_LocalBusReady           ,  SEG_15, G_15, 063c6h ; Segment 15
 63AD			     1C SEG_15 SEGMENT USE16 PARA PUBLIC 'CODE'
 63C6			     1C Menuitem_HIDDEN_LocalBusReady:
 63C6			     1C SEG_15 ENDS
			      C ; HIDDEN Menu item CHIPSET FEATURES SETUP / Memory Hole Size
 = 0008			      C Menuitem_HIDDEN_MemoryHoleSize_FLAGS     EQU 08h
			      C  SEGLBL Menuitem_HIDDEN_MemoryHoleSize          ,  SEG_15, G_15, 063dfh ; Segment 15
 63C6			     1C SEG_15 SEGMENT USE16 PARA PUBLIC 'CODE'
 63DF			     1C Menuitem_HIDDEN_MemoryHoleSize:
 63DF			     1C SEG_15 ENDS
			      C ; HIDDEN Menu item CHIPSET FEATURES SETUP / DMA Clock
 = 0008			      C Menuitem_HIDDEN_DmaClock_FLAGS           EQU 08h
			      C  SEGLBL Menuitem_HIDDEN_DmaClock                ,  SEG_15, G_15, 063f8h ; Segment 15
 63DF			     1C SEG_15 SEGMENT USE16 PARA PUBLIC 'CODE'
 63F8			     1C Menuitem_HIDDEN_DmaClock:
 63F8			     1C SEG_15 ENDS
			      C ; HIDDEN Menu item CHIPSET FEATURES SETUP / Memory Relocation
 = 0008			      C Menuitem_HIDDEN_MemoryRelocation_FLAGS   EQU 08h
			      C  SEGLBL Menuitem_HIDDEN_MemoryRelocation        ,  SEG_15, G_15, 06411h ; Segment 15
 63F8			     1C SEG_15 SEGMENT USE16 PARA PUBLIC 'CODE'
 6411			     1C Menuitem_HIDDEN_MemoryRelocation:
 6411			     1C SEG_15 ENDS
			      C ; HIDDEN Menu item POWER MANAGEMENT SETUP / PM Mode
 = 0028			      C Menuitem_HIDDEN_PmMode_FLAGS             EQU 028h
			      C  SEGLBL Menuitem_HIDDEN_PmMode                  ,  SEG_15, G_15, 0683bh ; Segment 15
 6411			     1C SEG_15 SEGMENT USE16 PARA PUBLIC 'CODE'
 683B			     1C Menuitem_HIDDEN_PmMode:
 683B			     1C SEG_15 ENDS
			      C ; HIDDEN Menu item POWER MANAGEMENT SETUP / Break Switch
 = 0028			      C Menuitem_HIDDEN_BreakSwitch_FLAGS        EQU 028h
			      C  SEGLBL Menuitem_HIDDEN_BreakSwitch             ,  SEG_15, G_15, 06854h ; Segment 15
 683B			     1C SEG_15 SEGMENT USE16 PARA PUBLIC 'CODE'
 6854			     1C Menuitem_HIDDEN_BreakSwitch:
 6854			     1C SEG_15 ENDS
			      C ; HIDDEN Menu item POWER MANAGEMENT SETUP / Auto Doze
 = 4028			      C Menuitem_HIDDEN_AutoDoze_FLAGS           EQU 04028h
			      C  SEGLBL Menuitem_HIDDEN_AutoDoze                ,  SEG_15, G_15, 06903h ; Segment 15
 6854			     1C SEG_15 SEGMENT USE16 PARA PUBLIC 'CODE'
 6903			     1C Menuitem_HIDDEN_AutoDoze:
 6903			     1C SEG_15 ENDS
			      C ; HIDDEN Menu item POWER MANAGEMENT SETUP / Auto Standby
 = 4028			      C Menuitem_HIDDEN_AutoStandby_FLAGS        EQU 04028h
			      C  SEGLBL Menuitem_HIDDEN_AutoStandby             ,  SEG_15, G_15, 06935h ; Segment 15
 6903			     1C SEG_15 SEGMENT USE16 PARA PUBLIC 'CODE'
 6935			     1C Menuitem_HIDDEN_AutoStandby:
 6935			     1C SEG_15 ENDS
			      C 

				    ; Code Caves:

				    ; ----------- Common code caves
				    ; 0000-00B1 - 178 Bytes - ROM Copyright start string
				    ; E000-E04F - 80 Bytes - Unused copyright string
				    ; E110-E14B - 60 Bytes - IBM Disclaimer
				    ; ----------- BIOS Specific
				    ; E29C-E2C2 - 39 bytes - Uninitialized
				    ; EAE1-EAFF - 15 bytes - Uninitialized
				    ; EC29-EC58 - 48 bytes - Uninitialized
				    ; ECAF-ECCF - 33 bytes - Uninitialized
				    ; F068-F0A3 - 60 bytes - Uninitialized
				    ; F509-F54F - 71 bytes - Uninitialized
				    ; Total: 660 bytes SAFE code caves
				    ; Verdict: TIGHT

				    ; Restore hidden options
				    UNHIDE_OPTION Menuitem_HIDDEN_MaDriveCapacity
 6935			     2	    SEG_15 SEGMENT USE16 PARA PUBLIC 'CODE'
 6236  0000		     1	    dw Menuitem_HIDDEN_MaDriveCapacity_FLAGS AND (NOT ITEM_Disabled)
 6238			     2	    SEG_15 ENDS
				    UNHIDE_OPTION Menuitem_HIDDEN_DramWriteBurst
 6238			     2	    SEG_15 SEGMENT USE16 PARA PUBLIC 'CODE'
 629A  0000		     1	    dw Menuitem_HIDDEN_DramWriteBurst_FLAGS AND (NOT ITEM_Disabled)
 629C			     2	    SEG_15 ENDS
				    UNHIDE_OPTION Menuitem_HIDDEN_SlowRefresh
 629C			     2	    SEG_15 SEGMENT USE16 PARA PUBLIC 'CODE'
 62B3  0000		     1	    dw Menuitem_HIDDEN_SlowRefresh_FLAGS AND (NOT ITEM_Disabled)
 62B5			     2	    SEG_15 ENDS
				    UNHIDE_OPTION Menuitem_HIDDEN_HiddenRefresh
 62B5			     2	    SEG_15 SEGMENT USE16 PARA PUBLIC 'CODE'
 62CC  0000		     1	    dw Menuitem_HIDDEN_HiddenRefresh_FLAGS AND (NOT ITEM_Disabled)
 62CE			     2	    SEG_15 ENDS
				    UNHIDE_OPTION Menuitem_HIDDEN_InternalCacheWbWt
 62CE			     2	    SEG_15 SEGMENT USE16 PARA PUBLIC 'CODE'
 62E5  0000		     1	    dw Menuitem_HIDDEN_InternalCacheWbWt_FLAGS AND (NOT ITEM_Disabled)
 62E7			     2	    SEG_15 ENDS
				    UNHIDE_OPTION Menuitem_HIDDEN_FastResetEmulation
 62E7			     2	    SEG_15 SEGMENT USE16 PARA PUBLIC 'CODE'
 637B  0000		     1	    dw Menuitem_HIDDEN_FastResetEmulation_FLAGS AND (NOT ITEM_Disabled)
 637D			     2	    SEG_15 ENDS
				    UNHIDE_OPTION Menuitem_HIDDEN_FastResetLatency
 637D			     2	    SEG_15 SEGMENT USE16 PARA PUBLIC 'CODE'
 6394  0000		     1	    dw Menuitem_HIDDEN_FastResetLatency_FLAGS AND (NOT ITEM_Disabled)
 6396			     2	    SEG_15 ENDS
				    UNHIDE_OPTION Menuitem_HIDDEN_LatchLocalBus
 6396			     2	    SEG_15 SEGMENT USE16 PARA PUBLIC 'CODE'
 63AD  4000		     1	    dw Menuitem_HIDDEN_LatchLocalBus_FLAGS AND (NOT ITEM_Disabled)
 63AF			     2	    SEG_15 ENDS
				    UNHIDE_OPTION Menuitem_HIDDEN_LocalBusReady
 63AF			     2	    SEG_15 SEGMENT USE16 PARA PUBLIC 'CODE'
 63C6  0000		     1	    dw Menuitem_HIDDEN_LocalBusReady_FLAGS AND (NOT ITEM_Disabled)
 63C8			     2	    SEG_15 ENDS
				    UNHIDE_OPTION Menuitem_HIDDEN_MemoryHoleSize
 63C8			     2	    SEG_15 SEGMENT USE16 PARA PUBLIC 'CODE'
 63DF  0000		     1	    dw Menuitem_HIDDEN_MemoryHoleSize_FLAGS AND (NOT ITEM_Disabled)
 63E1			     2	    SEG_15 ENDS
				    UNHIDE_OPTION Menuitem_HIDDEN_DmaClock
 63E1			     2	    SEG_15 SEGMENT USE16 PARA PUBLIC 'CODE'
 63F8  0000		     1	    dw Menuitem_HIDDEN_DmaClock_FLAGS AND (NOT ITEM_Disabled)
 63FA			     2	    SEG_15 ENDS
				    UNHIDE_OPTION Menuitem_HIDDEN_MemoryRelocation
 63FA			     2	    SEG_15 SEGMENT USE16 PARA PUBLIC 'CODE'
 6411  0000		     1	    dw Menuitem_HIDDEN_MemoryRelocation_FLAGS AND (NOT ITEM_Disabled)
 6413			     2	    SEG_15 ENDS

				    ; Remove HD presets to create space for PS/2 code
				    include ..\__scripts\nohdtable.inc
			      C ; Include this file to remove the HDD preset parameter table suport.
			      C ; The BIOS' menu itself will be modified accordingly.
			      C ; Results in a free ~500 byte code cave.
			      C ; (C) 2026 Eric Voirin
			      C 
			      C 
			      C     MESSAGE NOHDTABLE, 'Removing HDD Preset Table'
			      C 
			      C     PATCH_CODE_START
 6413			     1C     SEG_15 SEGMENT USE16 PARA PUBLIC 'CODE'
			      C 
			      C ; We put the strings for the menu override here
			      C     ORG offset HDD_PresetTable
			      C 
			      C 
			      C ;;;;;;;;;;;;;;;;;;;;;;;;;;;;;;;;;;;;;;;;;
			      C ; Strings for 4.5x and 6.xx respectively
			      C ;;;;;;;;;;;;;;;;;;;;;;;;;;;;;;;;;;;;;;;;;
			      C 
			      C IF BIOS_VERSION LT 5000h
 = 'None'		      C STR_None EQU 'None'
 = 'Auto'		      C STR_Auto EQU 'Auto'
 = 'User'		      C STR_User EQU 'User'
			      C ELSE
			      C ENDIF
			      C 
			      C ;;;;;;;;;;;;;;;;;;;;;;;;;;;;;;;;;;;;;;;;;
			      C ; Preset entry count, seems like Auto is its own preset??
			      C ;;;;;;;;;;;;;;;;;;;;;;;;;;;;;;;;;;;;;;;;;
			      C 
			      C IFDEF BIOS_SupportsAutoDetect
			      C ELSE
 = 002F			      C PRESET_COUNT EQU 47
			      C ENDIF
			      C 
			      C ;;;;;;;;;;;;;;;;;;;;;;;;;;;;;;;;;;;;;;;;;
			      C ; New item entries for HDD param table for each drive
			      C ;;;;;;;;;;;;;;;;;;;;;;;;;;;;;;;;;;;;;;;;;
			      C 
 E401 4E 6F 6E 65 00	      C HDDC_Items  db STR_None, 0
 E406  002F [		      C             db PRESET_COUNT dup (1)
        01
       ]
			      C 
			      C IFDEF BIOS_SupportsAutoDetect
			      C ENDIF
 E435  01		      C             db 1
 E436  55 73 65 72 00	      C             db STR_User, 0
			      C 
 E43B 4E 6F 6E 65 00	      C HDDD_Items  db STR_None, 0
 E440  002F [		      C             db PRESET_COUNT dup (1)
        01
       ]
			      C IFDEF BIOS_SupportsAutoDetect
			      C ENDIF
 E46F  55 73 65 72 00	      C             db STR_User, 0
 E474  01		      C             db 1
			      C 
			      C IFDEF BIOS_SupportsDualChannel
			      C 
			      C     MESSAGE NOHDTABLE, 'This BIOS supports dual IDE channels.'
			      C 
 E475 4E 6F 6E 65 00	      C HDDE_Items  db STR_None, 0
 E47A  002F [		      C             db PRESET_COUNT dup (1)
        01
       ]
			      C IFDEF BIOS_SupportsAutoDetect
			      C ENDIF
 E4A9  01		      C             db 1
 E4AA  01		      C             db 1
 E4AB  01		      C             db 1
 E4AC  55 73 65 72 00	      C             db STR_User, 0
			      C 
 E4B1 4E 6F 6E 65 00	      C HDDF_Items  db STR_None, 0
 E4B6  002F [		      C             db PRESET_COUNT dup (1)
        01
       ]
			      C IFDEF BIOS_SupportsAutoDetect
			      C ENDIF
 E4E5  01		      C             db 1
 E4E6  01		      C             db 1
 E4E7  55 73 65 72 00	      C             db STR_User, 0
 E4EC			      C 
			      C ENDIF ; BIOS_SupportsDualChannel
			      C 
			      C ; The free Code Cave:tm: starts here
 = E4EC			      C CODECAVE_HDDParams = $
			      C 
			      C ;;;;;;;;;;;;;;;;;;;;;;;;;;;;;;;;;;;;;;;;;
			      C ; Menu item overrides
			      C ;;;;;;;;;;;;;;;;;;;;;;;;;;;;;;;;;;;;;;;;;
			      C HDD_MenuItem_Override MACRO where, newItems
			      C     ORG (where)
			      C     dw 0000000000000b   ; Remove key-in and number showing support
			      C     ORG (where) + 11
			      C     dw offset newItems  ; Point string item selection to the table we made
			      C     ENDM
			      C 
			      C     HDD_MenuItem_Override Menuitem_HDD_C, HDDC_Items
 4AB4  0000		     1C     dw 0000000000000b   ; Remove key-in and number showing support
 4ABF  E401 R		     1C     dw offset HDDC_Items  ; Point string item selection to the table we made
			      C     HDD_MenuItem_Override Menuitem_HDD_D, HDDD_Items
 4B7C  0000		     1C     dw 0000000000000b   ; Remove key-in and number showing support
 4B87  E43B R		     1C     dw offset HDDD_Items  ; Point string item selection to the table we made
			      C 
			      C IFDEF BIOS_SupportsDualChannel
			      C     HDD_MenuItem_Override Menuitem_HDD_E, HDDE_Items
 4C44  0000		     1C     dw 0000000000000b   ; Remove key-in and number showing support
 4C4F  E475 R		     1C     dw offset HDDE_Items  ; Point string item selection to the table we made
			      C     HDD_MenuItem_Override Menuitem_HDD_F, HDDF_Items
 4D0C  0000		     1C     dw 0000000000000b   ; Remove key-in and number showing support
 4D17  E4B1 R		     1C     dw offset HDDF_Items  ; Point string item selection to the table we made
			      C ENDIF
			      C 
			      C     PATCH_CODE_END
 4D19			     1C     SEG_15 ENDS
			      C 

				    ; Add PS2 Mouse Support
				    include ..\__scripts\mouse.inc
			      C ; Mouse Handler Implementation
			      C ; To add mouse support to old BIOSes
			      C ; Original code by AWARD software
			      C ; Modifications by oerg866
			      C 
 = 0022			      C Mouse_FarCallOffset     EQU 22h
 = 0024			      C Mouse_FarCallSegment    EQU 24h
 = 0026			      C Mouse_CountIndex        EQU 26h
 = 0027			      C Mouse_PacketSizeFlags   EQU 27h     ; Packet Size and Flags
 = 0080			      C Mouse_DriverFarCallFlag EQU 080h    ; ^ Bit 7 set = Device Driver Far Call routine is set
 = 0028			      C Mouse_AuxData           EQU 28h     ; 28 - 2F Mouse Aux Data Buffer
			      C 
			      C ; KBC Aux/Mouse Return Codes
 = 00AA			      C KBC_Aux_Code_SelfTestOK EQU 0AAh
 = 00FE			      C KBC_Aux_Code_Resend     EQU 0FEh
 = 00FA			      C KBC_Aux_Code_Ack        EQU 0FAh
 = 00FC			      C KBC_Aux_Code_Error      EQU 0FCh
			      C 
			      C ; KBC Aux/Mouse Command Codes
 = 00E6			      C Cmd_ResetScaling        EQU 0E6h
 = 00E7			      C Cmd_SetScaling          EQU 0E7h
 = 00E8			      C Cmd_SetResolution       EQU 0E8h
 = 00E9			      C Cmd_StatusRequest       EQU 0E9h
 = 00EA			      C Cmd_SetStreamMode       EQU 0EAh
 = 00EB			      C Cmd_ReadData            EQU 0EBh
 = 00EC			      C Cmd_ResetWrapMode       EQU 0ECh
 = 00EE			      C Cmd_SetWrapMode         EQU 0EEh
 = 00F0			      C Cmd_SetRemoteMode       EQU 0F0h
 = 00F2			      C Cmd_ReadDeviceType      EQU 0F2h
 = 00F3			      C Cmd_SetSamplingRate     EQU 0F3h
 = 00F4			      C Cmd_EnableData          EQU 0F4h
 = 00F5			      C Cmd_DisableData         EQU 0F5h
 = 00F6			      C Cmd_SetDefault          EQU 0F6h
 = 00FE			      C Cmd_Resend              EQU 0FEh
 = 00FF			      C Cmd_Reset               EQU 0FFh
			      C 
 = 0060			      C KBC_WriteCMD            EQU 60h
			      C 
 = 0000			      C Int15h_AH_Success               EQU 00h
 = 0001			      C Int15h_AH_InvalidFunction       EQU 01h
 = 0002			      C Int15h_AH_InvalidInput          EQU 02h
 = 0003			      C Int15h_AH_InterfaceError        EQU 03h
 = 0004			      C Int15h_AH_Resend                EQU 04h
 = 0005			      C Int15h_AH_NoFarCallInstalled    EQU 05h
			      C 
			      C ; Int15h Function C2 Stack Frame (INPUT)
 = byte ptr [bp+10h]	      C Int15h_C2_BP_SubFunction    EQU byte ptr [bp+10h] ; al
 = byte ptr [bp+0fh]	      C Int15h_C2_BP_Command        EQU byte ptr [bp+0fh] ; bh
 = word ptr [bp+02h]	      C Int15h_C2_BP_Segment        EQU word ptr [bp+02h] ; es
 = word ptr [bp+0eh]	      C Int15h_C2_BP_Offset         EQU word ptr [bp+0eh] ; bx
			      C ; Int15h Function C2 Stack Frame (OUTPUT)
 = word ptr [bp+16h]	      C Int15h_C2_BP_Flags          EQU word ptr [bp+16h]
 = byte ptr [bp+11h]	      C Int15h_C2_BP_Error          EQU byte ptr [bp+11h] ; ah
 = byte ptr [bp+0fh]	      C Int15h_C2_BP_bh             EQU byte ptr [bp+0fh] ; bh
 = byte ptr [bp+0eh]	      C Int15h_C2_BP_bl             EQU byte ptr [bp+0eh] ; bl
 = byte ptr [bp+0ch]	      C Int15h_C2_BP_cl             EQU byte ptr [bp+0ch] ; cl
 = byte ptr [bp+0ah]	      C Int15h_C2_BP_dl             EQU byte ptr [bp+0ah] ; dl
			      C 
			      C 
			      C     MESSAGE MOUSE, 'Adding PS/2 Support'
			      C 
 4D19			      C SEG_15 SEGMENT USE16 PARA PUBLIC 'CODE'
			      C 
			      C     org offset CODECAVE_HDDParams
			      C 
 E4EC			      C IRQ12_New:
			      C ;;    push ax
			      C ;;    push bx
			      C ;;    push cx
			      C ;;    push si
			      C ;;    push di
			      C ;;    push bp
 E4EC  60		      C     pusha
 E4ED  1E		      C     push ds
 E4EE  06		      C     push es
 E4EF  FC		      C     cld
 E4F0  E4 60		      C     in al, KBC_DataPort
 E4F2  FB		      C     sti
			      C 
 E4F3  E8 0096		      C     call getXBDASegmentIntoDS
			      C     assume ds:nothing   ; <-- why?
			      C 
 E4F6  8A 1E 0026	      C     mov bl, ds:Mouse_CountIndex
 E4FA  80 26 0026 F8	      C     and byte ptr ds:Mouse_CountIndex, 0f8h  ; Clear count index
 E4FF  32 FF		      C     xor bh, bh
 E501  80 E3 07		      C     and bl, 7
			      C 
			      C     ; Set mouse data
 E504  88 47 28		      C     mov ds:Mouse_AuxData[bx], al
			      C     ; Get packet size
 E507  8A 3E 0027	      C     mov bh, ds:Mouse_PacketSizeFlags
 E50B  80 E7 07		      C     and bh, 7
			      C     ; If complete packet was received, do a far call
 E50E  FE C3		      C     inc bl
 E510  38 FB		      C     cmp bl, bh
 E512  77 35		      C     ja IRQ12_DoFarCall
			      C     ; If not, set new Count Index
 E514  08 1E 0026	      C     or ds:Mouse_CountIndex, bl
			      C     
			      C     ; Check data packet
			      C     ; !!! This used to be a separate function, but this is the only caller
			      C     ; !!! and older BIOSes infact had this inline, so we save 4 bytes.
 E518			      C Mouse_CheckDataPacket:
			      C     ; Loop count
 E518  B9 00A5		      C     mov cx, 5*33
 E51B			      C Mouse_CheckDataPacket_Loop:
 E51B  E4 64		      C     in al, 64h
			      C     IODELAY
 E51D  EB 00		     1C     jmp short $+2
 E51F  EB 00		     1C     jmp short $+2
 E521  FB		      C     sti
			      C     ; TODO - Check what status code is being checked here
			      C     ; Is KBC ready?
 E522  24 21		      C     and al, 21h
 E524  3C 21		      C     cmp al, 21h ; '!'
 E526  74 1F		      C     jz short Mouse_CheckDataPacket_End
 E528  51		      C     push cx
 E529  53		      C     push bx
 E52A  B9 0001		      C     mov cx, 1
 E52D  33 DB		      C     xor bx, bx
 E52F  E8 089A		      C     call Wait_Refresh
 E532  5B		      C     pop bx
 E533  59		      C     pop cx
 E534  E2 E5		      C     loop Mouse_CheckDataPacket_Loop
			      C 
 E536  80 26 0026 F8	      C     and byte ptr ds:Mouse_CountIndex, 0f8h
 E53B  1E		      C     push ds
 E53C  07		      C     pop es
			      C     assume es:nothing
 E53D  FC		      C     cld
			      C 
			      C ; Clear aux data buffer
 E53E  BF 0028		      C     mov di, offset Mouse_AuxData
 E541  33 C0		      C     xor ax, ax
 E543  AB		      C     stosw
 E544  AB		      C     stosw
 E545  AB		      C     stosw
 E546  AB		      C     stosw
			      C 
 E547			      C Mouse_CheckDataPacket_End:
			      C     ; End the interrupt
 E547  EB 36		      C     jmp short IRQ12_Exit
			      C 
			      C     ; Do far call for mouse driver
 E549			      C IRQ12_DoFarCall:
			      C     ; If a mouse driver routine isn't installed, get out
 E549  F6 06 0027 80	      C     test byte ptr ds:Mouse_PacketSizeFlags, Mouse_DriverFarCallFlag
 E54E  74 2F		      C     jz short IRQ12_Exit
			      C 
			      C     ; Put packet size into bx
 E550  86 DF		      C     xchg bl, bh
 E552  32 FF		      C     xor bh, bh
			      C     ; Prepare loop
 E554  8B CB		      C     mov cx, bx
 E556  41		      C     inc cx
			      C     ; Get Translation Table Address for our packet size
 E557  8B F3		      C     mov si, bx
 E559  D1 E6		      C     shl si, 1
 E55B  8D 1E 0071 R	      C     lea bx, cs:PacketSizeTable
 E55F  2E: 8B 18	      C     mov bx, word ptr cs:[bx+si]
			      C 
			      C     ; Set and clear stack
 E562  33 C0		      C     xor ax, ax
 E564  50		      C     push ax
 E565  50		      C     push ax
 E566  50		      C     push ax
 E567  50		      C     push ax
 E568  8B EC		      C     mov bp, sp
 E56A  BE 0028		      C     mov si, Mouse_AuxData
			      C 
 E56D			      C IRQ12_SetStackLoop:
			      C     ; Get stack relative position
 E56D  2E: 8A 07	      C     mov al, cs:[bx]
 E570  8B F8		      C     mov di, ax
			      C     ; Get mouse data and store it in stack
 E572  AC		      C     lodsb
 E573  88 03		      C     mov [bp+di], al
 E575  43		      C     inc bx
 E576  E2 F5		      C     loop IRQ12_SetStackLoop
			      C     ; Call driver service
 E578  FF 1E 0022	      C     call dword ptr ds:Mouse_FarCallOffset
 E57C  83 C4 08		      C     add sp, 8
			      C 
 E57F			      C IRQ12_Exit:
			      C     ; End of interrupt
 E57F  FA		      C     cli
 E580  B0 20		      C     mov al, 20h
 E582  E6 A0		      C     out 0a0h, al
 E584  E7 E1		      C     out 0e1h, ax
 E586  E6 20		      C     out 020h, al
 E588  07		      C     pop es
 E589  1F		      C     pop ds
			      C ;;    pop bp
			      C ;;    pop di
			      C ;;    pop si
			      C ;;    pop cx
			      C ;;    pop bx
			      C ;;    pop ax
 E58A  61		      C     popa
 E58B  CF		      C     iret
			      C 
 E58C			      C GetXBDASegmentIntoDS:
 E58C  6A 40		      C     push Bios_RAM_Segment
 E58E  1F		      C     pop ds
 E58F  FF 36 000E	      C     push [word ptr ds:RAM_ExtData_Segment_ID]
 E593  1F		      C     pop ds
 E594  C3		      C     retn
			      C 
			      C ;;;;;;;;;;;;;;;;;;;;;;;;;;;;;;;;;;;;;;;;;;;;;;;;;;;;;;
			      C ; Int15 Handler Code
			      C 
 E595			      C Int15h_MouseFunction:
			      C ;;; [o866] I think this may be an archaic leftover and we can just assume this
			      C ;;; so get rid of it
			      C ;;    ; this checks for "wait for external event supported" - whatever that is
			      C ;;    test cs:Sys_BiosConfigTable+5, 4
			      C ;;    jnz short Int15h_MouseFunction_Process
			      C ;;    jmp Int15h_ContinueProcessing
			      C ;;Int15h_MouseFunction_Process:
			      C 
			      C     ; Check if mouse present
 E595  06		      C     push es
 E596  6A 40		      C     push Bios_RAM_Segment
 E598  07		      C     pop es
			      C     assume es:nothing
 E599  26: F6 06 0010 04      C     test byte ptr es:RAM_Bios_Hardware, 4
 E59F  07		      C     pop es
			      C     assume es:nothing
			      C     ; Mouse not present, go back to int15 main path
			      C     _JZ Int15h_ContinueProcessing
 E5A0  0F 84		     1C     db 0fh, 084h
 E5A2  F3A1		     1C     dw (offset Int15h_ContinueProcessing)-$-2
			      C 
 E5A4			      C Int15h_MousePresent:
			      C 
			      C     ; Build a stack frame
 E5A4  50		      C     push ax   ; [bp+10]
 E5A5  53		      C     push bx   ; [bp+0e]
 E5A6  51		      C     push cx   ; [bp+0c]
 E5A7  52		      C     push dx   ; [bp+0a]
 E5A8  56		      C     push si   ; [bp+08]
 E5A9  57		      C     push di   ; [bp+06]
 E5AA  1E		      C     push ds   ; [bp+04]
 E5AB  06		      C     push es   ; [bp+02]
 E5AC  55		      C     push bp   ; [bp+00]
 E5AD  8B EC		      C     mov bp, sp
			      C 
			      C     ; Disable Aux output buffer full (AOBF) interrupt
			      C     ; we dont need DX, so we can use it to store AL which gets clobbered in DisableAOBFIrq
 E5AF  8B D0		      C     mov dx, ax
 E5B1  E8 0106		      C     call DisableAOBFIrq
			      C 
			      C     ; Data segment for the C2 handler is the XBDA
 E5B4  E8 FFD5		      C     call GetXBDASegmentIntoDS
			      C 
			      C     ; Since we moved AX into DX earlier, the function from AH ended up in DH...
 E5B7  80 FE C1		      C     cmp dh, 0C1h
 E5BA  75 05		      C     jnz short Int15h_C2_Handler
			      C 
			      C ;;;;;;;;;;;;;;;;;;;;;;;;;;;;;;;;;;;;;;;;;;;;;;;;;;;;;;
			      C ; Int15h Function C1 Handler - Get Extended Data Segment
			      C ; Outputs XBDA segment in ES and leaves the interrupt outright
 E5BC			      C Int15h_C1_Handler:
			      C     ; The XBDA segment is already in DS, just move it to ES on the stack frame
			      C     ; to have it returned to the caller
 E5BC  8C 5E 02		      C     mov Int15h_C2_BP_Segment, ds
 E5BF  EB 30		      C     jmp short Int15h_C1_Exit
			      C 
			      C ;;;;;;;;;;;;;;;;;;;;;;;;;;;;;;;;;;;;;;;;;;;;;;;;;;;;;;
			      C ; Int15h Function C2 Handler - Pointing Device Interface
 E5C1			      C Int15h_C2_Handler:
 E5C1  F6 C2 F8		      C     test dl, 0f8h
 E5C4  75 10		      C     jnz short Int15h_C2_InvalidFunctionError
			      C 
			      C     ; Get handler offset for this subfunction from table and jump to it
 E5C6  BE 0040 R	      C     mov si, offset Int15h_C2_SubFunctionTable
 E5C9  32 F6		      C     xor dh, dh
 E5CB  D1 E2		      C     shl dx, 1
 E5CD  03 F2		      C     add si, dx
 E5CF  2E: FF 24	      C     jmp word ptr cs:[si]
			      C 
			      C ; Error handling
 E5D2			      C Int15h_C2_Success:
			      C     ; Set flags on stack frame for success and
			      C     ; the return code in AL we put on the stack frame later
 E5D2  33 C0		      C     xor ax, ax
 E5D4  EB 10		      C     jmp short Int15h_C2_Exit
 E5D6			      C Int15h_C2_InvalidFunctionError:
			      C ;;    mov Int15h_C2_BP_Error, Int15h_AH_InvalidFunction
 E5D6  B0 01		      C     mov al, Int15h_AH_InvalidFunction
 E5D8  EB 0A		      C     jmp short Int15h_C2_ErrorExit
 E5DA			      C Int15h_C2_InvalidInputError:
			      C ;;    mov Int15h_C2_BP_Error, Int15h_AH_InvalidInput
 E5DA  B0 02		      C     mov al, Int15h_AH_InvalidInput
 E5DC  EB 06		      C     jmp short Int15h_C2_ErrorExit
 E5DE			      C Int15h_C2_InterfaceError:
			      C ;;    mov Int15h_C2_BP_Error, Int15h_AH_InterfaceError
 E5DE  B0 03		      C     mov al, Int15h_AH_InterfaceError
 E5E0  EB 02		      C     jmp short Int15h_C2_ErrorExit
 E5E2			      C Int15h_C2_NoFarCallInstalledError:
			      C ;;    mov Int15h_C2_BP_Error, Int15h_AH_NoFarCallInstalled
 E5E2  B0 05		      C     mov al, Int15h_AH_NoFarCallInstalled
 E5E4			      C Int15h_C2_ErrorExit:
			      C     ; Set carry flag in stack frame
 E5E4  B4 01		      C     mov ah, 01h
			      C ;;;;;;;;;;;;;;;;;;;;;;;;;;;;;;;;;;;;;;;;;;;;;;;;;;;;;;;;;;;;
			      C ; Int 15h / C2 EXIT path
			      C ; Expects RETURN CODE for error on stack frame in AL
			      C ; Expects FLAGS for flags on stack frame in AH (!!!)
 E5E6			      C Int15h_C2_Exit:
 E5E6  88 46 11		      C     mov Int15h_C2_BP_Error, al
 E5E9  81 66 16 00FE	      C     and Int15h_C2_BP_Flags, 0FEh
 E5EE  08 66 16		      C     or byte ptr Int15h_C2_BP_Flags, ah
			      C 
 E5F1			      C Int15h_C1_Exit:
			      C     ; Re-Enable AOBF IRQ
 E5F1  E8 00D2		      C     call EnableAOBFIrq
			      C     ; Restore stack & exit
 E5F4  5D		      C     pop bp
 E5F5  07		      C     pop es
 E5F6  1F		      C     pop ds
 E5F7  5F		      C     pop di
 E5F8  5E		      C     pop si
 E5F9  5A		      C     pop dx
 E5FA  59		      C     pop cx
 E5FB  5B		      C     pop bx
 E5FC  58		      C     pop ax
 E5FD  CF		      C     iret
			      C 
			      C ;;;;;;;;;;;;;;;;;;;;;;;;;;;;;;;;;;;;;;;;;;;;;;;;;;;;;;
			      C ; Int15h C2 SubFunction 0: Enable/Disable mouse
			      C ;; DISREGARD THIS -> bh: 0 = disable, 1 = enable
			      C ; bh nonzero = enable, 0 = disable
			      C ; This is a deviation from original AWD bios but much smaller
			      C ; cf: 0 = no error, 1 = error
 E5FE			      C Int15h_C2_EnableDisableMouse:
 E5FE  F6 06 0027 80	      C     test byte ptr ds:Mouse_PacketSizeFlags, Mouse_DriverFarCallFlag
 E603  74 DD		      C     jz short Int15h_C2_NoFarCallInstalledError
			      C     ;; AL F4h / BH 1 = enable
 E605  B0 F4		      C     mov al, Cmd_EnableData
 E607  0A FF		      C     or bh, bh
			      C     ;; BH 1 = enable --> skip setting AL to disable command
 E609  75 02		      C     jnz short Int15h_C2_EnableDisableMouse_NotDisable
 E60B  FE C0		      C     inc al ; al is now "disable mouse" command
			      C     ; fallthrough
			      C 
 E60D			      C Int15h_C2_EnableDisableMouse_NotDisable:
			      C 
			      C ;;;;;;;;;;;;;;;;;;;;;;;;;;;;;;;;;;;;;;;;;;;;;;;;;;;;;;
			      C ;; Code path  jump point for sending a byte out and waiting for ack
			      C ;; and then taking C2 exit path
 E60D			      C Int15h_C2_SendByteWaitAckAndExit:
 E60D  E8 1A22		      C     call Out_8042_Aux_And_WaitAck_NoReturnOnError
 E610  EB D4		      C     jmp short Int15h_C2_Exit
			      C 
			      C ;;;;;;;;;;;;;;;;;;;;;;;;;;;;;;;;;;;;;;;;;;;;;;;;;;;;;;
			      C ; Int15h C2 SubFunction 1: Reset Pointing Device
			      C ; cf: 0 = no error, 1 = error
 E612			      C Int15h_C2_ResetMouse:
			      C     ; clear mouse packet buffer before sending
 E612  32 FF		      C     xor bh, bh ; Reset mouse command resets packet size in OG funcition
 E614  B2 01		      C     mov dl, 1
			      C 
			      C ;;;;;;;;;;;;;;;;;;;;;;;;;;;;;;;;;;;;;;;;;;;;;;;;;;;;;;
			      C ; Code path jump point for RESETTING THE MOUSE and SETTING THE PACKET SIZE
			      C ; bh = Packet size
			      C ; DX = 1 - store returned ID in stack frame's BX
			      C ;      0 - don't store result in stack frame's BX
 E616			      C Int15h_C2_ResetMouse_Execute:
			      C     ; Set packet size to given value
 E616  BE 0027		      C     mov si, Mouse_PacketSizeFlags
 E619  80 24 F8		      C     and byte ptr ds:[si], 0f8h
 E61C  08 3C		      C     or byte ptr ds:[si], bh
			      C 
			      C     ; Number of (re)tries
 E61E  B3 0A		      C     mov bl, 10
 E620			      C Int15h_C2_ResetMouse_TryLoop:
			      C     ; Send "reset" command to the mouse
 E620  B0 FF		      C     mov al, Cmd_Reset
 E622  E8 F2AF		      C     call Out_8042_Aux
			      C 
			      C     ; Sending command failed - I/F error
 E625  75 B7		      C     jnz short Int15h_C2_InterfaceError
			      C 
			      C     ; Wait for Ack
 E627  E8 19D6		      C     call Int15h_C2_WaitAck
			      C     ; Ack received? Success, leave the try-loop
 E62A  74 06		      C     jz short Int15h_C2_ResetMouse_GetID
			      C 
			      C     ; If not, loop
 E62C  FE CB		      C     dec bl
 E62E  75 F0		      C     jnz short Int15h_C2_ResetMouse_TryLoop
			      C 
			      C     ; !!!!!!!!!!!!!!!!!!!!!!!!
			      C     ; Timeout occurred
			      C     ; This can only come from WaitAck so the error code and flags are in place
			      C     ; and we move to C2 exit code path
 E630  EB B4		      C     jmp short Int15h_C2_Exit
			      C 
			      C     ; At this point we got an acknowledgement to our command
 E632			      C Int15h_C2_ResetMouse_GetID:
 E632  E8 19F4		      C     call ReadAuxData_NoReturnOnError
 E635  8A D8		      C     mov bl, al  ; Store data into BX for later
			      C 
			      C ;; Hacky jump point because this call + storage + success jump is duplicated below 
 E637			      C Int15_C2_ResetMouse_ReadLastByteAndJumpOnSuccess:
 E637  E8 19EF		      C     call ReadAuxData_NoReturnOnError
 E63A  8A F8		      C     mov bh, al ; Store data into BX for later
			      C 
			      C ;; We can move BL and BH on the stack frame on demand
			      C ;; DX = 0 means DONT do that
 E63C  0B D2		      C     or dx, dx
 E63E  74 03		      C     jz short SkipWritingResultIntoBH
 E640  89 5E 0E		      C     mov Int15h_C2_BP_Offset, bx
 E643			      C SkipWritingResultIntoBH:
 E643  EB 8D		      C     jmp Int15h_C2_Success
			      C 
			      C ;;;;;;;;;;;;;;;;;;;;;;;;;;;;;;;;;;;;;;;;;;;;;;;;;;;;;;
			      C ; Int15h C2 SubFunction 2: Set Sampling Rate
			      C ; bh on stack frame = sample rate table index
			      C ; cf: 0 = no error, 1 = error
 E645			      C Int15h_C2_SetSamplingRate:
			      C     ; Check if input is valid
			      C 
 E645  80 FF 06		      C     cmp bh, 6
			      C     _JA Int15h_C2_InvalidInputError
 E648  0F 87		     1C     db 0fh, 087h
 E64A  FF8E		     1C     dw (offset Int15h_C2_InvalidInputError)-$-2
			      C 
			      C     ; Send "Set report rate" command and wait for ack
 E64C  B0 F3		      C     mov al, Cmd_SetSamplingRate
 E64E  E8 19E1		      C     call Out_8042_Aux_And_WaitAck_NoReturnOnError
			      C 
			      C     ; Read report rate from table based on index
 E651  8A DF		      C     mov bl, bh
 E653  32 FF		      C     xor bh, bh
 E655  2E: 8A 87 0050 R	      C     mov al, byte ptr cs:[bx+Int15h_C2_SampleRateTable]
			      C 
			      C     ; Send report rate to the mouse
 E65A  EB B1		      C     jmp short Int15h_C2_SendByteWaitAckAndExit
			      C 
			      C ;;;;;;;;;;;;;;;;;;;;;;;;;;;;;;;;;;;;;;;;;;;;;;;;;;;;;;
			      C ; Int15h C2 SubFunction 3: Set Resolution
			      C ; bh on stack frame = Resolution value (0-3)
			      C ; cf: 0 = no error, 1 = error
 E65C			      C Int15h_C2_SetResolution:
			      C     ; Check parameter for validity
 E65C  80 FF 03		      C     cmp bh, 3
			      C     _JA Int15h_C2_InvalidInputError
 E65F  0F 87		     1C     db 0fh, 087h
 E661  FF77		     1C     dw (offset Int15h_C2_InvalidInputError)-$-2
			      C 
			      C     ; Send "set resolution" command to the mouse and wait for ack
 E663  B0 E8		      C     mov al, Cmd_SetResolution
 E665  E8 19CA		      C     call Out_8042_Aux_And_WaitAck_NoReturnOnError
			      C 
			      C     ; Ack ok, send the resolution value
 E668  8A C7		      C     mov al, bh
 E66A  EB A1		      C     jmp short Int15h_C2_SendByteWaitAckAndExit
			      C 
			      C 
			      C ;;;;;;;;;;;;;;;;;;;;;;;;;;;;;;;;;;;;;;;;;;;;;;;;;;;;;;
			      C ; Int15h C2 SubFunction 4: Read Aux Device Type
			      C ; cf: 0 = no error, 1 = error
 E66C			      C Int15h_C2_ReadDeviceType:
			      C     ; Send "read type" command to the mouse and wait for ack
 E66C  B0 F2		      C     mov al, Cmd_ReadDeviceType
 E66E  E8 19C1		      C     call Out_8042_Aux_And_WaitAck_NoReturnOnError
			      C 
			      C     ; Ack ok, read the response
 E671  B2 01		      C     mov dl, 1 ;; Force writing result into BH
 E673  EB C2		      C     jmp short Int15_C2_ResetMouse_ReadLastByteAndJumpOnSuccess
			      C 
			      C ;;;;;;;;;;;;;;;;;;;;;;;;;;;;;;;;;;;;;;;;;;;;;;;;;;;;;;
			      C ; Int15h C2 SubFunction 5: Mouse Initialization
			      C ; bh on stack frame = packet size (1-8 bytes)
			      C ; cf: 0 = no error, 1 = error
 E675			      C Int15h_C2_MouseInit:
			      C     ; Check supplied packet size
 E675  FE CF		      C     dec bh  ;; so a zero which is invalid would become 0FFh, thus the unsigned comparison catches all
 E677  80 FF 07		      C     cmp bh, 7
			      C     _JA Int15h_C2_InvalidInputError
 E67A  0F 87		     1C     db 0fh, 087h
 E67C  FF5C		     1C     dw (offset Int15h_C2_InvalidInputError)-$-2
			      C 
 E67E  33 D2		      C     xor dx, dx ;; DX = 0 -> Do not write the result
			      C     ; The rest of the code path is so similar to ResetMouse
			      C     ; that I just decided to use it outright.
			      C     ; Close enough (tm)
 E680  EB 94		      C     jmp Int15h_C2_ResetMouse_Execute
			      C 
			      C ;;;;;;;;;;;;;;;;;;;;;;;;;;;;;;;;;;;;;;;;;;;;;;;;;;;;;;
			      C ; Int15h C2 SubFunction 6: Extended Commands
			      C ; bl on stack frame = Extended Command
			      C ;   -> 0 = return status, 1 = set scale to 1:1, 2 = set scale to 2:1
			      C ; cf: 0 = no error, 1 = error
 E682			      C Int15h_C2_ExtendedCommand:
 E682  0A FF		      C     or bh, bh
 E684  74 10		      C     jz short Int15h_C2_ExtendedCommand_GetStatus
			      C 
 E686  FE CF		      C     dec bh
			      C 
			      C     ; If it is 0 now: Int15h C2 SubFunction 6, 1: Set scaling to 1:1
 E688  B0 E6		      C     mov al, Cmd_ResetScaling
 E68A  74 07		      C     jz short Int15h_C2_ExtendedCommand_Scale21_Execute
			      C 
			      C 
			      C     ; If it is 0 now: Int15h C2 SubFunction 6, 2: Set scaling to 2:1
 E68C  40		      C     inc ax ; AL is now Cmd_SetScaling
 E68D  FE CF		      C     dec bh
			      C 
			      C     ; Also not it? Then we leave
			      C     _JNZ Int15h_C2_InvalidFunctionError
 E68F  0F 85		     1C     db 0fh, 085h
 E691  FF43		     1C     dw (offset Int15h_C2_InvalidFunctionError)-$-2
			      C 
			      C ; Execution code path for C2/6 scaling commands 0/1
 E693			      C Int15h_C2_ExtendedCommand_Scale21_Execute:
 E693  E9 FF77		      C     jmp Int15h_C2_SendByteWaitAckAndExit
			      C 
			      C ;;;;;;;;;;;;;;;;;;;;;;;;;;;;;;;;;;;;;;;;;;;;;;;;;;;;;;
			      C ; Int15h C2 SubFunction 6, 0: Get status
			      C ; The format of this is complex and I have no clue about it
			      C ; but the result is put in BL, CL and DL on the stack frame
 E696			      C Int15h_C2_ExtendedCommand_GetStatus:
			      C     ; Send status request command to aux device
 E696  B0 E9		      C     mov al, Cmd_StatusRequest
 E698  E8 1997		      C     call Out_8042_Aux_And_WaitAck_NoReturnOnError
			      C 
			      C     ; We can now theoretically read the status bytes from the mouse
			      C ;;    call ReadAuxData_NoReturnOnError
			      C ;;    mov Int15h_C2_BP_bl, al
			      C ;;    call ReadAuxData_NoReturnOnError
			      C ;;    mov Int15h_C2_BP_cl, al
			      C ;;    call ReadAuxData_NoReturnOnError
			      C ;;    mov Int15h_C2_BP_dl, al
			      C 
			      C     ;; [o866] shit man, this is 13 bytes but kind of disgusting
 E69B  BE 0004		      C     mov si, 04h
 E69E			      C fdsfsd:
 E69E  E8 1988		      C     call ReadAuxData_NoReturnOnError
 E6A1  88 42 0A		      C     mov byte ptr [bp + si + 0ah], al    ;; This stupid contraption writes to bp+0eh (bl), bp+0ch (cl), bp+0ah (dl)
 E6A4  4E		      C     dec si
 E6A5  4E		      C     dec si
 E6A6  75 F6		      C     jnz short fdsfsd
			      C 
			      C     ; All read ok, get out
 E6A8  E9 FF27		      C     jmp Int15h_C2_Success
			      C 
			      C ;;;;;;;;;;;;;;;;;;;;;;;;;;;;;;;;;;;;;;;;;;;;;;;;;;;;;;
			      C ; Int15h C2 SubFunction 7: Set Device Driver Far Call address
			      C ; ES:BX on stack frame = Driver's far call address
 E6AB			      C Int15h_C2_SetDriverFarCall:
			      C     ; Technically ES and BX on stack frame are supposed to be used
			      C     ; But these two registers have NOT been touched yet, so we can
			      C     ; use them outright
 E6AB  BE 0022		      C     mov si, offset Mouse_FarCallOffset
 E6AE  89 1C		      C     mov ds:[si], bx
 E6B0  8C 44 02		      C     mov ds:[si+2], es
 E6B3  80 4C 05 80	      C     or byte ptr ds:[si+5], Mouse_DriverFarCallFlag
			      C     ; This routine can't fail but it really ought to on NULL.
			      C     ; Whatever, it's worked for hundereds of years...
 E6B7  E9 FF18		      C     jmp Int15h_C2_Success
			      C 
			      C ;;;;;;;;;;;;;;;;;;;;;;;;;;;;;;;;;;;;;;;;;;;;;;;;;;;;;;
			      C ; Disable AOBF IRQ In KBC
			      C ; cf: 0 = No error, 1 = KBC error 
 E6BA			      C DisableAOBFIrq:
			      C ;;    mov cl, KBC_WriteCMD
 E6BA  B0 65		      C     mov al, 65h
 E6BC			      C DisableAOBFIrq_Execute:
 E6BC  B1 60		      C     mov cl, KBC_WriteCMD
 E6BE  E8 F219		      C     call SendCommandToKBC
 E6C1  F8		      C     clc
 E6C2  74 01		      C     jz short DisableAOBFIrq_SkipSuccess
 E6C4  F9		      C     stc
 E6C5			      C DisableAOBFIrq_SkipSuccess:
 E6C5  C3		      C     retn
			      C 
			      C ;;;;;;;;;;;;;;;;;;;;;;;;;;;;;;;;;;;;;;;;;;;;;;;;;;;;;;
			      C ; Enable AOBF IRQ In KBC
			      C ; cf: 0 = No error, 1 = KBC error 
 E6C6			      C EnableAOBFIrq:
 E6C6  B0 47		      C     mov al, 47h
			      C     ;; Enable = Disable with a different command value
 E6C8  EB F2		      C     jmp short DisableAOBFIrq_Execute
			      C 
 E6CA			      C Int15_C2_TryAuxFull:
			      C ;; using dx here saves 1 byte
 E6CA  51		      C     push cx
 E6CB  33 C9		      C     xor cx, cx
 E6CD			      C Int15_C2_TryAuxFull_Loop:
 E6CD  51		      C     push cx
 E6CE  E8 F243		      C     call Out_8042_Aux_Full
 E6D1  59		      C     pop cx
 E6D2  E1 F9		      C     loopz short Int15_C2_TryAuxFull_Loop
 E6D4  59		      C     pop cx
 E6D5  C3		      C     retn
 E6D6			      C 
			      C ;;;;;;;;;;;;;;;;;;;;;;;;;;;;;;;;;;;;;;;;;;;;;;;;;;;;;;
			      C ; Update Code Cave location
 = E6D6			      C CODECAVE_HDDParams = $
			      C ; !!!!!!!!!!!!!!!!!!!!!!!!!!!!!!!!!!
			      C ; We put some of the external helper functions outside the HDD code cave!
			      C ; This is because else that bigass code cave is still not enough...
			      C     ORG offset CODECAVE_ROMCopyright0
			      C 
			      C ;;;;;;;;;;;;;;;;;;;;;;;;;;;;;;;;;;;;;;;;;;;;;;;;;;;;;;
			      C ; Wait for AUX Command Response
			      C ; cf: 0 = No error, 1 = error
			      C ; Returns Error code for C2 Exit in al
 0000			      C Int15h_C2_WaitAck:
			      C     ; Try and wait for AUX buffer to be full
 0000  E8 E6C7		      C     call Int15_C2_TryAuxFull
 0003  74 0E		      C     jz short Int15h_C2_WaitAck_GenericError
			      C     ; Check Ack Code
 0005  E4 60		      C     in al, KBC_DataPort
 0007  3C FA		      C     cmp al, KBC_Aux_Code_Ack
 0009  74 13		      C     je short Int15h_C2_WaitAck_Success
			      C     ; Check Resend Code
 000B  3C FE		      C     cmp al, KBC_Aux_Code_Resend
 000D  75 04		      C     jne short Int15h_C2_WaitAck_GenericError
			      C     ; Resend code was returned
 000F  B0 04		      C     mov al, Int15h_AH_Resend
 0011  EB 02		      C     jmp short Int15h_C2_WaitAck_Error
			      C 
			      C ;; Flags Interface Error in AL
 0013			      C Int15h_C2_WaitAck_GenericError:
 0013  B0 03		      C     mov al, Int15h_AH_InterfaceError
			      C     ; fallthrough
 0015			      C Int15h_C2_WaitAck_Error:
			      C     ; Error happened, clear packet size in 27h byte
 0015  80 26 0027 F0	      C     and byte ptr ds:Mouse_PacketSizeFlags, 0f0h
			      C     ; Set carry flag (cf 1 = error)
 001A  B4 01		      C     mov ah, 1
 001C  EB 02		      C     jmp short Int15h_C2_WaitAck_Exit
			      C 
 001E			      C Int15h_C2_WaitAck_Success:
			      C     ; Clear error code & Carry flag for stack frame
 001E  33 C0		      C     xor ax, ax
			      C 
 0020			      C Int15h_C2_WaitAck_Exit:
			      C     ; Set ZF according to result
 0020  0C 00		      C     or al, 0
 0022  C3		      C     ret
			      C 
			      C ;;;;;;;;;;;;;;;;;;;;;;;;;;;;;;;;;;;;;;;;;;;;;;;;;;;;;;
			      C ; Read data from the mouse when the aux output buffer is full
			      C ; zf: 0 = data in AL, 1 = error or no data
 0023			      C ReadAuxData:
			      C     ; Try and wait for AUX buffer to be full
 0023  E8 E6A4		      C     call Int15_C2_TryAuxFull
			      C     ; Read the data - if there is none, the result can be discarded by the caller
 0026  E4 60		      C     in al, KBC_DataPort
			      C     ; Doesn't affect flags, so the zero flag will contain result of AUX buffer wait
 0028			      C ReadAuxData_ReturnInstruction:
 0028  C3		      C     ret
			      C 
			      C ;;;;;;;;;;;;;;;;;;;;;;;;;;;;;;;;;;;;;;;;;;;;;;;;;;;;;;
			      C ; SIZE OPTIMIZATION!!!!
			      C ; ReadAuxData but it DOES NOT return on error, instead it pops the return address and moves DIRECTLY
			      C ; to the C2 interface error!!
 0029			      C ReadAuxData_NoReturnOnError:
			      C     ; Read the data. Return as normal in case of success...
 0029  E8 FFF7		      C     call ReadAuxData
			      C     ; ... using another function's return instruction :D
 002C  75 FA		      C     jnz short ReadAuxData_ReturnInstruction
 002E			      C ReadAuxData_Error:
			      C     ; Discard return address into an unused register
 002E  5E		      C     pop si
 002F  E9 E5AC		      C     jmp Int15h_C2_InterfaceError
			      C 
			      C ;;;;;;;;;;;;;;;;;;;;;;;;;;;;;;;;;;;;;;;;;;;;;;;;;;;;;;
			      C ; SIZE OPTIMIZATION!!!!
			      C ; This calls two functions:
			      C ; 1.    Out_8042_Aux - but does NOT return on error, instead it pops the return address and moves DIRECTLY to the C2 interface error!!
			      C ;       This function sends a byte to the mouse.
			      C ; 2.    Int15h_C2_WaitAck - but does NOT return on error, instead it pops the return address and moves DIRECTLY to the C2 EXIT!!
			      C ;       EXIT because WaitAck already fills out all the result stuff on the stack frame
			      C ;       This function sends a byte to the mouse.
			      C ;       
 0032			      C Out_8042_Aux_And_WaitAck_NoReturnOnError:
 0032  E8 D89F		      C     call Out_8042_Aux
 0035  75 F7		      C     jnz short ReadAuxData_Error
			      C     ; Fall through
			      C 
			      C ;;;;;;;;;;;;;;;;;;;;;;;;;;;;;;;;;;;;;;;;;;;;;;;;;;;;;;
			      C ; SIZE OPTIMIZATION!!!!
			      C ;  Int15h_C2_WaitAck but does NOT return on error, instead it pops the return address and moves DIRECTLY to the C2 EXIT!!
			      C ;  EXIT because WaitAck already fills out all the result stuff on the stack frame
 0037			      C Int15h_C2_WaitAck_NoReturnOnError:
 0037  E8 FFC6		      C     call Int15h_C2_WaitAck
 003A  74 EC		      C     jz short ReadAuxData_ReturnInstruction
 003C  5E		      C     pop si ; register can be trashed, save 1 byte :))
 003D  E9 E5A6		      C     jmp Int15h_C2_Exit
			      C 
			      C ;;;;;;;;;;;;;;;;;;;;;;;;;;;;;;;;;;;;;;;;;;;;;;;;;;;;;;
			      C ; Int15h C2 Sub function table, 16 bytes
 0040			      C Int15h_C2_SubFunctionTable:
 0040  E5FE R		      C     dw offset Int15h_C2_EnableDisableMouse
 0042  E612 R		      C     dw offset Int15h_C2_ResetMouse
 0044  E645 R		      C     dw offset Int15h_C2_SetSamplingRate
 0046  E65C R		      C     dw offset Int15h_C2_SetResolution
 0048  E66C R		      C     dw offset Int15h_C2_ReadDeviceType
 004A  E675 R		      C     dw offset Int15h_C2_MouseInit
 004C  E682 R		      C     dw offset Int15h_C2_ExtendedCommand
 004E  E6AB R		      C     dw offset Int15h_C2_SetDriverFarCall
			      C 
			      C ;; [o866] thoughts
			      C ;; We could save 8 bytes here by only storing the 8 bit offset to the
			      C ;; very first function but the problem is that scattered code caves
			      C ;; may require us to store different functions in different locations
			      C ;; in the ROM, so it is not practical
			      C 
			      C ;;;;;;;;;;;;;;;;;;;;;;;;;;;;;;;;;;;;;;;;;;;;;;;;;;;;;;
			      C ; Sample Rate Conversion Table (reports per second)
 0050			      C Int15h_C2_SampleRateTable:
 0050  0A		      C     db 0ah  ; 00 = 10  reports/second
 0051  14		      C     db 14h  ; 01 = 20  reports/second
 0052  28		      C     db 28h  ; 02 = 40  reports/second
 0053  3C		      C     db 3ch  ; 03 = 60  reports/second
 0054  50		      C     db 50h  ; 04 = 80  reports/second
 0055  64		      C     db 64h  ; 05 = 100 reports/second
 0056  C8		      C     db 0c8h ; 06 = 200 reports/second
			      C 
			      C ;;;;;;;;;;;;;;;;;;;;;;;;;;;;;;;;;;;;;;;;;;;;;;;;;;;;;;
			      C ; Packet size translation table
			      C ;; Some of these can be expressed as pars of others
			      C ;; size1:   db 6                ; 1
			      C ;; size2:   db 6,7              ; 2
			      C ;; size3:   db 6,4,2            ; 3
			      C ;; size4:   db 6,7,4,2          ; 4
 0057 06 04 02 05 03	      C size5:      db 6,4,2,5,3        ; 5
 005C 06 07 04 02 05 03	      C size6:      db 6,7,4,2,5,3      ; 6
 0062 06 04 02 00 05 03	      C size7:      db 6,4,2,0,5,3,1    ; 7
       01
 0069 06 07 04 02 00 05	      C size8:      db 6,7,4,2,0,5,3,1  ; 8
       03 01
			      C 
 0071			      C PacketSizeTable:
 0071  0057 R		      C 		dw	offset size5    ;; size1
 0073  005C R		      C 		dw	offset size6    ;; size2
 0075  0057 R		      C 		dw	offset size5    ;; size3
 0077  005C R		      C 		dw	offset size6    ;; size4
 0079  0057 R		      C 		dw	offset size5
 007B  005C R		      C 		dw	offset size6
 007D  0062 R		      C 		dw	offset size7
 007F  0069 R		      C 		dw	offset size8
 0081			      C ;;;;;;;;;;;;;;;;;;;;;;;;;;;;;;;;;;;;;;;;;;;;;;;;;;;;;;
			      C ; Update ROM Copyright 0 code cave location
 = 0081			      C CODECAVE_ROMCopyright0 = $
			      C 
			      C ;;;;;;;;;;;;;;;;;;;;;;;;;;;;;;;;;;;;;;;;;;;;;;;;;;;;;;
			      C ; Bend Int15 handler to call our MouseFunction...function for C1/C2
			      C     org offset Int15_CheckMouse
 D931  80 FC C1		      C     cmp ah, 0C1h
			      C     _JNZ NoC1
 D934  0F 85		     1C     db 0fh, 085h
 D936  0003		     1C     dw (offset NoC1)-$-2
 D938  E9 0C5A		      C     jmp Int15h_MouseFunction
 D93B			      C NoC1:
 D93B  80 FC C2		      C     cmp ah, 0C2h
			      C     _JNZ NoC2
 D93E  0F 85		     1C     db 0fh, 085h
 D940  0003		     1C     dw (offset NoC2)-$-2
 D942  E9 0C50		      C     jmp Int15h_MouseFunction
 D945			      C NoC2:
 D945			      C Int15h_ContinueProcessing:
			      C 
			      C ;;;;;;;;;;;;;;;;;;;;;;;;;;;;;;;;;;;;;;;;;;;;;;;;;;;;;;
			      C ; Set new IRQ12 Address
			      C     org offset SetupMouse_SetIRQ12Handler
 8543  8C C8		      C     mov ax, cs
 8545  C7 06 01D0 E4EC R      C     mov word ptr ds:1d0h, offset IRQ12_New
 854B  A3 01D2		      C     mov ds:1d2h, ax
			      C 
			      C ;;;;;;;;;;;;;;;;;;;;;;;;;;;;;;;;;;;;;;;;;;;;;;;;;;;;;;
			      C ; Enable mouse support in the BIOS features byte
			      C     org offset Sys_BiosSupportedFeatures
 FFEC  81		      C     db ((CONST_BiosSupportedFeatures) OR 080h)
			      C 
 FFED			      C SEG_15 ENDS
			      C 

				    ; Skip EPA logo fadeout animation
				    include ..\__scripts\nofadeout.inc
			      C ; Include this file to disable EPA Logo fadeout
			      C 
			      C     MESSAGE NOFADEOUT, 'Removing EPA Logo Fadeout'
			      C     PATCH_CODE_START
 FFED			     1C     SEG_15 SEGMENT USE16 PARA PUBLIC 'CODE'
			      C     org offset PerformSingleFadeStep
 0C68  C3		      C     retn
			      C     PATCH_CODE_END
 0C69			     1C     SEG_15 ENDS
			      C 

				    ; Fix HDD size/display limit
				    include ..\__scripts\hddfix.inc
			      C ; AWARD 4.5x HDD bug fix code
			      C ; Include this file, if a supported BUGGY function is known then it will apply the fix
			      C 
			      C IFDEF CalculateHDDSize_BUGGY1
			      C 
			      C     MESSAGE HDDFIX, 'Fixing HDD Size Calculation bug #1'
			      C ; Jan Steunebrink HDD calculation fix
			      C     PATCH_CODE_START
 0C69			     1C     SEG_15 SEGMENT USE16 PARA PUBLIC 'CODE'
			      C     ORG offset CalculateHDDSize_BUGGY1
 56B6  51		      C     push cx
 56B7  8A 86 0096	      C     mov al, [bp+96h]
 56BB  32 ED		      C     xor ch, ch
 56BD  8A 8E 009B	      C     mov cl, [bp+9bh]
 56C1  C0 E1 02		      C     shl cl, 2
 56C4  F6 E1		      C     mul cl
 56C6  8B 8E 0094	      C     mov cx, [bp+94h]
 56CA  F7 E1		      C     mul cx
 56CC  B9 2000		      C     mov cx, 2000h
 56CF  F7 F1		      C     div cx
 56D1  89 86 009C	      C     mov [bp+9ch], ax
 56D5  59		      C     pop cx
			      C     PATCH_CODE_END
 56D6			     1C     SEG_15 ENDS
			      C ENDIF
			      C 

				    ; Add 5x86 mouse support
 = 0001				    CPU_5X86_FIX_OERG866 = 1
 = 0006				    CPU_5X86_STRING_TABLE_INDEX = 6
				    include ..\__scripts\5x86.inc
			      C ; Some code to make it easier to add 5x86 support to AWARD 4.5x BIOSes.
			      C ; CPU_5X86_FIX_OERG866 must be defined,
			      C ; CPU_5X86_STRING_TABLE_INDEX must be defined
			      C 
			      C IFDEF CPU_5X86_FIX_OERG866
			      C SEGLBL orig_NotX4, SEG_15, G_15, (CalculateBusSpeed+06h)
 56D6			     1C SEG_15 SEGMENT USE16 PARA PUBLIC 'CODE'
 20FA			     1C orig_NotX4:
 20FA			     1C SEG_15 ENDS
			      C SEGLBL orig_DoCalc, SEG_15, G_15, (CalculateBusSpeed+18h)
 20FA			     1C SEG_15 SEGMENT USE16 PARA PUBLIC 'CODE'
 210C			     1C orig_DoCalc:
 210C			     1C SEG_15 ENDS
			      C     MESSAGE 5x86, 'Fixing CalculateBusSpeed for x4 Multi'
			      C 
			      C     PATCH_CODE_START
 210C			     1C     SEG_15 SEGMENT USE16 PARA PUBLIC 'CODE'
			      C 
			      C     ORG offset CalculateBusSpeed
			      C     FAR_JMP G_15, CalculateBusSpeed_o866
 20F4  EA		     1C             DB 0EAh
 20F5  0081 R		     1C             dw CalculateBusSpeed_o866
 20F7  ---- R		     1C             dw G_15
			      C 
			      C     ORG offset CODECAVE_ROMCopyright0
 0081			      C CalculateBusSpeed_o866:
 0081  32 FF		      C     xor bh, bh
 0083  8B C3		      C     mov ax, bx
			      C 
			      C     ; Is this quadruple clock?
 0085  F6 46 3F 20	      C     test byte ptr [bp+3Fh], 20h
 0089  E6 80		      C     out 80h, al
 008B  74 07		      C     jz short NotX4
 008D  B3 04		      C     mov     bl, 4
			      C     FAR_JMP G_15, orig_DoCalc
 008F  EA		     1C             DB 0EAh
 0090  210C R		     1C             dw orig_DoCalc
 0092  ---- R		     1C             dw G_15
 0094			      C NotX4:
			      C     FAR_JMP G_15, orig_NotX4
 0094  EA		     1C             DB 0EAh
 0095  20FA R		     1C             dw orig_NotX4
 0097  ---- R		     1C             dw G_15
 0099			      C 
			      C 
 = 0099			      C CODECAVE_ROMCopyright0 = $
			      C 
			      C     PATCH_CODE_END
 0099			     1C     SEG_15 ENDS
			      C 
			      C 
			      C ;;;;;;;;;;;;;;;;;;;;;;;;;;;;;;;;;;;;;;;;;;;;;;;;;;;;;
			      C ; In case of a 94/95 BIOS, we can override the CPU detection ID
			      C ; including the string table value.
			      C ; Do note that you MOST LIKELY have to do manual patching
			      C ; to apply this ID somewhere, if your BIOS
			      C ; doesn't have a known entry to wedge support into
			      C IFDEF CPU_5X86_STRING_TABLE_INDEX
			      C     MESSAGE 5x86, 'Adding Am5x86 string to table'
			      C     PATCH_CODE_START
 0099			     1C     SEG_15 SEGMENT USE16 PARA PUBLIC 'CODE'
			      C 
			      C     ORG (offset CPUNameTable)+(CPU_5X86_STRING_TABLE_INDEX * 2)
 81DE  E000 R		      C     dw CPUSTR_5x86
			      C 
			      C     ORG offset CODECAVE_ROMCopyright1
 E000 41 6D 35 78 38 36	      C CPUSTR_5x86:    db 'Am5x86',0
       00
 E007 = E007		      C     CODECAVE_ROMCopyright1 = $
			      C 
			      C     PATCH_CODE_END
 E007			     1C     SEG_15 ENDS
			      C ENDIF 
			      C 
			      C ;;;;;;;;;;;;;;;;;;;;;;;;;;;;;;;;;;;;;;;;;;;;;;;;;;;;;
			      C ; In case the BIOS has a buggy option to disable Internal Cache WB/WT setting
			      C IFDEF MenuChipsetSetup_CMOSIsWBCPU_Buggy
			      C     MESSAGE 5x86, 'Fixing menu option hiding'
			      C     PATCH_CODE_START
 E007			     1C     SEG_15 SEGMENT USE16 PARA PUBLIC 'CODE'
			      C     ORG offset MenuChipsetSetup_CMOSIsWBCPU_Buggy
 8E94  B0 BF		      C     mov al, 0BFh
 8E96  E8 5AF1		      C     call ReadCMOSByte
 8E99  24 08		      C     and al, 08h
 8E9B  3C 08		      C     cmp al, 08h
 8E9D  C3		      C     retn
			      C     PATCH_CODE_END
 8E9E			     1C     SEG_15 ENDS
			      C ENDIF
			      C 
			      C ;;;;;;;;;;;;;;;;;;;;;;;;;;;;;;;;;;;;;;;;;;;;;;;;;;;;;
			      C ; In case an incomplete extended AMD CPU check exists, update it
			      C 
			      C IFDEF FinalizeCPUSetup_IncompleteAMDCheck
			      C     MESSAGE 5x86, 'Fixing incomplete AMD CPU detection in CMOS 3D/3F Finalization'
			      C 
			      C     PATCH_CODE_START
 8E9E			     1C     SEG_15 SEGMENT USE16 PARA PUBLIC 'CODE'
			      C 
			      C     ORG offset CODECAVE_ROMCopyright1
 E007			      C AMDCheck5x86:
			      C     ; Previous condition holds true, so in case we land here from there
			      C     ; skip our ammended checks
 E007  74 12		      C     jz short AMDCheck5x86_Exit
			      C 
 E009  3D 04E0		      C     cmp ax, 04E0h                       ; 4E0 = 5x86 Write Through
 E00C  75 04		      C     jnz short AMDCheck5x86_Not5x86_WT
 E00E  B6 30		      C     mov dh, 030h                        ; 4x multi, Green CPU
 E010  EB 07		      C     jmp short AMDCheck5x86_SetID 
			      C 
 E012			      C AMDCheck5x86_Not5x86_WT:
 E012  3D 04F0		      C     cmp ax, 04F0h                       ; 4F0 = 5x86 Write Back
 E015  75 04		      C     jnz short AMDCheck5x86_Exit
 E017  B6 38		      C     mov dh, 038h                        ; 4x multi, Green CPU, Write Back
			      C 
 E019			      C AMDCheck5x86_SetID:
 E019  B2 8D		      C     mov dl, ((CPU_5X86_STRING_TABLE_INDEX * 2) OR 081h)
			      C 
 E01B			      C AMDCheck5x86_Exit:
 E01B  E8 A447		      C     call CMOS_ApplyCPUFeatureBits
 E01E  C3		      C     retn
 E01F			      C 
 = E01F			      C     CODECAVE_ROMCopyright1 = $
			      C 
			      C     ORG (offset FinalizeCPUSetup_IncompleteAMDCheck)+8
			      C     ; instead of CMOS_ApplyCPUFeatureBits
 83AD  E8 5C57		      C     call AMDCheck5x86
			      C 
			      C     PATCH_CODE_END
 83B0			     1C     SEG_15 ENDS
			      C 
			      C ENDIF
			      C 
			      C ENDIF
			      C 


				    ;;;;;;;;;;;;;;;;;;;;;;;;;;;;;;;;;;;;;;;;;;;;;
				    ; BIOS INFO / Copyright string
				    PATCH_CODE_START
 83B0			     1	    SEG_15 SEGMENT USE16 PARA PUBLIC 'CODE'


				    ORG offset Str_BiosInfo
 E0C1  10 E109 R		    S_CallRoutine <, offset SetCyan>
 E0C4  53 6F 79 6F 20 53	    db 'Soyo SY-025L Mod Bios (C) 2026 E. Voirin (oerg866)'
       59 2D 30 32 35 4C
       20 4D 6F 64 20 42
       69 6F 73 20 28 43
       29 20 32 30 32 36
       20 45 2E 20 56 6F
       69 72 69 6E 20 28
       6F 65 72 67 38 36
       36 29
 E0F6  0B			    db V_NEWLINE
 E0F7  56 30 2E 36 61 20	    db 'V0.6a (', STRINGIFY(@Date), ')'
       28 30 38 2F 31 30
       2F 32 36 29
 E107  08			    db V_NORMAL
 E108  00			    db 0
				    
 E109				SetCyan:
 E109  C6 86 0080 0B		    mov byte ptr [bp+BP_TextAttr], 00Bh
 E10E  C3			    retn

				    PATCH_CODE_END
 E10F			     1	    SEG_15 ENDS

				    END
				    
Microsoft (R) Macro Assembler Version 6.14.8444		    08/10/26 06:13:38
patch.asm						     Symbols 2 - 1




Macros:

                N a m e                 Type

FAR_CALL . . . . . . . . . . . .	Proc
FAR_JMP  . . . . . . . . . . . .	Proc
HDD_MenuItem_Override  . . . . .	Proc
IODELAY  . . . . . . . . . . . .	Proc
LBL  . . . . . . . . . . . . . .	Proc
MESSAGE  . . . . . . . . . . . .	Proc
PATCH_CODE_END . . . . . . . . .	Proc
PATCH_CODE_START . . . . . . . .	Proc
POSTCODE . . . . . . . . . . . .	Proc
SEGLBL . . . . . . . . . . . . .	Proc
STRINGIFY  . . . . . . . . . . .	Func
UNHIDE_OPTION  . . . . . . . . .	Proc
_JA  . . . . . . . . . . . . . .	Proc
_JNZ . . . . . . . . . . . . . .	Proc
_JZ  . . . . . . . . . . . . . .	Proc


Structures and Unions:

                N a m e                  Size
                                         Offset      Type

AwardChipsetRegisters  . . . . .	 0007
  ItemType . . . . . . . . . . .	 0000	     Byte
  Index  . . . . . . . . . . . .	 0001	     Byte
  PCIDeviceFuncDev . . . . . . .	 0002	     Byte
  RegMask  . . . . . . . . . . .	 0003	     Word
  Value  . . . . . . . . . . . .	 0005	     Word
CPU_Support_Entry_486  . . . . .	 0006
  CMOS_PROC_ID_3D  . . . . . . .	 0000	     Byte
  CMOS_DATA_3F . . . . . . . . .	 0001	     Byte
  ResetID_FROM . . . . . . . . .	 0002	     Word
  ResetID_TO . . . . . . . . . .	 0004	     Word
MenuHeader . . . . . . . . . . .	 0006
  PageStart  . . . . . . . . . .	 0000	     Word
  PageEnd  . . . . . . . . . . .	 0002	     Word
  StartupString  . . . . . . . .	 0004	     Word
MenuItem . . . . . . . . . . . .	 0019
  ItemStatus . . . . . . . . . .	 0000	     Word
  ItemName . . . . . . . . . . .	 0002	     Word
  ChipsetReg . . . . . . . . . .	 0004	     Word
  ChipsetRegMask . . . . . . . .	 0006	     Word
  CMOSLoc  . . . . . . . . . . .	 0008	     Byte
  CMOSMask . . . . . . . . . . .	 0009	     Word
  FirstItemString  . . . . . . .	 000B	     Word
  MinVal . . . . . . . . . . . .	 000D	     Word
  MaxVal . . . . . . . . . . . .	 000F	     Word
  ItemX  . . . . . . . . . . . .	 0011	     Byte
  ItemY  . . . . . . . . . . . .	 0012	     Byte
  PowerOnDefault . . . . . . . .	 0013	     Word
  SetupDefault . . . . . . . . .	 0015	     Word
  HelpString . . . . . . . . . .	 0017	     Word
S_CallRoutine  . . . . . . . . .	 0003
  field_0  . . . . . . . . . . .	 0000	     Byte
  routine  . . . . . . . . . . .	 0001	     Word
S_SetPos . . . . . . . . . . . .	 0003
  field_0  . . . . . . . . . . .	 0000	     Byte
  x  . . . . . . . . . . . . . .	 0001	     Byte
  y  . . . . . . . . . . . . . .	 0002	     Byte
S_StrShow  . . . . . . . . . . .	 0005
  field_0  . . . . . . . . . . .	 0000	     Byte
  x  . . . . . . . . . . . . . .	 0001	     Byte
  y  . . . . . . . . . . . . . .	 0002	     Byte
  string . . . . . . . . . . . .	 0003	     Word


Segments and Groups:

                N a m e                 Size     Length   Align   Combine Class

DGROUP . . . . . . . . . . . . .	GROUP
_DATA  . . . . . . . . . . . . .	16 Bit	 0000	  Word	  Public  'DATA'	
G_15 . . . . . . . . . . . . . .	16 Bit	 0000	  Abs	  Private 
SEG_15 . . . . . . . . . . . . .	16 Bit	 00010000 Para	  Public  'CODE'	
_TEXT  . . . . . . . . . . . . .	16 Bit	 0000	  Word	  Public  'CODE'	


Symbols:

                N a m e                 Type     Value    Attr

??0000 . . . . . . . . . . . . .	Text   	 '08/10/26'
@CodeSize  . . . . . . . . . . .	Number	 0000h	 
@DataSize  . . . . . . . . . . .	Number	 0000h	 
@Interface . . . . . . . . . . .	Number	 0000h	 
@Model . . . . . . . . . . . . .	Number	 0002h	 
@code  . . . . . . . . . . . . .	Text   	 _TEXT
@data  . . . . . . . . . . . . .	Text   	 DGROUP
@fardata?  . . . . . . . . . . .	Text   	 FAR_BSS
@fardata . . . . . . . . . . . .	Text   	 FAR_DATA
@stack . . . . . . . . . . . . .	Text   	 DGROUP
AMDCheck5x86_Exit  . . . . . . .	L Near	 E01B	  SEG_15	
AMDCheck5x86_Not5x86_WT  . . . .	L Near	 E012	  SEG_15	
AMDCheck5x86_SetID . . . . . . .	L Near	 E019	  SEG_15	
AMDCheck5x86 . . . . . . . . . .	L Near	 E007	  SEG_15	
APM_Service  . . . . . . . . . .	L Near	 898D	  SEG_15	
BIOS_SupportsDualChannel . . . .	Number	 0001h	 
BIOS_SysBiosMenuEntries  . . . .	Number	 0006h	 
BIOS_SysBiosMenuTablePtr . . . .	L Near	 F85D	  SEG_15	
BIOS_SysBiosMenuTable  . . . . .	L Near	 2801	  SEG_15	
BIOS_VERSION . . . . . . . . . .	Number	 4500h	 
BP_ClipBottomY . . . . . . . . .	Number	 01A5h	 
BP_CurrentColorStyle . . . . . .	Number	 012Bh	 
BP_TextAttr  . . . . . . . . . .	Number	 0080h	 
Bios_RAM_Segment . . . . . . . .	Number	 0040h	 
CMOS_ApplyCPUFeatureBits . . . .	L Near	 8465	  SEG_15	
CMOS_ClearSMIBit . . . . . . . .	L Near	 844C	  SEG_15	
CMOS_IsSMIBitSet . . . . . . . .	L Near	 845B	  SEG_15	
CODECAVE_HDDParams . . . . . . .	Number	 E6D6h	 
CODECAVE_ROMCopyright0 . . . . .	Number	 0099h	 
CODECAVE_ROMCopyright1 . . . . .	Number	 E01Fh	 
CONST_BiosSupportedFeatures  . .	Number	 0001h	 
CPUClockTable  . . . . . . . . .	Number	 2132h	 
CPUNameTable . . . . . . . . . .	Number	 81D2h	 
CPUSTR_5x86  . . . . . . . . . .	L Near	 E000	  SEG_15	
CPUSTR_Unknown . . . . . . . . .	Number	 8248h	 
CPUSupportTable  . . . . . . . .	Number	 2E7Fh	 
CPU_5X86_FIX_OERG866 . . . . . .	Number	 0001h	 
CPU_5X86_STRING_TABLE_INDEX  . .	Number	 0006h	 
CalculateBusSpeed_o866 . . . . .	L Near	 0081	  SEG_15	
CalculateBusSpeed  . . . . . . .	L Near	 20F4	  SEG_15	
CalculateHDDSize_BUGGY1  . . . .	L Near	 56B6	  SEG_15	
CheckCTRLAltDel  . . . . . . . .	L Near	 C770	  SEG_15	
CheckIfWarmReboot  . . . . . . .	L Near	 2167	  SEG_15	
ClearEPAAreaAndFadeOut . . . . .	L Near	 0BBC	  SEG_15	
ClearEPAArea . . . . . . . . . .	L Near	 0CB3	  SEG_15	
Cmd_DisableData  . . . . . . . .	Number	 00F5h	 
Cmd_EnableData . . . . . . . . .	Number	 00F4h	 
Cmd_ReadData . . . . . . . . . .	Number	 00EBh	 
Cmd_ReadDeviceType . . . . . . .	Number	 00F2h	 
Cmd_Resend . . . . . . . . . . .	Number	 00FEh	 
Cmd_ResetScaling . . . . . . . .	Number	 00E6h	 
Cmd_ResetWrapMode  . . . . . . .	Number	 00ECh	 
Cmd_Reset  . . . . . . . . . . .	Number	 00FFh	 
Cmd_SetDefault . . . . . . . . .	Number	 00F6h	 
Cmd_SetRemoteMode  . . . . . . .	Number	 00F0h	 
Cmd_SetResolution  . . . . . . .	Number	 00E8h	 
Cmd_SetSamplingRate  . . . . . .	Number	 00F3h	 
Cmd_SetScaling . . . . . . . . .	Number	 00E7h	 
Cmd_SetStreamMode  . . . . . . .	Number	 00EAh	 
Cmd_SetWrapMode  . . . . . . . .	Number	 00EEh	 
Cmd_StatusRequest  . . . . . . .	Number	 00E9h	 
ColorStyle_ContainsGreen . . . .	L Near	 2887	  SEG_15	
ColorStyle_Default . . . . . . .	L Near	 284B	  SEG_15	
DisableAOBFIrq_Execute . . . . .	L Near	 E6BC	  SEG_15	
DisableAOBFIrq_SkipSuccess . . .	L Near	 E6C5	  SEG_15	
DisableAOBFIrq . . . . . . . . .	L Near	 E6BA	  SEG_15	
DisableMenuItem  . . . . . . . .	L Near	 3DB8	  SEG_15	
DispStr_CRLF . . . . . . . . . .	L Near	 27D0	  SEG_15	
DispStr_CR . . . . . . . . . . .	L Near	 27EC	  SEG_15	
DispStr_LF . . . . . . . . . . .	L Near	 27D7	  SEG_15	
DispStr_RestoreTextAttr  . . . .	L Near	 386B	  SEG_15	
DisplayMemMsg  . . . . . . . . .	L Near	 1720	  SEG_15	
Display_CS_String  . . . . . . .	L Near	 10E1	  SEG_15	
Display_String . . . . . . . . .	L Near	 3696	  SEG_15	
DrawAwardRibbon  . . . . . . . .	L Near	 105B	  SEG_15	
EPAFadeOutLoop . . . . . . . . .	L Near	 0C01	  SEG_15	
EnableAOBFIrq  . . . . . . . . .	L Near	 E6C6	  SEG_15	
EnableProtMode . . . . . . . . .	L Near	 1134	  SEG_15	
ExitProtModeAfterMemtest . . . .	L Near	 11BC	  SEG_15	
FinaliseCPUSetup_OpcodeErrorHandler 	L Near	 8426	  SEG_15	
FinalizeCPUSetup_IncompleteAMDCheck 	L Near	 83A5	  SEG_15	
GetCPUString . . . . . . . . . .	L Near	 81AC	  SEG_15	
GetDisplaySwitch . . . . . . . .	L Near	 0D92	  SEG_15	
GetXBDASegmentIntoDS . . . . . .	L Near	 E58C	  SEG_15	
HDDC_Items . . . . . . . . . . .	Byte	 E401	  SEG_15	
HDDD_Items . . . . . . . . . . .	Byte	 E43B	  SEG_15	
HDDE_Items . . . . . . . . . . .	Byte	 E475	  SEG_15	
HDDF_Items . . . . . . . . . . .	Byte	 E4B1	  SEG_15	
HDD_PresetTable  . . . . . . . .	Number	 E401h	 
IRQ12Handler . . . . . . . . . .	Number	 D8D0h	 
IRQ12_DoFarCall  . . . . . . . .	L Near	 E549	  SEG_15	
IRQ12_Exit . . . . . . . . . . .	L Near	 E57F	  SEG_15	
IRQ12_New  . . . . . . . . . . .	L Near	 E4EC	  SEG_15	
IRQ12_SetStackLoop . . . . . . .	L Near	 E56D	  SEG_15	
ITEM_Disabled  . . . . . . . . .	Number	 0008h	 
InitCpuTypeFromTable . . . . . .	L Near	 7F7B	  SEG_15	
Int15_C2_ResetMouse_ReadLastByteAndJumpOnSuccess . L Near   E637     SEG_15	
Int15_C2_TryAuxFull_Loop . . . .	L Near	 E6CD	  SEG_15	
Int15_C2_TryAuxFull  . . . . . .	L Near	 E6CA	  SEG_15	
Int15_CheckMouse . . . . . . . .	L Near	 D931	  SEG_15	
Int15h_AH_InterfaceError . . . .	Number	 0003h	 
Int15h_AH_InvalidFunction  . . .	Number	 0001h	 
Int15h_AH_InvalidInput . . . . .	Number	 0002h	 
Int15h_AH_NoFarCallInstalled . .	Number	 0005h	 
Int15h_AH_Resend . . . . . . . .	Number	 0004h	 
Int15h_AH_Success  . . . . . . .	Number	 0000h	 
Int15h_C1_Exit . . . . . . . . .	L Near	 E5F1	  SEG_15	
Int15h_C1_Handler  . . . . . . .	L Near	 E5BC	  SEG_15	
Int15h_C2_BP_Command . . . . . .	Text   	 byte ptr [bp+0fh]
Int15h_C2_BP_Error . . . . . . .	Text   	 byte ptr [bp+11h]
Int15h_C2_BP_Flags . . . . . . .	Text   	 word ptr [bp+16h]
Int15h_C2_BP_Offset  . . . . . .	Text   	 word ptr [bp+0eh]
Int15h_C2_BP_Segment . . . . . .	Text   	 word ptr [bp+02h]
Int15h_C2_BP_SubFunction . . . .	Text   	 byte ptr [bp+10h]
Int15h_C2_BP_bh  . . . . . . . .	Text   	 byte ptr [bp+0fh]
Int15h_C2_BP_bl  . . . . . . . .	Text   	 byte ptr [bp+0eh]
Int15h_C2_BP_cl  . . . . . . . .	Text   	 byte ptr [bp+0ch]
Int15h_C2_BP_dl  . . . . . . . .	Text   	 byte ptr [bp+0ah]
Int15h_C2_EnableDisableMouse_NotDisable  L Near	  E60D	   SEG_15	
Int15h_C2_EnableDisableMouse . .	L Near	 E5FE	  SEG_15	
Int15h_C2_ErrorExit  . . . . . .	L Near	 E5E4	  SEG_15	
Int15h_C2_Exit . . . . . . . . .	L Near	 E5E6	  SEG_15	
Int15h_C2_ExtendedCommand_GetStatus 	L Near	 E696	  SEG_15	
Int15h_C2_ExtendedCommand_Scale21_Execute  L Near   E693     SEG_15	
Int15h_C2_ExtendedCommand  . . .	L Near	 E682	  SEG_15	
Int15h_C2_Handler  . . . . . . .	L Near	 E5C1	  SEG_15	
Int15h_C2_InterfaceError . . . .	L Near	 E5DE	  SEG_15	
Int15h_C2_InvalidFunctionError .	L Near	 E5D6	  SEG_15	
Int15h_C2_InvalidInputError  . .	L Near	 E5DA	  SEG_15	
Int15h_C2_MouseInit  . . . . . .	L Near	 E675	  SEG_15	
Int15h_C2_NoFarCallInstalledError 	L Near	 E5E2	  SEG_15	
Int15h_C2_ReadDeviceType . . . .	L Near	 E66C	  SEG_15	
Int15h_C2_ResetMouse_Execute . .	L Near	 E616	  SEG_15	
Int15h_C2_ResetMouse_GetID . . .	L Near	 E632	  SEG_15	
Int15h_C2_ResetMouse_TryLoop . .	L Near	 E620	  SEG_15	
Int15h_C2_ResetMouse . . . . . .	L Near	 E612	  SEG_15	
Int15h_C2_SampleRateTable  . . .	L Near	 0050	  SEG_15	
Int15h_C2_SendByteWaitAckAndExit .	L Near	 E60D	  SEG_15	
Int15h_C2_SetDriverFarCall . . .	L Near	 E6AB	  SEG_15	
Int15h_C2_SetResolution  . . . .	L Near	 E65C	  SEG_15	
Int15h_C2_SetSamplingRate  . . .	L Near	 E645	  SEG_15	
Int15h_C2_SubFunctionTable . . .	L Near	 0040	  SEG_15	
Int15h_C2_Success  . . . . . . .	L Near	 E5D2	  SEG_15	
Int15h_C2_WaitAck_Error  . . . .	L Near	 0015	  SEG_15	
Int15h_C2_WaitAck_Exit . . . . .	L Near	 0020	  SEG_15	
Int15h_C2_WaitAck_GenericError .	L Near	 0013	  SEG_15	
Int15h_C2_WaitAck_NoReturnOnError 	L Near	 0037	  SEG_15	
Int15h_C2_WaitAck_Success  . . .	L Near	 001E	  SEG_15	
Int15h_C2_WaitAck  . . . . . . .	L Near	 0000	  SEG_15	
Int15h_ContinueProcessing  . . .	L Near	 D945	  SEG_15	
Int15h_Handler . . . . . . . . .	L Near	 D920	  SEG_15	
Int15h_MouseFunction . . . . . .	L Near	 E595	  SEG_15	
Int15h_MousePresent  . . . . . .	L Near	 E5A4	  SEG_15	
KBC_Aux_Code_Ack . . . . . . . .	Number	 00FAh	 
KBC_Aux_Code_Error . . . . . . .	Number	 00FCh	 
KBC_Aux_Code_Resend  . . . . . .	Number	 00FEh	 
KBC_Aux_Code_SelfTestOK  . . . .	Number	 00AAh	 
KBC_DataPort . . . . . . . . . .	Number	 0060h	 
KBC_WriteCMD . . . . . . . . . .	Number	 0060h	 
MenuChipsetSetup_CMOSIsWBCPU_Buggy .	L Near	 8E94	  SEG_15	
Menu_BiosFeaturesSetup . . . . .	L Near	 280D	  SEG_15	
Menu_ChipsetFeaturesSetup  . . .	L Near	 2813	  SEG_15	
Menu_PciConfigurationSetup . . .	L Near	 281F	  SEG_15	
Menu_PowerManagementSetup  . . .	L Near	 2819	  SEG_15	
Menu_StandardCmosSetup . . . . .	L Near	 2807	  SEG_15	
Menuitem_HDD_C . . . . . . . . .	L Near	 4AB4	  SEG_15	
Menuitem_HDD_D . . . . . . . . .	L Near	 4B7C	  SEG_15	
Menuitem_HDD_E . . . . . . . . .	L Near	 4C44	  SEG_15	
Menuitem_HDD_F . . . . . . . . .	L Near	 4D0C	  SEG_15	
Menuitem_HIDDEN_AutoDoze_FLAGS .	Number	 4028h	 
Menuitem_HIDDEN_AutoDoze . . . .	L Near	 6903	  SEG_15	
Menuitem_HIDDEN_AutoStandby_FLAGS 	Number	 4028h	 
Menuitem_HIDDEN_AutoStandby  . .	L Near	 6935	  SEG_15	
Menuitem_HIDDEN_BootUpFloppySeek_FLAGS . Number	  0008h	  
Menuitem_HIDDEN_BootUpFloppySeek .	L Near	 596C	  SEG_15	
Menuitem_HIDDEN_BootUpSystemSpeed_FLAGS  Number	  0008h	  
Menuitem_HIDDEN_BootUpSystemSpeed 	L Near	 599E	  SEG_15	
Menuitem_HIDDEN_BreakSwitch_FLAGS 	Number	 0028h	 
Menuitem_HIDDEN_BreakSwitch  . .	L Near	 6854	  SEG_15	
Menuitem_HIDDEN_DaylightSaving_FLAGS .	Number	 0008h	 
Menuitem_HIDDEN_DaylightSaving .	L Near	 4A37	  SEG_15	
Menuitem_HIDDEN_DmaClock_FLAGS .	Number	 0008h	 
Menuitem_HIDDEN_DmaClock . . . .	L Near	 63F8	  SEG_15	
Menuitem_HIDDEN_DramWriteBurst_FLAGS .	Number	 0008h	 
Menuitem_HIDDEN_DramWriteBurst .	L Near	 629A	  SEG_15	
Menuitem_HIDDEN_E0000E7fffShadow_FLAGS . Number	  0008h	  
Menuitem_HIDDEN_E0000E7fffShadow .	L Near	 5AE3	  SEG_15	
Menuitem_HIDDEN_E8000EffffShadow_FLAGS . Number	  0008h	  
Menuitem_HIDDEN_E8000EffffShadow .	L Near	 5AFC	  SEG_15	
Menuitem_HIDDEN_FastResetEmulation_FLAGS . Number   0008h   
Menuitem_HIDDEN_FastResetEmulation .	L Near	 637B	  SEG_15	
Menuitem_HIDDEN_FastResetLatency_FLAGS . Number	  0008h	  
Menuitem_HIDDEN_FastResetLatency .	L Near	 6394	  SEG_15	
Menuitem_HIDDEN_HiddenRefresh_FLAGS 	Number	 0008h	 
Menuitem_HIDDEN_HiddenRefresh  .	L Near	 62CC	  SEG_15	
Menuitem_HIDDEN_InternalCacheWbWt_FLAGS  Number	  0008h	  
Menuitem_HIDDEN_InternalCacheWbWt 	L Near	 62E5	  SEG_15	
Menuitem_HIDDEN_LatchLocalBus_FLAGS 	Number	 4008h	 
Menuitem_HIDDEN_LatchLocalBus  .	L Near	 63AD	  SEG_15	
Menuitem_HIDDEN_LocalBusReady_FLAGS 	Number	 0008h	 
Menuitem_HIDDEN_LocalBusReady  .	L Near	 63C6	  SEG_15	
Menuitem_HIDDEN_MaDriveCapacity_FLAGS 	Number	 0008h	 
Menuitem_HIDDEN_MaDriveCapacity 	L Near	 6236	  SEG_15	
Menuitem_HIDDEN_MemoryHoleSize_FLAGS .	Number	 0008h	 
Menuitem_HIDDEN_MemoryHoleSize .	L Near	 63DF	  SEG_15	
Menuitem_HIDDEN_MemoryRelocation_FLAGS . Number	  0008h	  
Menuitem_HIDDEN_MemoryRelocation .	L Near	 6411	  SEG_15	
Menuitem_HIDDEN_PmMode_FLAGS . .	Number	 0028h	 
Menuitem_HIDDEN_PmMode . . . . .	L Near	 683B	  SEG_15	
Menuitem_HIDDEN_SlowRefresh_FLAGS 	Number	 0008h	 
Menuitem_HIDDEN_SlowRefresh  . .	L Near	 62B3	  SEG_15	
Menuitem_HIDDEN_SystemBiosShadow_FLAGS . Number	  0008h	  
Menuitem_HIDDEN_SystemBiosShadow .	L Near	 5A66	  SEG_15	
Menuitem_HIDDEN_Unnamed_FLAGS  .	Number	 0008h	 
Menuitem_HIDDEN_Unnamed  . . . .	L Near	 4026	  SEG_15	
Menuitem_HIDDEN_VirusWarning_FLAGS .	Number	 0008h	 
Menuitem_HIDDEN_VirusWarning . .	L Near	 58D6	  SEG_15	
Mouse_AuxData  . . . . . . . . .	Number	 0028h	 
Mouse_CheckDataPacket_End  . . .	L Near	 E547	  SEG_15	
Mouse_CheckDataPacket_Loop . . .	L Near	 E51B	  SEG_15	
Mouse_CheckDataPacket  . . . . .	L Near	 E518	  SEG_15	
Mouse_CountIndex . . . . . . . .	Number	 0026h	 
Mouse_DriverFarCallFlag  . . . .	Number	 0080h	 
Mouse_FarCallOffset  . . . . . .	Number	 0022h	 
Mouse_FarCallSegment . . . . . .	Number	 0024h	 
Mouse_PacketSizeFlags  . . . . .	Number	 0027h	 
NoC1 . . . . . . . . . . . . . .	L Near	 D93B	  SEG_15	
NoC2 . . . . . . . . . . . . . .	L Near	 D945	  SEG_15	
NotX4  . . . . . . . . . . . . .	L Near	 0094	  SEG_15	
OutPort16  . . . . . . . . . . .	L Near	 109E	  SEG_15	
Out_8042_Aux_And_WaitAck_NoReturnOnError . L Near   0032     SEG_15	
Out_8042_Aux_Full  . . . . . . .	L Near	 D914	  SEG_15	
Out_8042_Aux . . . . . . . . . .	L Near	 D8D4	  SEG_15	
Out_8042_Full  . . . . . . . . .	L Near	 CA50	  SEG_15	
Out_8042 . . . . . . . . . . . .	L Near	 CA3C	  SEG_15	
PRESET_COUNT . . . . . . . . . .	Number	 002Fh	 
PacketSizeTable  . . . . . . . .	L Near	 0071	  SEG_15	
PerformSingleFadeStep  . . . . .	L Near	 0C68	  SEG_15	
PrintPOSTStrings_Full  . . . . .	L Near	 0E2E	  SEG_15	
RAM_Bios_Hardware  . . . . . . .	Number	 0010h	 
RAM_ExtData_Segment_ID . . . . .	Number	 000Eh	 
ReadAuxData_Error  . . . . . . .	L Near	 002E	  SEG_15	
ReadAuxData_NoReturnOnError  . .	L Near	 0029	  SEG_15	
ReadAuxData_ReturnInstruction  .	L Near	 0028	  SEG_15	
ReadAuxData  . . . . . . . . . .	L Near	 0023	  SEG_15	
ReadCMOSByte_2 . . . . . . . . .	L Near	 9A26	  SEG_15	
ReadCMOSByte . . . . . . . . . .	L Near	 E98A	  SEG_15	
Reboot . . . . . . . . . . . . .	L Near	 E3D4	  SEG_15	
RoundOffClock  . . . . . . . . .	L Near	 2122	  SEG_15	
STR_Auto . . . . . . . . . . . .	Text   	 'Auto'
STR_None . . . . . . . . . . . .	Text   	 'None'
STR_User . . . . . . . . . . . .	Text   	 'User'
SendCommandToKBC . . . . . . . .	L Near	 D8DA	  SEG_15	
SetCursorPosition  . . . . . . .	L Near	 2718	  SEG_15	
SetCyan  . . . . . . . . . . . .	L Near	 E109	  SEG_15	
SetPaletteEntry  . . . . . . . .	L Near	 0BA2	  SEG_15	
SetupMouse_SetIRQ12Handler . . .	L Near	 8543	  SEG_15	
SetupMouse . . . . . . . . . . .	L Near	 84FC	  SEG_15	
SkipWritingResultIntoBH  . . . .	L Near	 E643	  SEG_15	
Str_AnEnergyStarAlly . . . . . .	L Near	 0DC3	  SEG_15	
Str_AwardBiosVersion . . . . . .	L Near	 E061	  SEG_15	
Str_BiosInfo . . . . . . . . . .	L Near	 E0C1	  SEG_15	
Str_BiosString . . . . . . . . .	Number	 EC71h	 
Str_Copyright  . . . . . . . . .	L Near	 E091	  SEG_15	
Str_SetupMenuCopyright . . . . .	L Near	 3FAD	  SEG_15	
Sys_BiosConfigTable  . . . . . .	Number	 E6F5h	 
Sys_BiosSupportedFeatures  . . .	Number	 FFECh	 
Sys_ChipsetInitTablePtr  . . . .	Number	 F85Fh	 
Sys_ChipsetInitTableendPtr . . .	Number	 F861h	 
V_ADDX . . . . . . . . . . . . .	Number	 000Ch	 
V_ADDY . . . . . . . . . . . . .	Number	 000Eh	 
V_BLINK  . . . . . . . . . . . .	Number	 0009h	 
V_BORDER . . . . . . . . . . . .	Number	 0002h	 
V_CALLROUTINE  . . . . . . . . .	Number	 0010h	 
V_CLEAR  . . . . . . . . . . . .	Number	 0003h	 
V_DONE1  . . . . . . . . . . . .	Number	 0001h	 
V_DONE . . . . . . . . . . . . .	Number	 0000h	 
V_HILITE . . . . . . . . . . . .	Number	 0006h	 
V_NEWLINE  . . . . . . . . . . .	Number	 000Bh	 
V_NORMAL . . . . . . . . . . . .	Number	 0008h	 
V_POS  . . . . . . . . . . . . .	Number	 0005h	 
V_REVERSE  . . . . . . . . . . .	Number	 0007h	 
V_STRSHOW  . . . . . . . . . . .	Number	 0004h	 
V_SUBX . . . . . . . . . . . . .	Number	 000Dh	 
V_SUBY . . . . . . . . . . . . .	Number	 000Fh	 
V_WARN . . . . . . . . . . . . .	Number	 000Ah	 
Wait_Refresh . . . . . . . . . .	L Near	 EDCC	  SEG_15	
WriteCMOSByte  . . . . . . . . .	L Near	 E99B	  SEG_15	
Write_Character  . . . . . . . .	L Near	 38C3	  SEG_15	
fdsfsd . . . . . . . . . . . . .	L Near	 E69E	  SEG_15	
orig_DoCalc  . . . . . . . . . .	L Near	 210C	  SEG_15	
orig_NotX4 . . . . . . . . . . .	L Near	 20FA	  SEG_15	
size5  . . . . . . . . . . . . .	L Near	 0057	  SEG_15	
size6  . . . . . . . . . . . . .	L Near	 005C	  SEG_15	
size7  . . . . . . . . . . . . .	L Near	 0062	  SEG_15	
size8  . . . . . . . . . . . . .	L Near	 0069	  SEG_15	

	   0 Warnings
	   0 Errors
